year,month,district,blood_group,registrations,emergency_requests,demand
2022,1,Chennai,A+,61,8,68
2022,1,Chennai,A-,48,0,31
2022,1,Chennai,B+,17,5,29
2022,1,Chennai,B-,12,3,10
2022,1,Chennai,AB+,47,7,33
2022,1,Chennai,AB-,59,4,31
2022,1,Chennai,O+,31,0,24
2022,1,Chennai,O-,23,0,13
2022,1,Coimbatore,A+,70,11,87
2022,1,Coimbatore,A-,37,11,46
2022,1,Coimbatore,B+,42,6,51
2022,1,Coimbatore,B-,9,8,24
2022,1,Coimbatore,AB+,44,13,48
2022,1,Coimbatore,AB-,22,13,27
2022,1,Coimbatore,O+,23,8,43
2022,1,Coimbatore,O-,5,8,22
2022,1,Madurai,A+,43,12,65
2022,1,Madurai,A-,56,6,43
2022,1,Madurai,B+,31,9,40
2022,1,Madurai,B-,70,1,36
2022,1,Madurai,AB+,66,12,56
2022,1,Madurai,AB-,44,9,30
2022,1,Madurai,O+,68,6,88
2022,1,Madurai,O-,8,9,32
2022,1,Salem,A+,27,4,26
2022,1,Salem,A-,8,0,1
2022,1,Salem,B+,43,2,38
2022,1,Salem,B-,63,14,53
2022,1,Salem,AB+,22,4,18
2022,1,Salem,AB-,56,13,37
2022,1,Salem,O+,29,7,47
2022,1,Salem,O-,44,3,30
2022,1,Trichy,A+,33,4,33
2022,1,Trichy,A-,37,2,27
2022,1,Trichy,B+,50,7,52
2022,1,Trichy,B-,35,10,30
2022,1,Trichy,AB+,44,9,34
2022,1,Trichy,AB-,46,5,28
2022,1,Trichy,O+,21,3,32
2022,1,Trichy,O-,57,11,56
2022,1,Vellore,A+,31,6,39
2022,1,Vellore,A-,62,4,45
2022,1,Vellore,B+,60,11,68
2022,1,Vellore,B-,49,12,50
2022,1,Vellore,AB+,12,13,31
2022,1,Vellore,AB-,74,6,42
2022,1,Vellore,O+,30,9,62
2022,1,Vellore,O-,10,2,8
2022,1,Erode,A+,58,7,69
2022,1,Erode,A-,39,2,23
2022,1,Erode,B+,10,6,28
2022,1,Erode,B-,27,12,37
2022,1,Erode,AB+,55,13,46
2022,1,Erode,AB-,36,0,7
2022,1,Erode,O+,32,1,32
2022,1,Erode,O-,41,12,50
2022,1,Tirunelveli,A+,23,2,21
2022,1,Tirunelveli,A-,19,7,25
2022,1,Tirunelveli,B+,65,4,58
2022,1,Tirunelveli,B-,63,6,36
2022,1,Tirunelveli,AB+,72,1,37
2022,1,Tirunelveli,AB-,58,10,29
2022,1,Tirunelveli,O+,16,9,38
2022,1,Tirunelveli,O-,56,9,51
2022,1,Thoothukudi,A+,60,1,46
2022,1,Thoothukudi,A-,17,14,33
2022,1,Thoothukudi,B+,29,5,29
2022,1,Thoothukudi,B-,76,3,40
2022,1,Thoothukudi,AB+,63,8,45
2022,1,Thoothukudi,AB-,18,12,21
2022,1,Thoothukudi,O+,56,8,79
2022,1,Thoothukudi,O-,76,7,69
2022,1,Namakkal,A+,41,5,44
2022,1,Namakkal,A-,29,3,22
2022,1,Namakkal,B+,61,4,58
2022,1,Namakkal,B-,65,6,39
2022,1,Namakkal,AB+,24,2,9
2022,1,Namakkal,AB-,41,2,19
2022,1,Namakkal,O+,20,12,52
2022,1,Namakkal,O-,7,11,23
2022,1,Dharmapuri,A+,48,14,77
2022,1,Dharmapuri,A-,46,1,21
2022,1,Dharmapuri,B+,28,4,25
2022,1,Dharmapuri,B-,18,9,32
2022,1,Dharmapuri,AB+,41,9,42
2022,1,Dharmapuri,AB-,57,1,29
2022,1,Dharmapuri,O+,60,12,97
2022,1,Dharmapuri,O-,39,3,31
2022,1,Krishnagiri,A+,78,8,88
2022,1,Krishnagiri,A-,38,7,32
2022,1,Krishnagiri,B+,31,8,44
2022,1,Krishnagiri,B-,78,11,64
2022,1,Krishnagiri,AB+,7,11,23
2022,1,Krishnagiri,AB-,43,13,34
2022,1,Krishnagiri,O+,27,13,65
2022,1,Krishnagiri,O-,40,13,63
2022,1,Dindigul,A+,24,13,59
2022,1,Dindigul,A-,60,12,62
2022,1,Dindigul,B+,41,2,29
2022,1,Dindigul,B-,66,0,38
2022,1,Dindigul,AB+,47,9,34
2022,1,Dindigul,AB-,21,5,8
2022,1,Dindigul,O+,36,2,36
2022,1,Dindigul,O-,63,14,80
2022,1,Thanjavur,A+,27,1,25
2022,1,Thanjavur,A-,74,9,52
2022,1,Thanjavur,B+,66,13,75
2022,1,Thanjavur,B-,40,5,34
2022,1,Thanjavur,AB+,37,4,26
2022,1,Thanjavur,AB-,32,6,26
2022,1,Thanjavur,O+,63,2,70
2022,1,Thanjavur,O-,47,1,29
2022,1,Karur,A+,57,7,62
2022,1,Karur,A-,42,6,28
2022,1,Karur,B+,31,4,40
2022,1,Karur,B-,11,5,8
2022,1,Karur,AB+,33,2,25
2022,1,Karur,AB-,19,0,11
2022,1,Karur,O+,37,12,75
2022,1,Karur,O-,24,0,22
2022,2,Chennai,A+,20,13,44
2022,2,Chennai,A-,61,13,58
2022,2,Chennai,B+,41,12,54
2022,2,Chennai,B-,75,11,48
2022,2,Chennai,AB+,15,8,15
2022,2,Chennai,AB-,23,5,12
2022,2,Chennai,O+,57,9,73
2022,2,Chennai,O-,5,14,39
2022,2,Coimbatore,A+,31,8,48
2022,2,Coimbatore,A-,14,3,20
2022,2,Coimbatore,B+,12,0,16
2022,2,Coimbatore,B-,33,4,18
2022,2,Coimbatore,AB+,8,0,2
2022,2,Coimbatore,AB-,46,5,27
2022,2,Coimbatore,O+,69,12,96
2022,2,Coimbatore,O-,38,0,33
2022,2,Madurai,A+,57,11,78
2022,2,Madurai,A-,5,13,28
2022,2,Madurai,B+,22,4,34
2022,2,Madurai,B-,71,5,42
2022,2,Madurai,AB+,31,4,20
2022,2,Madurai,AB-,39,14,28
2022,2,Madurai,O+,65,6,80
2022,2,Madurai,O-,5,2,11
2022,2,Salem,A+,71,13,90
2022,2,Salem,A-,43,2,30
2022,2,Salem,B+,73,6,63
2022,2,Salem,B-,60,11,55
2022,2,Salem,AB+,47,13,44
2022,2,Salem,AB-,22,4,12
2022,2,Salem,O+,65,0,63
2022,2,Salem,O-,18,8,37
2022,2,Trichy,A+,77,3,66
2022,2,Trichy,A-,35,9,40
2022,2,Trichy,B+,70,4,58
2022,2,Trichy,B-,54,1,35
2022,2,Trichy,AB+,19,8,25
2022,2,Trichy,AB-,12,9,19
2022,2,Trichy,O+,60,4,74
2022,2,Trichy,O-,46,12,53
2022,2,Vellore,A+,38,9,52
2022,2,Vellore,A-,50,7,38
2022,2,Vellore,B+,59,4,56
2022,2,Vellore,B-,61,7,42
2022,2,Vellore,AB+,68,0,31
2022,2,Vellore,AB-,47,7,20
2022,2,Vellore,O+,50,0,44
2022,2,Vellore,O-,19,9,41
2022,2,Erode,A+,69,14,92
2022,2,Erode,A-,47,1,27
2022,2,Erode,B+,38,1,24
2022,2,Erode,B-,73,3,47
2022,2,Erode,AB+,72,8,52
2022,2,Erode,AB-,54,9,31
2022,2,Erode,O+,34,4,51
2022,2,Erode,O-,49,13,63
2022,2,Tirunelveli,A+,8,5,28
2022,2,Tirunelveli,A-,49,1,23
2022,2,Tirunelveli,B+,64,0,44
2022,2,Tirunelveli,B-,32,12,31
2022,2,Tirunelveli,AB+,35,14,45
2022,2,Tirunelveli,AB-,48,6,26
2022,2,Tirunelveli,O+,31,5,37
2022,2,Tirunelveli,O-,26,7,31
2022,2,Thoothukudi,A+,28,11,45
2022,2,Thoothukudi,A-,16,3,23
2022,2,Thoothukudi,B+,64,8,69
2022,2,Thoothukudi,B-,57,12,50
2022,2,Thoothukudi,AB+,64,9,53
2022,2,Thoothukudi,AB-,55,2,25
2022,2,Thoothukudi,O+,69,10,92
2022,2,Thoothukudi,O-,26,9,45
2022,2,Namakkal,A+,28,13,57
2022,2,Namakkal,A-,27,9,25
2022,2,Namakkal,B+,76,4,60
2022,2,Namakkal,B-,31,13,44
2022,2,Namakkal,AB+,29,1,13
2022,2,Namakkal,AB-,47,2,23
2022,2,Namakkal,O+,45,7,61
2022,2,Namakkal,O-,50,11,59
2022,2,Dharmapuri,A+,19,10,44
2022,2,Dharmapuri,A-,28,2,19
2022,2,Dharmapuri,B+,12,11,35
2022,2,Dharmapuri,B-,20,5,18
2022,2,Dharmapuri,AB+,65,12,48
2022,2,Dharmapuri,AB-,62,12,45
2022,2,Dharmapuri,O+,67,9,90
2022,2,Dharmapuri,O-,23,6,31
2022,2,Krishnagiri,A+,28,6,46
2022,2,Krishnagiri,A-,65,4,38
2022,2,Krishnagiri,B+,33,1,24
2022,2,Krishnagiri,B-,9,11,19
2022,2,Krishnagiri,AB+,66,1,31
2022,2,Krishnagiri,AB-,15,12,18
2022,2,Krishnagiri,O+,24,5,43
2022,2,Krishnagiri,O-,30,6,32
2022,2,Dindigul,A+,29,12,51
2022,2,Dindigul,A-,14,1,14
2022,2,Dindigul,B+,62,7,69
2022,2,Dindigul,B-,56,3,28
2022,2,Dindigul,AB+,32,8,26
2022,2,Dindigul,AB-,38,10,33
2022,2,Dindigul,O+,21,11,46
2022,2,Dindigul,O-,60,12,73
2022,2,Thanjavur,A+,41,12,70
2022,2,Thanjavur,A-,44,13,48
2022,2,Thanjavur,B+,59,13,75
2022,2,Thanjavur,B-,36,10,30
2022,2,Thanjavur,AB+,73,1,35
2022,2,Thanjavur,AB-,49,4,18
2022,2,Thanjavur,O+,30,13,73
2022,2,Thanjavur,O-,42,0,29
2022,2,Karur,A+,31,0,21
2022,2,Karur,A-,19,13,28
2022,2,Karur,B+,34,1,27
2022,2,Karur,B-,43,12,44
2022,2,Karur,AB+,41,4,34
2022,2,Karur,AB-,27,9,25
2022,2,Karur,O+,32,9,54
2022,2,Karur,O-,55,1,42
2022,3,Chennai,A+,72,14,93
2022,3,Chennai,A-,77,2,50
2022,3,Chennai,B+,39,10,53
2022,3,Chennai,B-,21,6,15
2022,3,Chennai,AB+,30,14,44
2022,3,Chennai,AB-,30,8,15
2022,3,Chennai,O+,78,13,118
2022,3,Chennai,O-,52,14,69
2022,3,Coimbatore,A+,45,11,62
2022,3,Coimbatore,A-,23,0,8
2022,3,Coimbatore,B+,45,7,45
2022,3,Coimbatore,B-,69,14,59
2022,3,Coimbatore,AB+,8,13,33
2022,3,Coimbatore,AB-,25,9,19
2022,3,Coimbatore,O+,73,14,109
2022,3,Coimbatore,O-,14,2,8
2022,3,Madurai,A+,36,8,57
2022,3,Madurai,A-,19,1,9
2022,3,Madurai,B+,39,2,32
2022,3,Madurai,B-,75,9,48
2022,3,Madurai,AB+,30,2,25
2022,3,Madurai,AB-,39,11,24
2022,3,Madurai,O+,20,2,19
2022,3,Madurai,O-,73,11,72
2022,3,Salem,A+,16,12,47
2022,3,Salem,A-,43,3,28
2022,3,Salem,B+,52,7,54
2022,3,Salem,B-,59,13,56
2022,3,Salem,AB+,14,1,16
2022,3,Salem,AB-,28,7,24
2022,3,Salem,O+,38,8,55
2022,3,Salem,O-,30,14,50
2022,3,Trichy,A+,40,13,64
2022,3,Trichy,A-,7,11,27
2022,3,Trichy,B+,78,11,86
2022,3,Trichy,B-,27,6,18
2022,3,Trichy,AB+,62,11,47
2022,3,Trichy,AB-,56,10,35
2022,3,Trichy,O+,9,5,24
2022,3,Trichy,O-,22,14,40
2022,3,Vellore,A+,58,8,67
2022,3,Vellore,A-,64,8,54
2022,3,Vellore,B+,15,2,22
2022,3,Vellore,B-,9,5,12
2022,3,Vellore,AB+,57,13,44
2022,3,Vellore,AB-,30,2,13
2022,3,Vellore,O+,45,14,86
2022,3,Vellore,O-,12,7,25
2022,3,Erode,A+,17,10,39
2022,3,Erode,A-,64,10,60
2022,3,Erode,B+,50,2,39
2022,3,Erode,B-,17,7,26
2022,3,Erode,AB+,23,0,17
2022,3,Erode,AB-,66,14,47
2022,3,Erode,O+,36,13,66
2022,3,Erode,O-,75,5,59
2022,3,Tirunelveli,A+,60,10,67
2022,3,Tirunelveli,A-,27,13,42
2022,3,Tirunelveli,B+,65,3,49
2022,3,Tirunelveli,B-,6,12,26
2022,3,Tirunelveli,AB+,77,11,49
2022,3,Tirunelveli,AB-,27,3,14
2022,3,Tirunelveli,O+,35,13,71
2022,3,Tirunelveli,O-,49,9,61
2022,3,Thoothukudi,A+,36,2,42
2022,3,Thoothukudi,A-,65,1,33
2022,3,Thoothukudi,B+,19,14,46
2022,3,Thoothukudi,B-,60,10,47
2022,3,Thoothukudi,AB+,24,5,17
2022,3,Thoothukudi,AB-,19,13,30
2022,3,Thoothukudi,O+,18,8,39
2022,3,Thoothukudi,O-,54,0,34
2022,3,Namakkal,A+,19,7,42
2022,3,Namakkal,A-,47,10,51
2022,3,Namakkal,B+,65,5,63
2022,3,Namakkal,B-,43,8,31
2022,3,Namakkal,AB+,39,0,20
2022,3,Namakkal,AB-,13,10,24
2022,3,Namakkal,O+,64,13,105
2022,3,Namakkal,O-,72,12,79
2022,3,Dharmapuri,A+,36,5,42
2022,3,Dharmapuri,A-,42,6,41
2022,3,Dharmapuri,B+,67,8,67
2022,3,Dharmapuri,B-,19,1,8
2022,3,Dharmapuri,AB+,41,7,39
2022,3,Dharmapuri,AB-,72,0,20
2022,3,Dharmapuri,O+,52,2,52
2022,3,Dharmapuri,O-,43,10,45
2022,3,Krishnagiri,A+,57,1,48
2022,3,Krishnagiri,A-,64,11,61
2022,3,Krishnagiri,B+,39,8,42
2022,3,Krishnagiri,B-,38,14,43
2022,3,Krishnagiri,AB+,23,10,29
2022,3,Krishnagiri,AB-,67,1,29
2022,3,Krishnagiri,O+,53,5,60
2022,3,Krishnagiri,O-,70,0,47
2022,3,Dindigul,A+,5,12,39
2022,3,Dindigul,A-,13,14,29
2022,3,Dindigul,B+,14,0,19
2022,3,Dindigul,B-,49,1,29
2022,3,Dindigul,AB+,42,2,27
2022,3,Dindigul,AB-,63,0,31
2022,3,Dindigul,O+,47,3,56
2022,3,Dindigul,O-,65,5,48
2022,3,Thanjavur,A+,68,3,67
2022,3,Thanjavur,A-,49,0,22
2022,3,Thanjavur,B+,26,1,21
2022,3,Thanjavur,B-,29,14,32
2022,3,Thanjavur,AB+,47,0,25
2022,3,Thanjavur,AB-,24,4,11
2022,3,Thanjavur,O+,30,8,60
2022,3,Thanjavur,O-,34,0,26
2022,3,Karur,A+,42,12,69
2022,3,Karur,A-,32,3,21
2022,3,Karur,B+,28,12,43
2022,3,Karur,B-,21,4,16
2022,3,Karur,AB+,68,9,46
2022,3,Karur,AB-,35,8,20
2022,3,Karur,O+,50,1,51
2022,3,Karur,O-,54,11,59
2022,4,Chennai,A+,45,4,63
2022,4,Chennai,A-,74,0,59
2022,4,Chennai,B+,14,9,38
2022,4,Chennai,B-,71,9,71
2022,4,Chennai,AB+,20,5,30
2022,4,Chennai,AB-,40,12,42
2022,4,Chennai,O+,31,7,64
2022,4,Chennai,O-,57,10,76
2022,4,Coimbatore,A+,9,8,32
2022,4,Coimbatore,A-,52,6,54
2022,4,Coimbatore,B+,28,8,56
2022,4,Coimbatore,B-,79,13,80
2022,4,Coimbatore,AB+,13,4,20
2022,4,Coimbatore,AB-,15,11,27
2022,4,Coimbatore,O+,65,2,85
2022,4,Coimbatore,O-,59,3,65
2022,4,Madurai,A+,29,14,77
2022,4,Madurai,A-,60,10,67
2022,4,Madurai,B+,27,7,44
2022,4,Madurai,B-,62,3,51
2022,4,Madurai,AB+,78,14,78
2022,4,Madurai,AB-,44,14,44
2022,4,Madurai,O+,43,7,84
2022,4,Madurai,O-,49,12,81
2022,4,Salem,A+,38,9,66
2022,4,Salem,A-,19,5,28
2022,4,Salem,B+,75,1,77
2022,4,Salem,B-,5,8,19
2022,4,Salem,AB+,6,9,20
2022,4,Salem,AB-,72,11,51
2022,4,Salem,O+,24,4,48
2022,4,Salem,O-,48,11,75
2022,4,Trichy,A+,42,14,85
2022,4,Trichy,A-,33,1,22
2022,4,Trichy,B+,33,10,71
2022,4,Trichy,B-,67,6,50
2022,4,Trichy,AB+,24,14,53
2022,4,Trichy,AB-,62,6,37
2022,4,Trichy,O+,11,6,42
2022,4,Trichy,O-,65,10,91
2022,4,Vellore,A+,53,10,89
2022,4,Vellore,A-,74,14,84
2022,4,Vellore,B+,19,9,43
2022,4,Vellore,B-,16,8,33
2022,4,Vellore,AB+,30,13,52
2022,4,Vellore,AB-,34,12,37
2022,4,Vellore,O+,66,10,116
2022,4,Vellore,O-,21,6,38
2022,4,Erode,A+,74,5,90
2022,4,Erode,A-,61,4,49
2022,4,Erode,B+,74,5,79
2022,4,Erode,B-,79,3,59
2022,4,Erode,AB+,48,9,43
2022,4,Erode,AB-,22,4,13
2022,4,Erode,O+,65,8,116
2022,4,Erode,O-,48,2,49
2022,4,Tirunelveli,A+,41,12,78
2022,4,Tirunelveli,A-,62,11,73
2022,4,Tirunelveli,B+,30,14,75
2022,4,Tirunelveli,B-,55,8,50
2022,4,Tirunelveli,AB+,69,0,50
2022,4,Tirunelveli,AB-,79,2,39
2022,4,Tirunelveli,O+,26,4,48
2022,4,Tirunelveli,O-,58,1,51
2022,4,Thoothukudi,A+,48,6,75
2022,4,Thoothukudi,A-,16,4,22
2022,4,Thoothukudi,B+,34,8,65
2022,4,Thoothukudi,B-,51,11,52
2022,4,Thoothukudi,AB+,32,13,50
2022,4,Thoothukudi,AB-,20,11,32
2022,4,Thoothukudi,O+,59,3,89
2022,4,Thoothukudi,O-,23,1,26
2022,4,Namakkal,A+,79,13,130
2022,4,Namakkal,A-,60,6,65
2022,4,Namakkal,B+,15,10,44
2022,4,Namakkal,B-,49,6,52
2022,4,Namakkal,AB+,28,10,45
2022,4,Namakkal,AB-,40,0,24
2022,4,Namakkal,O+,8,0,9
2022,4,Namakkal,O-,60,10,79
2022,4,Dharmapuri,A+,29,9,55
2022,4,Dharmapuri,A-,56,5,59
2022,4,Dharmapuri,B+,74,5,93
2022,4,Dharmapuri,B-,65,0,35
2022,4,Dharmapuri,AB+,16,13,46
2022,4,Dharmapuri,AB-,38,6,27
2022,4,Dharmapuri,O+,73,7,108
2022,4,Dharmapuri,O-,35,11,62
2022,4,Krishnagiri,A+,46,3,64
2022,4,Krishnagiri,A-,79,11,90
2022,4,Krishnagiri,B+,6,14,50
2022,4,Krishnagiri,B-,39,10,44
2022,4,Krishnagiri,AB+,79,2,54
2022,4,Krishnagiri,AB-,20,3,16
2022,4,Krishnagiri,O+,72,11,123
2022,4,Krishnagiri,O-,48,8,63
2022,4,Dindigul,A+,46,3,64
2022,4,Dindigul,A-,32,11,51
2022,4,Dindigul,B+,5,3,14
2022,4,Dindigul,B-,33,7,31
2022,4,Dindigul,AB+,28,8,43
2022,4,Dindigul,AB-,60,13,56
2022,4,Dindigul,O+,57,13,123
2022,4,Dindigul,O-,47,0,40
2022,4,Thanjavur,A+,15,3,28
2022,4,Thanjavur,A-,25,6,34
2022,4,Thanjavur,B+,24,4,34
2022,4,Thanjavur,B-,21,9,40
2022,4,Thanjavur,AB+,9,13,36
2022,4,Thanjavur,AB-,56,0,34
2022,4,Thanjavur,O+,40,4,65
2022,4,Thanjavur,O-,53,5,61
2022,4,Karur,A+,31,4,40
2022,4,Karur,A-,47,2,37
2022,4,Karur,B+,13,12,54
2022,4,Karur,B-,69,13,79
2022,4,Karur,AB+,36,3,26
2022,4,Karur,AB-,64,6,35
2022,4,Karur,O+,65,5,93
2022,4,Karur,O-,55,9,78
2022,5,Chennai,A+,29,10,59
2022,5,Chennai,A-,12,1,15
2022,5,Chennai,B+,26,13,66
2022,5,Chennai,B-,43,8,43
2022,5,Chennai,AB+,26,8,41
2022,5,Chennai,AB-,38,3,30
2022,5,Chennai,O+,63,7,100
2022,5,Chennai,O-,58,2,55
2022,5,Coimbatore,A+,22,7,46
2022,5,Coimbatore,A-,11,9,26
2022,5,Coimbatore,B+,66,1,61
2022,5,Coimbatore,B-,35,9,38
2022,5,Coimbatore,AB+,39,12,57
2022,5,Coimbatore,AB-,53,14,41
2022,5,Coimbatore,O+,72,1,83
2022,5,Coimbatore,O-,41,14,79
2022,5,Madurai,A+,32,13,76
2022,5,Madurai,A-,14,7,34
2022,5,Madurai,B+,32,4,44
2022,5,Madurai,B-,11,3,9
2022,5,Madurai,AB+,61,10,62
2022,5,Madurai,AB-,18,7,23
2022,5,Madurai,O+,36,4,54
2022,5,Madurai,O-,52,7,67
2022,5,Salem,A+,79,1,85
2022,5,Salem,A-,35,4,28
2022,5,Salem,B+,43,9,74
2022,5,Salem,B-,51,10,49
2022,5,Salem,AB+,24,4,22
2022,5,Salem,AB-,58,0,28
2022,5,Salem,O+,72,12,130
2022,5,Salem,O-,28,12,60
2022,5,Trichy,A+,73,10,114
2022,5,Trichy,A-,14,7,22
2022,5,Trichy,B+,77,5,91
2022,5,Trichy,B-,24,2,24
2022,5,Trichy,AB+,14,2,15
2022,5,Trichy,AB-,44,11,37
2022,5,Trichy,O+,9,10,46
2022,5,Trichy,O-,71,7,80
2022,5,Vellore,A+,35,14,90
2022,5,Vellore,A-,63,5,53
2022,5,Vellore,B+,71,14,110
2022,5,Vellore,B-,5,10,30
2022,5,Vellore,AB+,73,6,67
2022,5,Vellore,AB-,37,12,45
2022,5,Vellore,O+,46,14,114
2022,5,Vellore,O-,56,1,57
2022,5,Erode,A+,69,0,75
2022,5,Erode,A-,42,6,38
2022,5,Erode,B+,46,11,74
2022,5,Erode,B-,43,9,49
2022,5,Erode,AB+,77,5,60
2022,5,Erode,AB-,77,10,55
2022,5,Erode,O+,33,3,53
2022,5,Erode,O-,20,8,36
2022,5,Tirunelveli,A+,79,8,104
2022,5,Tirunelveli,A-,31,6,42
2022,5,Tirunelveli,B+,64,2,72
2022,5,Tirunelveli,B-,47,12,53
2022,5,Tirunelveli,AB+,20,11,31
2022,5,Tirunelveli,AB-,78,2,43
2022,5,Tirunelveli,O+,24,9,69
2022,5,Tirunelveli,O-,64,5,74
2022,5,Thoothukudi,A+,55,2,65
2022,5,Thoothukudi,A-,14,1,10
2022,5,Thoothukudi,B+,57,7,77
2022,5,Thoothukudi,B-,58,1,42
2022,5,Thoothukudi,AB+,35,12,50
2022,5,Thoothukudi,AB-,5,6,15
2022,5,Thoothukudi,O+,53,10,98
2022,5,Thoothukudi,O-,61,5,68
2022,5,Namakkal,A+,66,11,107
2022,5,Namakkal,A-,11,7,22
2022,5,Namakkal,B+,65,6,82
2022,5,Namakkal,B-,76,6,57
2022,5,Namakkal,AB+,15,0,4
2022,5,Namakkal,AB-,48,4,36
2022,5,Namakkal,O+,11,10,57
2022,5,Namakkal,O-,28,6,39
2022,5,Dharmapuri,A+,31,13,76
2022,5,Dharmapuri,A-,58,7,60
2022,5,Dharmapuri,B+,69,1,69
2022,5,Dharmapuri,B-,71,6,54
2022,5,Dharmapuri,AB+,62,9,53
2022,5,Dharmapuri,AB-,36,0,18
2022,5,Dharmapuri,O+,9,9,43
2022,5,Dharmapuri,O-,77,13,110
2022,5,Krishnagiri,A+,46,1,53
2022,5,Krishnagiri,A-,30,6,38
2022,5,Krishnagiri,B+,73,6,89
2022,5,Krishnagiri,B-,60,6,46
2022,5,Krishnagiri,AB+,47,10,52
2022,5,Krishnagiri,AB-,40,1,29
2022,5,Krishnagiri,O+,12,3,22
2022,5,Krishnagiri,O-,23,5,30
2022,5,Dindigul,A+,15,2,16
2022,5,Dindigul,A-,78,4,71
2022,5,Dindigul,B+,71,10,98
2022,5,Dindigul,B-,41,1,23
2022,5,Dindigul,AB+,32,13,45
2022,5,Dindigul,AB-,34,13,39
2022,5,Dindigul,O+,31,1,39
2022,5,Dindigul,O-,43,9,68
2022,5,Thanjavur,A+,67,6,89
2022,5,Thanjavur,A-,22,1,20
2022,5,Thanjavur,B+,49,0,45
2022,5,Thanjavur,B-,27,14,48
2022,5,Thanjavur,AB+,39,8,41
2022,5,Thanjavur,AB-,34,4,28
2022,5,Thanjavur,O+,11,9,47
2022,5,Thanjavur,O-,46,9,68
2022,5,Karur,A+,68,11,109
2022,5,Karur,A-,67,1,48
2022,5,Karur,B+,49,3,51
2022,5,Karur,B-,68,13,69
2022,5,Karur,AB+,38,12,45
2022,5,Karur,AB-,73,8,55
2022,5,Karur,O+,43,14,110
2022,5,Karur,O-,16,2,23
2022,6,Chennai,A+,11,10,39
2022,6,Chennai,A-,24,14,44
2022,6,Chennai,B+,32,11,60
2022,6,Chennai,B-,61,12,60
2022,6,Chennai,AB+,41,11,50
2022,6,Chennai,AB-,74,6,49
2022,6,Chennai,O+,48,0,52
2022,6,Chennai,O-,23,0,16
2022,6,Coimbatore,A+,50,5,75
2022,6,Coimbatore,A-,41,10,52
2022,6,Coimbatore,B+,51,13,97
2022,6,Coimbatore,B-,34,7,38
2022,6,Coimbatore,AB+,38,13,54
2022,6,Coimbatore,AB-,65,2,37
2022,6,Coimbatore,O+,70,12,134
2022,6,Coimbatore,O-,13,4,25
2022,6,Madurai,A+,69,3,75
2022,6,Madurai,A-,73,11,81
2022,6,Madurai,B+,25,12,61
2022,6,Madurai,B-,76,5,61
2022,6,Madurai,AB+,61,14,66
2022,6,Madurai,AB-,45,4,24
2022,6,Madurai,O+,11,8,39
2022,6,Madurai,O-,7,6,26
2022,6,Salem,A+,40,4,56
2022,6,Salem,A-,27,1,29
2022,6,Salem,B+,10,6,30
2022,6,Salem,B-,25,0,12
2022,6,Salem,AB+,30,14,50
2022,6,Salem,AB-,68,3,35
2022,6,Salem,O+,54,12,108
2022,6,Salem,O-,23,7,48
2022,6,Trichy,A+,62,13,111
2022,6,Trichy,A-,19,14,41
2022,6,Trichy,B+,68,10,103
2022,6,Trichy,B-,13,11,25
2022,6,Trichy,AB+,58,5,51
2022,6,Trichy,AB-,5,9,23
2022,6,Trichy,O+,33,14,92
2022,6,Trichy,O-,79,4,84
2022,6,Vellore,A+,43,8,68
2022,6,Vellore,A-,56,10,67
2022,6,Vellore,B+,50,8,72
2022,6,Vellore,B-,46,14,58
2022,6,Vellore,AB+,79,8,62
2022,6,Vellore,AB-,8,8,12
2022,6,Vellore,O+,32,1,45
2022,6,Vellore,O-,76,10,97
2022,6,Erode,A+,42,4,52
2022,6,Erode,A-,21,13,42
2022,6,Erode,B+,47,5,66
2022,6,Erode,B-,63,10,66
2022,6,Erode,AB+,35,11,43
2022,6,Erode,AB-,51,10,40
2022,6,Erode,O+,75,2,100
2022,6,Erode,O-,30,7,47
2022,6,Tirunelveli,A+,47,2,54
2022,6,Tirunelveli,A-,61,0,47
2022,6,Tirunelveli,B+,38,1,37
2022,6,Tirunelveli,B-,55,3,44
2022,6,Tirunelveli,AB+,49,1,38
2022,6,Tirunelveli,AB-,12,14,26
2022,6,Tirunelveli,O+,22,9,69
2022,6,Tirunelveli,O-,14,10,49
2022,6,Thoothukudi,A+,24,8,59
2022,6,Thoothukudi,A-,56,13,66
2022,6,Thoothukudi,B+,5,5,24
2022,6,Thoothukudi,B-,53,0,34
2022,6,Thoothukudi,AB+,37,10,50
2022,6,Thoothukudi,AB-,39,4,21
2022,6,Thoothukudi,O+,58,14,130
2022,6,Thoothukudi,O-,50,8,61
2022,6,Namakkal,A+,11,3,28
2022,6,Namakkal,A-,16,9,32
2022,6,Namakkal,B+,43,12,76
2022,6,Namakkal,B-,27,14,51
2022,6,Namakkal,AB+,48,13,56
2022,6,Namakkal,AB-,25,8,22
2022,6,Namakkal,O+,65,6,96
2022,6,Namakkal,O-,28,8,51
2022,6,Dharmapuri,A+,35,4,44
2022,6,Dharmapuri,A-,69,4,65
2022,6,Dharmapuri,B+,36,1,32
2022,6,Dharmapuri,B-,33,5,29
2022,6,Dharmapuri,AB+,34,10,49
2022,6,Dharmapuri,AB-,22,13,29
2022,6,Dharmapuri,O+,15,3,29
2022,6,Dharmapuri,O-,50,11,71
2022,6,Krishnagiri,A+,57,7,77
2022,6,Krishnagiri,A-,12,7,24
2022,6,Krishnagiri,B+,77,1,81
2022,6,Krishnagiri,B-,10,10,33
2022,6,Krishnagiri,AB+,43,14,50
2022,6,Krishnagiri,AB-,19,13,32
2022,6,Krishnagiri,O+,50,14,112
2022,6,Krishnagiri,O-,45,1,41
2022,6,Dindigul,A+,24,3,36
2022,6,Dindigul,A-,23,10,41
2022,6,Dindigul,B+,78,12,109
2022,6,Dindigul,B-,6,14,38
2022,6,Dindigul,AB+,57,3,44
2022,6,Dindigul,AB-,10,10,27
2022,6,Dindigul,O+,23,1,38
2022,6,Dindigul,O-,75,0,63
2022,6,Thanjavur,A+,57,3,64
2022,6,Thanjavur,A-,29,13,48
2022,6,Thanjavur,B+,45,6,63
2022,6,Thanjavur,B-,54,1,41
2022,6,Thanjavur,AB+,76,13,80
2022,6,Thanjavur,AB-,65,1,31
2022,6,Thanjavur,O+,10,6,34
2022,6,Thanjavur,O-,7,9,39
2022,6,Karur,A+,15,2,30
2022,6,Karur,A-,48,5,40
2022,6,Karur,B+,17,14,61
2022,6,Karur,B-,43,6,39
2022,6,Karur,AB+,71,13,77
2022,6,Karur,AB-,45,9,40
2022,6,Karur,O+,74,11,129
2022,6,Karur,O-,26,5,42
2022,7,Chennai,A+,40,1,28
2022,7,Chennai,A-,36,12,40
2022,7,Chennai,B+,71,8,67
2022,7,Chennai,B-,53,10,50
2022,7,Chennai,AB+,23,9,20
2022,7,Chennai,AB-,19,4,10
2022,7,Chennai,O+,24,4,35
2022,7,Chennai,O-,28,5,35
2022,7,Coimbatore,A+,8,10,39
2022,7,Coimbatore,A-,56,14,54
2022,7,Coimbatore,B+,73,12,77
2022,7,Coimbatore,B-,10,12,25
2022,7,Coimbatore,AB+,78,3,45
2022,7,Coimbatore,AB-,40,9,30
2022,7,Coimbatore,O+,11,1,11
2022,7,Coimbatore,O-,50,1,30
2022,7,Madurai,A+,59,7,63
2022,7,Madurai,A-,25,0,21
2022,7,Madurai,B+,36,2,39
2022,7,Madurai,B-,18,6,26
2022,7,Madurai,AB+,46,8,41
2022,7,Madurai,AB-,36,10,30
2022,7,Madurai,O+,73,2,74
2022,7,Madurai,O-,56,8,51
2022,7,Salem,A+,11,0,12
2022,7,Salem,A-,61,10,53
2022,7,Salem,B+,15,5,19
2022,7,Salem,B-,34,11,36
2022,7,Salem,AB+,27,2,12
2022,7,Salem,AB-,9,1,10
2022,7,Salem,O+,19,13,52
2022,7,Salem,O-,28,5,33
2022,7,Trichy,A+,39,13,67
2022,7,Trichy,A-,51,13,50
2022,7,Trichy,B+,34,12,60
2022,7,Trichy,B-,42,9,32
2022,7,Trichy,AB+,40,10,37
2022,7,Trichy,AB-,22,5,20
2022,7,Trichy,O+,20,8,39
2022,7,Trichy,O-,73,10,71
2022,7,Vellore,A+,44,5,45
2022,7,Vellore,A-,47,5,30
2022,7,Vellore,B+,56,7,55
2022,7,Vellore,B-,70,13,51
2022,7,Vellore,AB+,67,2,31
2022,7,Vellore,AB-,60,10,30
2022,7,Vellore,O+,15,0,9
2022,7,Vellore,O-,5,0,10
2022,7,Erode,A+,31,0,28
2022,7,Erode,A-,49,7,39
2022,7,Erode,B+,48,7,58
2022,7,Erode,B-,6,8,13
2022,7,Erode,AB+,21,14,28
2022,7,Erode,AB-,45,4,19
2022,7,Erode,O+,52,9,80
2022,7,Erode,O-,59,1,42
2022,7,Tirunelveli,A+,48,8,54
2022,7,Tirunelveli,A-,60,5,41
2022,7,Tirunelveli,B+,17,3,22
2022,7,Tirunelveli,B-,44,6,36
2022,7,Tirunelveli,AB+,41,4,22
2022,7,Tirunelveli,AB-,59,8,37
2022,7,Tirunelveli,O+,67,12,102
2022,7,Tirunelveli,O-,50,5,50
2022,7,Thoothukudi,A+,16,10,42
2022,7,Thoothukudi,A-,32,6,34
2022,7,Thoothukudi,B+,42,6,52
2022,7,Thoothukudi,B-,35,14,47
2022,7,Thoothukudi,AB+,79,3,45
2022,7,Thoothukudi,AB-,24,7,19
2022,7,Thoothukudi,O+,42,8,63
2022,7,Thoothukudi,O-,73,12,81
2022,7,Namakkal,A+,25,8,36
2022,7,Namakkal,A-,57,0,32
2022,7,Namakkal,B+,38,9,55
2022,7,Namakkal,B-,5,2,8
2022,7,Namakkal,AB+,59,9,40
2022,7,Namakkal,AB-,9,6,6
2022,7,Namakkal,O+,71,2,74
2022,7,Namakkal,O-,43,6,46
2022,7,Dharmapuri,A+,26,0,24
2022,7,Dharmapuri,A-,63,14,61
2022,7,Dharmapuri,B+,19,9,44
2022,7,Dharmapuri,B-,60,6,33
2022,7,Dharmapuri,AB+,56,4,40
2022,7,Dharmapuri,AB-,32,1,14
2022,7,Dharmapuri,O+,28,13,63
2022,7,Dharmapuri,O-,66,4,58
2022,7,Krishnagiri,A+,54,4,47
2022,7,Krishnagiri,A-,68,12,56
2022,7,Krishnagiri,B+,76,0,63
2022,7,Krishnagiri,B-,78,0,45
2022,7,Krishnagiri,AB+,56,9,40
2022,7,Krishnagiri,AB-,45,14,41
2022,7,Krishnagiri,O+,25,0,31
2022,7,Krishnagiri,O-,56,14,68
2022,7,Dindigul,A+,40,7,48
2022,7,Dindigul,A-,42,2,24
2022,7,Dindigul,B+,6,2,5
2022,7,Dindigul,B-,70,10,52
2022,7,Dindigul,AB+,67,7,44
2022,7,Dindigul,AB-,45,14,35
2022,7,Dindigul,O+,11,8,40
2022,7,Dindigul,O-,12,0,4
2022,7,Thanjavur,A+,36,2,31
2022,7,Thanjavur,A-,14,1,6
2022,7,Thanjavur,B+,57,11,72
2022,7,Thanjavur,B-,36,5,25
2022,7,Thanjavur,AB+,59,11,49
2022,7,Thanjavur,AB-,76,5,37
2022,7,Thanjavur,O+,26,5,47
2022,7,Thanjavur,O-,40,14,62
2022,7,Karur,A+,38,2,29
2022,7,Karur,A-,54,5,40
2022,7,Karur,B+,40,0,36
2022,7,Karur,B-,59,13,57
2022,7,Karur,AB+,57,10,39
2022,7,Karur,AB-,36,7,18
2022,7,Karur,O+,13,0,11
2022,7,Karur,O-,23,13,41
2022,8,Chennai,A+,15,3,28
2022,8,Chennai,A-,67,4,49
2022,8,Chennai,B+,47,9,59
2022,8,Chennai,B-,37,0,14
2022,8,Chennai,AB+,54,7,36
2022,8,Chennai,AB-,30,0,7
2022,8,Chennai,O+,71,12,95
2022,8,Chennai,O-,45,12,51
2022,8,Coimbatore,A+,36,9,50
2022,8,Coimbatore,A-,29,11,32
2022,8,Coimbatore,B+,55,6,49
2022,8,Coimbatore,B-,65,8,45
2022,8,Coimbatore,AB+,12,1,16
2022,8,Coimbatore,AB-,29,13,35
2022,8,Coimbatore,O+,36,3,40
2022,8,Coimbatore,O-,29,9,40
2022,8,Madurai,A+,73,10,78
2022,8,Madurai,A-,23,2,22
2022,8,Madurai,B+,74,6,69
2022,8,Madurai,B-,63,4,43
2022,8,Madurai,AB+,35,12,36
2022,8,Madurai,AB-,5,13,15
2022,8,Madurai,O+,24,12,52
2022,8,Madurai,O-,7,3,16
2022,8,Salem,A+,13,8,38
2022,8,Salem,A-,60,13,52
2022,8,Salem,B+,6,12,30
2022,8,Salem,B-,19,4,16
2022,8,Salem,AB+,38,5,31
2022,8,Salem,AB-,70,12,34
2022,8,Salem,O+,31,2,41
2022,8,Salem,O-,68,3,47
2022,8,Trichy,A+,32,5,45
2022,8,Trichy,A-,45,1,27
2022,8,Trichy,B+,56,13,78
2022,8,Trichy,B-,54,12,43
2022,8,Trichy,AB+,23,7,20
2022,8,Trichy,AB-,74,11,42
2022,8,Trichy,O+,17,7,44
2022,8,Trichy,O-,19,13,37
2022,8,Vellore,A+,39,1,30
2022,8,Vellore,A-,26,8,30
2022,8,Vellore,B+,10,3,18
2022,8,Vellore,B-,16,4,12
2022,8,Vellore,AB+,41,1,30
2022,8,Vellore,AB-,45,11,24
2022,8,Vellore,O+,73,8,84
2022,8,Vellore,O-,68,13,81
2022,8,Erode,A+,21,2,23
2022,8,Erode,A-,23,11,41
2022,8,Erode,B+,6,5,20
2022,8,Erode,B-,64,14,58
2022,8,Erode,AB+,77,10,60
2022,8,Erode,AB-,63,9,35
2022,8,Erode,O+,79,1,73
2022,8,Erode,O-,34,11,49
2022,8,Tirunelveli,A+,79,8,86
2022,8,Tirunelveli,A-,29,10,41
2022,8,Tirunelveli,B+,69,0,44
2022,8,Tirunelveli,B-,51,8,42
2022,8,Tirunelveli,AB+,42,2,25
2022,8,Tirunelveli,AB-,16,1,8
2022,8,Tirunelveli,O+,37,11,73
2022,8,Tirunelveli,O-,47,4,36
2022,8,Thoothukudi,A+,38,13,61
2022,8,Thoothukudi,A-,40,6,31
2022,8,Thoothukudi,B+,13,14,49
2022,8,Thoothukudi,B-,22,14,28
2022,8,Thoothukudi,AB+,5,3,14
2022,8,Thoothukudi,AB-,76,4,31
2022,8,Thoothukudi,O+,24,14,64
2022,8,Thoothukudi,O-,62,7,59
2022,8,Namakkal,A+,42,11,64
2022,8,Namakkal,A-,19,0,19
2022,8,Namakkal,B+,39,0,33
2022,8,Namakkal,B-,25,7,23
2022,8,Namakkal,AB+,48,12,46
2022,8,Namakkal,AB-,48,4,17
2022,8,Namakkal,O+,53,4,65
2022,8,Namakkal,O-,25,7,27
2022,8,Dharmapuri,A+,41,13,61
2022,8,Dharmapuri,A-,64,12,64
2022,8,Dharmapuri,B+,25,10,38
2022,8,Dharmapuri,B-,22,12,28
2022,8,Dharmapuri,AB+,38,1,19
2022,8,Dharmapuri,AB-,33,8,27
2022,8,Dharmapuri,O+,74,9,97
2022,8,Dharmapuri,O-,34,0,31
2022,8,Krishnagiri,A+,38,6,46
2022,8,Krishnagiri,A-,53,11,56
2022,8,Krishnagiri,B+,26,4,30
2022,8,Krishnagiri,B-,60,8,37
2022,8,Krishnagiri,AB+,5,9,16
2022,8,Krishnagiri,AB-,38,4,13
2022,8,Krishnagiri,O+,5,13,42
2022,8,Krishnagiri,O-,10,10,29
2022,8,Dindigul,A+,63,3,54
2022,8,Dindigul,A-,68,5,47
2022,8,Dindigul,B+,45,6,50
2022,8,Dindigul,B-,71,5,45
2022,8,Dindigul,AB+,42,11,42
2022,8,Dindigul,AB-,14,7,21
2022,8,Dindigul,O+,56,6,69
2022,8,Dindigul,O-,28,14,45
2022,8,Thanjavur,A+,54,14,78
2022,8,Thanjavur,A-,42,4,25
2022,8,Thanjavur,B+,76,2,54
2022,8,Thanjavur,B-,21,11,28
2022,8,Thanjavur,AB+,57,11,44
2022,8,Thanjavur,AB-,70,4,26
2022,8,Thanjavur,O+,66,2,64
2022,8,Thanjavur,O-,35,0,32
2022,8,Karur,A+,78,11,89
2022,8,Karur,A-,22,2,22
2022,8,Karur,B+,61,7,57
2022,8,Karur,B-,66,14,52
2022,8,Karur,AB+,66,13,53
2022,8,Karur,AB-,25,11,29
2022,8,Karur,O+,26,0,23
2022,8,Karur,O-,69,2,54
2022,9,Chennai,A+,14,14,48
2022,9,Chennai,A-,38,8,31
2022,9,Chennai,B+,55,13,71
2022,9,Chennai,B-,9,9,15
2022,9,Chennai,AB+,21,6,23
2022,9,Chennai,AB-,50,6,28
2022,9,Chennai,O+,66,6,86
2022,9,Chennai,O-,34,3,26
2022,9,Coimbatore,A+,58,1,48
2022,9,Coimbatore,A-,53,8,39
2022,9,Coimbatore,B+,7,5,22
2022,9,Coimbatore,B-,68,6,50
2022,9,Coimbatore,AB+,26,3,16
2022,9,Coimbatore,AB-,64,2,33
2022,9,Coimbatore,O+,47,9,70
2022,9,Coimbatore,O-,6,7,28
2022,9,Madurai,A+,71,3,59
2022,9,Madurai,A-,50,4,37
2022,9,Madurai,B+,8,6,22
2022,9,Madurai,B-,14,0,6
2022,9,Madurai,AB+,9,9,22
2022,9,Madurai,AB-,63,9,34
2022,9,Madurai,O+,65,0,64
2022,9,Madurai,O-,22,3,25
2022,9,Salem,A+,45,10,57
2022,9,Salem,A-,5,0,5
2022,9,Salem,B+,21,14,46
2022,9,Salem,B-,50,5,32
2022,9,Salem,AB+,27,13,35
2022,9,Salem,AB-,5,12,19
2022,9,Salem,O+,65,5,68
2022,9,Salem,O-,61,3,49
2022,9,Trichy,A+,20,9,45
2022,9,Trichy,A-,9,5,21
2022,9,Trichy,B+,77,13,95
2022,9,Trichy,B-,74,0,30
2022,9,Trichy,AB+,22,10,31
2022,9,Trichy,AB-,16,1,6
2022,9,Trichy,O+,78,9,96
2022,9,Trichy,O-,12,9,31
2022,9,Vellore,A+,46,9,67
2022,9,Vellore,A-,55,8,39
2022,9,Vellore,B+,42,12,66
2022,9,Vellore,B-,32,0,17
2022,9,Vellore,AB+,10,1,5
2022,9,Vellore,AB-,35,4,19
2022,9,Vellore,O+,44,11,75
2022,9,Vellore,O-,59,0,41
2022,9,Erode,A+,49,8,63
2022,9,Erode,A-,22,13,31
2022,9,Erode,B+,11,14,49
2022,9,Erode,B-,9,4,5
2022,9,Erode,AB+,10,7,14
2022,9,Erode,AB-,17,2,12
2022,9,Erode,O+,30,0,25
2022,9,Erode,O-,36,1,24
2022,9,Tirunelveli,A+,69,8,77
2022,9,Tirunelveli,A-,57,0,27
2022,9,Tirunelveli,B+,25,10,45
2022,9,Tirunelveli,B-,71,7,52
2022,9,Tirunelveli,AB+,39,5,27
2022,9,Tirunelveli,AB-,17,1,8
2022,9,Tirunelveli,O+,67,2,63
2022,9,Tirunelveli,O-,19,4,30
2022,9,Thoothukudi,A+,30,6,36
2022,9,Thoothukudi,A-,65,11,50
2022,9,Thoothukudi,B+,20,10,41
2022,9,Thoothukudi,B-,15,7,19
2022,9,Thoothukudi,AB+,29,4,27
2022,9,Thoothukudi,AB-,23,12,18
2022,9,Thoothukudi,O+,70,7,83
2022,9,Thoothukudi,O-,79,1,54
2022,9,Namakkal,A+,58,13,81
2022,9,Namakkal,A-,55,7,38
2022,9,Namakkal,B+,58,0,39
2022,9,Namakkal,B-,39,13,48
2022,9,Namakkal,AB+,46,5,39
2022,9,Namakkal,AB-,55,4,26
2022,9,Namakkal,O+,17,8,45
2022,9,Namakkal,O-,35,3,37
2022,9,Dharmapuri,A+,43,11,65
2022,9,Dharmapuri,A-,42,10,45
2022,9,Dharmapuri,B+,22,6,27
2022,9,Dharmapuri,B-,71,8,54
2022,9,Dharmapuri,AB+,53,5,38
2022,9,Dharmapuri,AB-,27,2,12
2022,9,Dharmapuri,O+,17,13,58
2022,9,Dharmapuri,O-,39,8,43
2022,9,Krishnagiri,A+,76,3,69
2022,9,Krishnagiri,A-,57,14,64
2022,9,Krishnagiri,B+,12,12,46
2022,9,Krishnagiri,B-,68,1,42
2022,9,Krishnagiri,AB+,33,2,23
2022,9,Krishnagiri,AB-,69,4,26
2022,9,Krishnagiri,O+,18,13,60
2022,9,Krishnagiri,O-,50,12,54
2022,9,Dindigul,A+,7,9,27
2022,9,Dindigul,A-,28,12,34
2022,9,Dindigul,B+,33,1,23
2022,9,Dindigul,B-,55,14,44
2022,9,Dindigul,AB+,22,4,18
2022,9,Dindigul,AB-,67,4,34
2022,9,Dindigul,O+,23,6,36
2022,9,Dindigul,O-,59,7,51
2022,9,Thanjavur,A+,30,0,25
2022,9,Thanjavur,A-,58,2,37
2022,9,Thanjavur,B+,37,7,46
2022,9,Thanjavur,B-,13,4,11
2022,9,Thanjavur,AB+,79,4,49
2022,9,Thanjavur,AB-,20,4,18
2022,9,Thanjavur,O+,50,13,88
2022,9,Thanjavur,O-,62,5,50
2022,9,Karur,A+,68,5,73
2022,9,Karur,A-,64,8,49
2022,9,Karur,B+,15,12,38
2022,9,Karur,B-,67,9,49
2022,9,Karur,AB+,57,4,38
2022,9,Karur,AB-,28,0,13
2022,9,Karur,O+,76,13,108
2022,9,Karur,O-,77,2,61
2022,10,Chennai,A+,68,7,79
2022,10,Chennai,A-,55,11,46
2022,10,Chennai,B+,75,5,74
2022,10,Chennai,B-,20,10,26
2022,10,Chennai,AB+,61,0,33
2022,10,Chennai,AB-,65,0,32
2022,10,Chennai,O+,11,2,18
2022,10,Chennai,O-,73,10,78
2022,10,Coimbatore,A+,48,9,57
2022,10,Coimbatore,A-,10,7,20
2022,10,Coimbatore,B+,24,8,44
2022,10,Coimbatore,B-,66,12,54
2022,10,Coimbatore,AB+,70,12,55
2022,10,Coimbatore,AB-,65,12,45
2022,10,Coimbatore,O+,28,12,58
2022,10,Coimbatore,O-,20,1,11
2022,10,Madurai,A+,5,9,30
2022,10,Madurai,A-,18,0,5
2022,10,Madurai,B+,11,4,24
2022,10,Madurai,B-,53,3,36
2022,10,Madurai,AB+,26,7,19
2022,10,Madurai,AB-,30,11,21
2022,10,Madurai,O+,35,13,71
2022,10,Madurai,O-,27,0,19
2022,10,Salem,A+,42,9,64
2022,10,Salem,A-,11,1,16
2022,10,Salem,B+,26,4,25
2022,10,Salem,B-,77,4,45
2022,10,Salem,AB+,24,12,30
2022,10,Salem,AB-,72,3,32
2022,10,Salem,O+,25,0,31
2022,10,Salem,O-,31,6,30
2022,10,Trichy,A+,71,11,92
2022,10,Trichy,A-,74,6,59
2022,10,Trichy,B+,73,12,76
2022,10,Trichy,B-,54,9,42
2022,10,Trichy,AB+,48,11,39
2022,10,Trichy,AB-,41,3,20
2022,10,Trichy,O+,60,11,94
2022,10,Trichy,O-,61,3,41
2022,10,Vellore,A+,47,8,52
2022,10,Vellore,A-,71,2,42
2022,10,Vellore,B+,74,9,72
2022,10,Vellore,B-,74,8,54
2022,10,Vellore,AB+,69,7,42
2022,10,Vellore,AB-,14,11,26
2022,10,Vellore,O+,41,2,48
2022,10,Vellore,O-,71,3,50
2022,10,Erode,A+,66,11,76
2022,10,Erode,A-,33,13,41
2022,10,Erode,B+,57,10,65
2022,10,Erode,B-,64,0,25
2022,10,Erode,AB+,11,13,31
2022,10,Erode,AB-,20,5,16
2022,10,Erode,O+,40,2,42
2022,10,Erode,O-,41,2,28
2022,10,Tirunelveli,A+,42,9,57
2022,10,Tirunelveli,A-,45,5,35
2022,10,Tirunelveli,B+,38,2,37
2022,10,Tirunelveli,B-,18,12,22
2022,10,Tirunelveli,AB+,25,11,34
2022,10,Tirunelveli,AB-,64,1,19
2022,10,Tirunelveli,O+,8,8,36
2022,10,Tirunelveli,O-,60,5,54
2022,10,Thoothukudi,A+,39,7,54
2022,10,Thoothukudi,A-,14,11,36
2022,10,Thoothukudi,B+,29,9,49
2022,10,Thoothukudi,B-,36,9,33
2022,10,Thoothukudi,AB+,30,3,22
2022,10,Thoothukudi,AB-,31,8,26
2022,10,Thoothukudi,O+,15,4,25
2022,10,Thoothukudi,O-,36,10,53
2022,10,Namakkal,A+,13,10,37
2022,10,Namakkal,A-,21,10,32
2022,10,Namakkal,B+,54,9,63
2022,10,Namakkal,B-,57,8,46
2022,10,Namakkal,AB+,70,10,50
2022,10,Namakkal,AB-,46,11,34
2022,10,Namakkal,O+,38,8,66
2022,10,Namakkal,O-,13,10,38
2022,10,Dharmapuri,A+,16,9,37
2022,10,Dharmapuri,A-,38,11,44
2022,10,Dharmapuri,B+,39,12,53
2022,10,Dharmapuri,B-,60,12,50
2022,10,Dharmapuri,AB+,52,6,29
2022,10,Dharmapuri,AB-,12,12,19
2022,10,Dharmapuri,O+,17,11,43
2022,10,Dharmapuri,O-,14,2,19
2022,10,Krishnagiri,A+,31,4,39
2022,10,Krishnagiri,A-,16,6,20
2022,10,Krishnagiri,B+,46,9,61
2022,10,Krishnagiri,B-,68,11,54
2022,10,Krishnagiri,AB+,56,9,39
2022,10,Krishnagiri,AB-,26,9,18
2022,10,Krishnagiri,O+,11,14,47
2022,10,Krishnagiri,O-,71,7,71
2022,10,Dindigul,A+,34,8,45
2022,10,Dindigul,A-,25,10,26
2022,10,Dindigul,B+,71,14,82
2022,10,Dindigul,B-,13,7,13
2022,10,Dindigul,AB+,63,4,40
2022,10,Dindigul,AB-,45,3,26
2022,10,Dindigul,O+,9,6,31
2022,10,Dindigul,O-,10,12,30
2022,10,Thanjavur,A+,32,8,54
2022,10,Thanjavur,A-,42,2,21
2022,10,Thanjavur,B+,16,12,40
2022,10,Thanjavur,B-,49,4,24
2022,10,Thanjavur,AB+,39,2,30
2022,10,Thanjavur,AB-,35,5,16
2022,10,Thanjavur,O+,44,2,47
2022,10,Thanjavur,O-,65,11,68
2022,10,Karur,A+,17,13,49
2022,10,Karur,A-,21,8,26
2022,10,Karur,B+,26,7,43
2022,10,Karur,B-,61,14,58
2022,10,Karur,AB+,58,3,35
2022,10,Karur,AB-,28,2,16
2022,10,Karur,O+,29,14,76
2022,10,Karur,O-,59,0,34
2022,11,Chennai,A+,54,0,37
2022,11,Chennai,A-,75,5,56
2022,11,Chennai,B+,32,7,41
2022,11,Chennai,B-,48,11,46
2022,11,Chennai,AB+,71,6,43
2022,11,Chennai,AB-,49,13,40
2022,11,Chennai,O+,63,7,74
2022,11,Chennai,O-,50,10,58
2022,11,Coimbatore,A+,41,1,32
2022,11,Coimbatore,A-,69,0,43
2022,11,Coimbatore,B+,45,2,32
2022,11,Coimbatore,B-,19,12,29
2022,11,Coimbatore,AB+,43,13,49
2022,11,Coimbatore,AB-,70,12,41
2022,11,Coimbatore,O+,32,14,76
2022,11,Coimbatore,O-,17,2,24
2022,11,Madurai,A+,33,2,38
2022,11,Madurai,A-,70,3,39
2022,11,Madurai,B+,77,5,62
2022,11,Madurai,B-,60,1,27
2022,11,Madurai,AB+,11,3,12
2022,11,Madurai,AB-,5,9,10
2022,11,Madurai,O+,43,8,57
2022,11,Madurai,O-,67,9,69
2022,11,Salem,A+,60,14,78
2022,11,Salem,A-,45,10,42
2022,11,Salem,B+,55,12,63
2022,11,Salem,B-,24,4,15
2022,11,Salem,AB+,43,14,43
2022,11,Salem,AB-,46,4,28
2022,11,Salem,O+,39,8,56
2022,11,Salem,O-,7,2,15
2022,11,Trichy,A+,18,7,28
2022,11,Trichy,A-,72,12,69
2022,11,Trichy,B+,28,10,53
2022,11,Trichy,B-,34,0,13
2022,11,Trichy,AB+,40,5,23
2022,11,Trichy,AB-,23,13,25
2022,11,Trichy,O+,22,8,41
2022,11,Trichy,O-,50,7,46
2022,11,Vellore,A+,58,7,62
2022,11,Vellore,A-,24,4,15
2022,11,Vellore,B+,27,5,29
2022,11,Vellore,B-,8,2,13
2022,11,Vellore,AB+,73,5,52
2022,11,Vellore,AB-,5,1,12
2022,11,Vellore,O+,58,4,69
2022,11,Vellore,O-,9,5,12
2022,11,Erode,A+,14,5,21
2022,11,Erode,A-,39,12,43
2022,11,Erode,B+,66,14,80
2022,11,Erode,B-,46,2,27
2022,11,Erode,AB+,20,4,21
2022,11,Erode,AB-,55,12,42
2022,11,Erode,O+,79,13,113
2022,11,Erode,O-,54,2,37
2022,11,Tirunelveli,A+,69,11,83
2022,11,Tirunelveli,A-,47,12,54
2022,11,Tirunelveli,B+,26,11,45
2022,11,Tirunelveli,B-,42,6,29
2022,11,Tirunelveli,AB+,64,8,42
2022,11,Tirunelveli,AB-,66,11,41
2022,11,Tirunelveli,O+,53,0,56
2022,11,Tirunelveli,O-,37,13,49
2022,11,Thoothukudi,A+,75,12,88
2022,11,Thoothukudi,A-,43,1,25
2022,11,Thoothukudi,B+,64,8,69
2022,11,Thoothukudi,B-,8,4,18
2022,11,Thoothukudi,AB+,25,11,36
2022,11,Thoothukudi,AB-,54,12,31
2022,11,Thoothukudi,O+,25,6,44
2022,11,Thoothukudi,O-,33,14,57
2022,11,Namakkal,A+,34,7,49
2022,11,Namakkal,A-,53,2,27
2022,11,Namakkal,B+,36,6,39
2022,11,Namakkal,B-,6,9,26
2022,11,Namakkal,AB+,22,6,19
2022,11,Namakkal,AB-,33,3,23
2022,11,Namakkal,O+,60,2,67
2022,11,Namakkal,O-,71,7,58
2022,11,Dharmapuri,A+,8,9,26
2022,11,Dharmapuri,A-,28,5,21
2022,11,Dharmapuri,B+,44,7,57
2022,11,Dharmapuri,B-,38,8,37
2022,11,Dharmapuri,AB+,11,10,21
2022,11,Dharmapuri,AB-,23,2,17
2022,11,Dharmapuri,O+,24,10,60
2022,11,Dharmapuri,O-,6,12,29
2022,11,Krishnagiri,A+,35,14,67
2022,11,Krishnagiri,A-,10,13,27
2022,11,Krishnagiri,B+,13,9,36
2022,11,Krishnagiri,B-,57,10,43
2022,11,Krishnagiri,AB+,20,12,28
2022,11,Krishnagiri,AB-,17,14,18
2022,11,Krishnagiri,O+,20,8,38
2022,11,Krishnagiri,O-,73,10,66
2022,11,Dindigul,A+,45,1,39
2022,11,Dindigul,A-,31,10,29
2022,11,Dindigul,B+,18,2,18
2022,11,Dindigul,B-,26,10,24
2022,11,Dindigul,AB+,29,1,15
2022,11,Dindigul,AB-,53,10,28
2022,11,Dindigul,O+,7,8,39
2022,11,Dindigul,O-,72,8,74
2022,11,Thanjavur,A+,71,10,87
2022,11,Thanjavur,A-,7,12,23
2022,11,Thanjavur,B+,22,13,46
2022,11,Thanjavur,B-,13,14,37
2022,11,Thanjavur,AB+,76,7,49
2022,11,Thanjavur,AB-,18,5,19
2022,11,Thanjavur,O+,17,6,38
2022,11,Thanjavur,O-,51,9,59
2022,11,Karur,A+,9,5,17
2022,11,Karur,A-,9,9,27
2022,11,Karur,B+,39,4,41
2022,11,Karur,B-,5,0,6
2022,11,Karur,AB+,42,7,29
2022,11,Karur,AB-,51,6,24
2022,11,Karur,O+,6,4,26
2022,11,Karur,O-,6,13,35
2022,12,Chennai,A+,66,13,80
2022,12,Chennai,A-,67,3,46
2022,12,Chennai,B+,58,4,52
2022,12,Chennai,B-,46,10,37
2022,12,Chennai,AB+,69,8,41
2022,12,Chennai,AB-,75,2,33
2022,12,Chennai,O+,20,4,30
2022,12,Chennai,O-,66,9,62
2022,12,Coimbatore,A+,65,8,78
2022,12,Coimbatore,A-,21,13,37
2022,12,Coimbatore,B+,6,14,36
2022,12,Coimbatore,B-,58,9,49
2022,12,Coimbatore,AB+,69,11,58
2022,12,Coimbatore,AB-,44,0,20
2022,12,Coimbatore,O+,62,3,60
2022,12,Coimbatore,O-,35,4,27
2022,12,Madurai,A+,13,8,39
2022,12,Madurai,A-,14,4,13
2022,12,Madurai,B+,53,9,65
2022,12,Madurai,B-,71,3,39
2022,12,Madurai,AB+,43,10,37
2022,12,Madurai,AB-,27,10,19
2022,12,Madurai,O+,29,3,41
2022,12,Madurai,O-,37,0,24
2022,12,Salem,A+,69,14,85
2022,12,Salem,A-,42,7,38
2022,12,Salem,B+,53,11,65
2022,12,Salem,B-,34,1,18
2022,12,Salem,AB+,62,9,42
2022,12,Salem,AB-,63,8,39
2022,12,Salem,O+,20,0,19
2022,12,Salem,O-,50,14,63
2022,12,Trichy,A+,27,9,39
2022,12,Trichy,A-,28,14,45
2022,12,Trichy,B+,46,13,69
2022,12,Trichy,B-,6,3,9
2022,12,Trichy,AB+,45,12,45
2022,12,Trichy,AB-,26,6,25
2022,12,Trichy,O+,51,0,44
2022,12,Trichy,O-,33,14,52
2022,12,Vellore,A+,34,9,57
2022,12,Vellore,A-,10,5,15
2022,12,Vellore,B+,56,4,49
2022,12,Vellore,B-,45,3,24
2022,12,Vellore,AB+,43,13,36
2022,12,Vellore,AB-,64,10,36
2022,12,Vellore,O+,64,1,58
2022,12,Vellore,O-,17,13,37
2022,12,Erode,A+,78,5,74
2022,12,Erode,A-,72,2,40
2022,12,Erode,B+,45,9,60
2022,12,Erode,B-,31,6,33
2022,12,Erode,AB+,23,2,13
2022,12,Erode,AB-,9,12,17
2022,12,Erode,O+,45,8,64
2022,12,Erode,O-,48,4,47
2022,12,Tirunelveli,A+,60,0,51
2022,12,Tirunelveli,A-,39,5,32
2022,12,Tirunelveli,B+,10,13,42
2022,12,Tirunelveli,B-,40,11,37
2022,12,Tirunelveli,AB+,11,12,19
2022,12,Tirunelveli,AB-,64,2,34
2022,12,Tirunelveli,O+,61,12,90
2022,12,Tirunelveli,O-,16,6,31
2022,12,Thoothukudi,A+,62,13,82
2022,12,Thoothukudi,A-,40,3,29
2022,12,Thoothukudi,B+,31,8,43
2022,12,Thoothukudi,B-,40,11,43
2022,12,Thoothukudi,AB+,7,12,20
2022,12,Thoothukudi,AB-,15,14,28
2022,12,Thoothukudi,O+,6,14,47
2022,12,Thoothukudi,O-,17,2,12
2022,12,Namakkal,A+,60,7,68
2022,12,Namakkal,A-,63,11,52
2022,12,Namakkal,B+,45,2,35
2022,12,Namakkal,B-,44,12,47
2022,12,Namakkal,AB+,38,2,28
2022,12,Namakkal,AB-,33,2,19
2022,12,Namakkal,O+,60,10,80
2022,12,Namakkal,O-,44,6,37
2022,12,Dharmapuri,A+,12,10,30
2022,12,Dharmapuri,A-,34,8,27
2022,12,Dharmapuri,B+,60,3,50
2022,12,Dharmapuri,B-,69,14,52
2022,12,Dharmapuri,AB+,64,4,33
2022,12,Dharmapuri,AB-,21,8,24
2022,12,Dharmapuri,O+,76,2,83
2022,12,Dharmapuri,O-,10,7,30
2022,12,Krishnagiri,A+,10,7,23
2022,12,Krishnagiri,A-,35,11,36
2022,12,Krishnagiri,B+,12,10,36
2022,12,Krishnagiri,B-,30,14,43
2022,12,Krishnagiri,AB+,60,5,40
2022,12,Krishnagiri,AB-,66,12,46
2022,12,Krishnagiri,O+,58,8,78
2022,12,Krishnagiri,O-,7,6,23
2022,12,Dindigul,A+,45,11,67
2022,12,Dindigul,A-,15,2,16
2022,12,Dindigul,B+,77,4,69
2022,12,Dindigul,B-,77,0,43
2022,12,Dindigul,AB+,24,11,34
2022,12,Dindigul,AB-,17,11,25
2022,12,Dindigul,O+,67,13,102
2022,12,Dindigul,O-,58,9,58
2022,12,Thanjavur,A+,76,1,57
2022,12,Thanjavur,A-,40,8,35
2022,12,Thanjavur,B+,19,7,39
2022,12,Thanjavur,B-,68,14,61
2022,12,Thanjavur,AB+,52,10,41
2022,12,Thanjavur,AB-,29,9,21
2022,12,Thanjavur,O+,9,11,42
2022,12,Thanjavur,O-,11,1,9
2022,12,Karur,A+,16,11,36
2022,12,Karur,A-,25,9,33
2022,12,Karur,B+,46,13,72
2022,12,Karur,B-,7,8,15
2022,12,Karur,AB+,66,12,47
2022,12,Karur,AB-,23,10,28
2022,12,Karur,O+,41,12,81
2022,12,Karur,O-,74,10,76
2023,1,Chennai,A+,54,14,86
2023,1,Chennai,A-,20,2,14
2023,1,Chennai,B+,38,7,48
2023,1,Chennai,B-,50,6,41
2023,1,Chennai,AB+,53,4,30
2023,1,Chennai,AB-,66,0,23
2023,1,Chennai,O+,7,4,27
2023,1,Chennai,O-,16,5,29
2023,1,Coimbatore,A+,22,3,21
2023,1,Coimbatore,A-,74,9,57
2023,1,Coimbatore,B+,21,4,23
2023,1,Coimbatore,B-,74,14,56
2023,1,Coimbatore,AB+,58,14,55
2023,1,Coimbatore,AB-,13,3,5
2023,1,Coimbatore,O+,17,5,25
2023,1,Coimbatore,O-,9,1,8
2023,1,Madurai,A+,45,1,32
2023,1,Madurai,A-,11,4,8
2023,1,Madurai,B+,57,3,43
2023,1,Madurai,B-,36,7,26
2023,1,Madurai,AB+,78,6,47
2023,1,Madurai,AB-,45,0,20
2023,1,Madurai,O+,29,7,56
2023,1,Madurai,O-,16,10,31
2023,1,Salem,A+,54,8,69
2023,1,Salem,A-,71,3,43
2023,1,Salem,B+,10,1,8
2023,1,Salem,B-,49,0,31
2023,1,Salem,AB+,47,1,33
2023,1,Salem,AB-,11,6,10
2023,1,Salem,O+,20,0,27
2023,1,Salem,O-,75,9,78
2023,1,Trichy,A+,5,1,15
2023,1,Trichy,A-,37,12,36
2023,1,Trichy,B+,55,0,36
2023,1,Trichy,B-,64,2,39
2023,1,Trichy,AB+,9,14,31
2023,1,Trichy,AB-,51,4,23
2023,1,Trichy,O+,64,3,65
2023,1,Trichy,O-,10,13,34
2023,1,Vellore,A+,14,11,39
2023,1,Vellore,A-,77,7,52
2023,1,Vellore,B+,72,12,80
2023,1,Vellore,B-,31,3,26
2023,1,Vellore,AB+,79,10,50
2023,1,Vellore,AB-,37,13,35
2023,1,Vellore,O+,11,0,16
2023,1,Vellore,O-,60,4,50
2023,1,Erode,A+,50,1,38
2023,1,Erode,A-,38,3,34
2023,1,Erode,B+,74,10,84
2023,1,Erode,B-,58,6,33
2023,1,Erode,AB+,69,12,60
2023,1,Erode,AB-,77,6,41
2023,1,Erode,O+,63,1,67
2023,1,Erode,O-,50,13,62
2023,1,Tirunelveli,A+,72,2,59
2023,1,Tirunelveli,A-,9,8,17
2023,1,Tirunelveli,B+,61,14,75
2023,1,Tirunelveli,B-,63,11,52
2023,1,Tirunelveli,AB+,24,9,26
2023,1,Tirunelveli,AB-,37,11,25
2023,1,Tirunelveli,O+,60,7,76
2023,1,Tirunelveli,O-,24,6,24
2023,1,Thoothukudi,A+,51,5,61
2023,1,Thoothukudi,A-,49,6,43
2023,1,Thoothukudi,B+,39,7,46
2023,1,Thoothukudi,B-,31,14,36
2023,1,Thoothukudi,AB+,36,12,37
2023,1,Thoothukudi,AB-,57,12,36
2023,1,Thoothukudi,O+,47,3,49
2023,1,Thoothukudi,O-,68,10,67
2023,1,Namakkal,A+,27,11,57
2023,1,Namakkal,A-,47,7,38
2023,1,Namakkal,B+,35,5,41
2023,1,Namakkal,B-,23,3,24
2023,1,Namakkal,AB+,72,8,47
2023,1,Namakkal,AB-,64,10,33
2023,1,Namakkal,O+,16,5,36
2023,1,Namakkal,O-,32,4,37
2023,1,Dharmapuri,A+,50,0,44
2023,1,Dharmapuri,A-,30,5,33
2023,1,Dharmapuri,B+,72,7,72
2023,1,Dharmapuri,B-,16,12,25
2023,1,Dharmapuri,AB+,56,4,36
2023,1,Dharmapuri,AB-,43,2,14
2023,1,Dharmapuri,O+,75,0,74
2023,1,Dharmapuri,O-,28,2,29
2023,1,Krishnagiri,A+,12,7,34
2023,1,Krishnagiri,A-,6,13,23
2023,1,Krishnagiri,B+,49,9,51
2023,1,Krishnagiri,B-,42,2,26
2023,1,Krishnagiri,AB+,37,13,47
2023,1,Krishnagiri,AB-,76,13,43
2023,1,Krishnagiri,O+,16,6,37
2023,1,Krishnagiri,O-,12,8,27
2023,1,Dindigul,A+,42,0,27
2023,1,Dindigul,A-,49,10,45
2023,1,Dindigul,B+,47,8,62
2023,1,Dindigul,B-,14,3,8
2023,1,Dindigul,AB+,61,13,59
2023,1,Dindigul,AB-,5,8,13
2023,1,Dindigul,O+,50,10,83
2023,1,Dindigul,O-,65,2,49
2023,1,Thanjavur,A+,45,14,77
2023,1,Thanjavur,A-,5,14,36
2023,1,Thanjavur,B+,69,4,55
2023,1,Thanjavur,B-,8,0,1
2023,1,Thanjavur,AB+,43,14,46
2023,1,Thanjavur,AB-,58,9,35
2023,1,Thanjavur,O+,49,4,60
2023,1,Thanjavur,O-,31,6,36
2023,1,Karur,A+,33,13,55
2023,1,Karur,A-,26,2,21
2023,1,Karur,B+,64,9,65
2023,1,Karur,B-,25,9,28
2023,1,Karur,AB+,70,13,50
2023,1,Karur,AB-,22,0,16
2023,1,Karur,O+,7,4,15
2023,1,Karur,O-,63,6,58
2023,2,Chennai,A+,36,10,50
2023,2,Chennai,A-,57,12,49
2023,2,Chennai,B+,8,11,35
2023,2,Chennai,B-,61,5,38
2023,2,Chennai,AB+,69,2,45
2023,2,Chennai,AB-,38,14,33
2023,2,Chennai,O+,76,2,78
2023,2,Chennai,O-,50,7,52
2023,2,Coimbatore,A+,47,13,72
2023,2,Coimbatore,A-,59,9,57
2023,2,Coimbatore,B+,76,9,85
2023,2,Coimbatore,B-,41,13,43
2023,2,Coimbatore,AB+,61,2,29
2023,2,Coimbatore,AB-,33,7,27
2023,2,Coimbatore,O+,77,12,101
2023,2,Coimbatore,O-,19,1,15
2023,2,Madurai,A+,33,7,40
2023,2,Madurai,A-,62,6,52
2023,2,Madurai,B+,42,12,68
2023,2,Madurai,B-,69,8,50
2023,2,Madurai,AB+,31,10,30
2023,2,Madurai,AB-,73,2,35
2023,2,Madurai,O+,17,0,21
2023,2,Madurai,O-,71,5,62
2023,2,Salem,A+,51,3,42
2023,2,Salem,A-,37,5,28
2023,2,Salem,B+,68,8,76
2023,2,Salem,B-,75,5,41
2023,2,Salem,AB+,71,4,40
2023,2,Salem,AB-,76,7,42
2023,2,Salem,O+,69,2,67
2023,2,Salem,O-,45,3,35
2023,2,Trichy,A+,75,1,68
2023,2,Trichy,A-,36,11,34
2023,2,Trichy,B+,18,12,48
2023,2,Trichy,B-,54,7,32
2023,2,Trichy,AB+,51,0,19
2023,2,Trichy,AB-,34,1,21
2023,2,Trichy,O+,5,1,12
2023,2,Trichy,O-,11,0,11
2023,2,Vellore,A+,23,12,50
2023,2,Vellore,A-,70,2,41
2023,2,Vellore,B+,40,0,30
2023,2,Vellore,B-,76,8,52
2023,2,Vellore,AB+,68,14,60
2023,2,Vellore,AB-,45,10,28
2023,2,Vellore,O+,49,0,42
2023,2,Vellore,O-,61,1,37
2023,2,Erode,A+,65,1,54
2023,2,Erode,A-,33,4,34
2023,2,Erode,B+,73,9,83
2023,2,Erode,B-,33,12,33
2023,2,Erode,AB+,69,7,50
2023,2,Erode,AB-,5,9,18
2023,2,Erode,O+,7,1,5
2023,2,Erode,O-,61,4,54
2023,2,Tirunelveli,A+,22,9,41
2023,2,Tirunelveli,A-,11,6,11
2023,2,Tirunelveli,B+,72,3,65
2023,2,Tirunelveli,B-,5,6,9
2023,2,Tirunelveli,AB+,21,11,35
2023,2,Tirunelveli,AB-,59,2,20
2023,2,Tirunelveli,O+,8,4,27
2023,2,Tirunelveli,O-,48,13,55
2023,2,Thoothukudi,A+,55,3,56
2023,2,Thoothukudi,A-,21,4,24
2023,2,Thoothukudi,B+,40,12,56
2023,2,Thoothukudi,B-,7,14,22
2023,2,Thoothukudi,AB+,73,4,44
2023,2,Thoothukudi,AB-,27,14,26
2023,2,Thoothukudi,O+,38,8,62
2023,2,Thoothukudi,O-,51,14,61
2023,2,Namakkal,A+,11,7,33
2023,2,Namakkal,A-,61,13,55
2023,2,Namakkal,B+,26,14,52
2023,2,Namakkal,B-,25,12,32
2023,2,Namakkal,AB+,53,14,46
2023,2,Namakkal,AB-,31,9,21
2023,2,Namakkal,O+,48,2,45
2023,2,Namakkal,O-,72,12,70
2023,2,Dharmapuri,A+,42,3,46
2023,2,Dharmapuri,A-,72,12,64
2023,2,Dharmapuri,B+,78,10,87
2023,2,Dharmapuri,B-,78,10,49
2023,2,Dharmapuri,AB+,13,12,28
2023,2,Dharmapuri,AB-,61,4,35
2023,2,Dharmapuri,O+,15,11,46
2023,2,Dharmapuri,O-,37,13,62
2023,2,Krishnagiri,A+,33,6,50
2023,2,Krishnagiri,A-,60,4,39
2023,2,Krishnagiri,B+,35,2,27
2023,2,Krishnagiri,B-,22,9,24
2023,2,Krishnagiri,AB+,77,13,66
2023,2,Krishnagiri,AB-,39,0,18
2023,2,Krishnagiri,O+,20,0,16
2023,2,Krishnagiri,O-,37,9,40
2023,2,Dindigul,A+,40,10,63
2023,2,Dindigul,A-,8,14,26
2023,2,Dindigul,B+,9,4,23
2023,2,Dindigul,B-,8,9,14
2023,2,Dindigul,AB+,39,9,37
2023,2,Dindigul,AB-,23,4,18
2023,2,Dindigul,O+,70,14,101
2023,2,Dindigul,O-,79,11,80
2023,2,Thanjavur,A+,6,10,30
2023,2,Thanjavur,A-,52,5,35
2023,2,Thanjavur,B+,12,3,20
2023,2,Thanjavur,B-,29,7,32
2023,2,Thanjavur,AB+,8,6,20
2023,2,Thanjavur,AB-,47,9,32
2023,2,Thanjavur,O+,42,0,44
2023,2,Thanjavur,O-,42,7,46
2023,2,Karur,A+,21,12,46
2023,2,Karur,A-,28,6,24
2023,2,Karur,B+,67,11,74
2023,2,Karur,B-,26,9,25
2023,2,Karur,AB+,78,0,43
2023,2,Karur,AB-,76,7,42
2023,2,Karur,O+,26,6,42
2023,2,Karur,O-,51,11,62
2023,3,Chennai,A+,38,13,71
2023,3,Chennai,A-,74,6,52
2023,3,Chennai,B+,78,7,77
2023,3,Chennai,B-,77,1,47
2023,3,Chennai,AB+,67,14,63
2023,3,Chennai,AB-,23,7,21
2023,3,Chennai,O+,12,9,37
2023,3,Chennai,O-,35,2,24
2023,3,Coimbatore,A+,54,7,64
2023,3,Coimbatore,A-,33,4,28
2023,3,Coimbatore,B+,73,4,64
2023,3,Coimbatore,B-,60,11,42
2023,3,Coimbatore,AB+,60,12,49
2023,3,Coimbatore,AB-,48,11,30
2023,3,Coimbatore,O+,33,2,34
2023,3,Coimbatore,O-,15,13,41
2023,3,Madurai,A+,57,7,61
2023,3,Madurai,A-,30,8,36
2023,3,Madurai,B+,79,0,56
2023,3,Madurai,B-,60,11,47
2023,3,Madurai,AB+,35,1,25
2023,3,Madurai,AB-,20,10,23
2023,3,Madurai,O+,52,0,55
2023,3,Madurai,O-,39,14,53
2023,3,Salem,A+,63,7,70
2023,3,Salem,A-,41,0,30
2023,3,Salem,B+,20,3,24
2023,3,Salem,B-,51,11,41
2023,3,Salem,AB+,45,12,47
2023,3,Salem,AB-,77,7,43
2023,3,Salem,O+,47,0,43
2023,3,Salem,O-,62,7,54
2023,3,Trichy,A+,67,0,53
2023,3,Trichy,A-,37,8,29
2023,3,Trichy,B+,58,1,53
2023,3,Trichy,B-,35,5,24
2023,3,Trichy,AB+,20,4,15
2023,3,Trichy,AB-,11,4,6
2023,3,Trichy,O+,5,13,39
2023,3,Trichy,O-,46,6,47
2023,3,Vellore,A+,79,0,68
2023,3,Vellore,A-,61,5,40
2023,3,Vellore,B+,21,1,18
2023,3,Vellore,B-,75,11,53
2023,3,Vellore,AB+,52,6,34
2023,3,Vellore,AB-,76,14,52
2023,3,Vellore,O+,59,8,84
2023,3,Vellore,O-,25,11,46
2023,3,Erode,A+,12,14,47
2023,3,Erode,A-,40,8,40
2023,3,Erode,B+,74,1,61
2023,3,Erode,B-,27,12,33
2023,3,Erode,AB+,45,9,35
2023,3,Erode,AB-,59,8,36
2023,3,Erode,O+,49,12,75
2023,3,Erode,O-,56,14,62
2023,3,Tirunelveli,A+,23,10,45
2023,3,Tirunelveli,A-,74,5,50
2023,3,Tirunelveli,B+,61,7,66
2023,3,Tirunelveli,B-,23,12,28
2023,3,Tirunelveli,AB+,45,10,35
2023,3,Tirunelveli,AB-,42,14,30
2023,3,Tirunelveli,O+,20,6,31
2023,3,Tirunelveli,O-,78,2,54
2023,3,Thoothukudi,A+,66,2,59
2023,3,Thoothukudi,A-,71,10,55
2023,3,Thoothukudi,B+,23,13,46
2023,3,Thoothukudi,B-,70,7,52
2023,3,Thoothukudi,AB+,16,7,13
2023,3,Thoothukudi,AB-,27,6,22
2023,3,Thoothukudi,O+,31,8,57
2023,3,Thoothukudi,O-,74,11,74
2023,3,Namakkal,A+,38,8,55
2023,3,Namakkal,A-,52,0,28
2023,3,Namakkal,B+,14,8,33
2023,3,Namakkal,B-,14,1,4
2023,3,Namakkal,AB+,64,8,50
2023,3,Namakkal,AB-,30,9,24
2023,3,Namakkal,O+,40,14,80
2023,3,Namakkal,O-,44,10,47
2023,3,Dharmapuri,A+,8,5,28
2023,3,Dharmapuri,A-,24,6,30
2023,3,Dharmapuri,B+,30,11,47
2023,3,Dharmapuri,B-,72,5,42
2023,3,Dharmapuri,AB+,35,14,38
2023,3,Dharmapuri,AB-,11,13,18
2023,3,Dharmapuri,O+,8,10,40
2023,3,Dharmapuri,O-,41,5,34
2023,3,Krishnagiri,A+,53,2,47
2023,3,Krishnagiri,A-,21,0,13
2023,3,Krishnagiri,B+,55,1,44
2023,3,Krishnagiri,B-,32,9,37
2023,3,Krishnagiri,AB+,78,5,40
2023,3,Krishnagiri,AB-,21,10,27
2023,3,Krishnagiri,O+,15,2,25
2023,3,Krishnagiri,O-,48,11,60
2023,3,Dindigul,A+,40,8,58
2023,3,Dindigul,A-,56,5,47
2023,3,Dindigul,B+,75,8,73
2023,3,Dindigul,B-,69,2,31
2023,3,Dindigul,AB+,27,14,44
2023,3,Dindigul,AB-,35,11,22
2023,3,Dindigul,O+,46,8,60
2023,3,Dindigul,O-,27,11,41
2023,3,Thanjavur,A+,20,4,25
2023,3,Thanjavur,A-,15,11,26
2023,3,Thanjavur,B+,22,13,42
2023,3,Thanjavur,B-,25,9,29
2023,3,Thanjavur,AB+,29,2,26
2023,3,Thanjavur,AB-,24,14,21
2023,3,Thanjavur,O+,16,10,39
2023,3,Thanjavur,O-,52,14,60
2023,3,Karur,A+,63,3,59
2023,3,Karur,A-,41,7,35
2023,3,Karur,B+,65,7,71
2023,3,Karur,B-,40,11,40
2023,3,Karur,AB+,38,5,34
2023,3,Karur,AB-,26,2,8
2023,3,Karur,O+,27,1,33
2023,3,Karur,O-,15,3,23
2023,4,Chennai,A+,60,2,76
2023,4,Chennai,A-,34,9,41
2023,4,Chennai,B+,27,0,23
2023,4,Chennai,B-,32,11,49
2023,4,Chennai,AB+,71,1,49
2023,4,Chennai,AB-,62,5,40
2023,4,Chennai,O+,21,4,46
2023,4,Chennai,O-,27,7,42
2023,4,Coimbatore,A+,48,14,101
2023,4,Coimbatore,A-,17,9,27
2023,4,Coimbatore,B+,24,14,74
2023,4,Coimbatore,B-,14,0,6
2023,4,Coimbatore,AB+,67,12,66
2023,4,Coimbatore,AB-,54,0,31
2023,4,Coimbatore,O+,12,8,48
2023,4,Coimbatore,O-,27,11,52
2023,4,Madurai,A+,38,6,58
2023,4,Madurai,A-,66,6,55
2023,4,Madurai,B+,56,0,53
2023,4,Madurai,B-,42,9,46
2023,4,Madurai,AB+,12,7,18
2023,4,Madurai,AB-,52,12,48
2023,4,Madurai,O+,31,13,87
2023,4,Madurai,O-,7,4,24
2023,4,Salem,A+,76,0,72
2023,4,Salem,A-,30,12,51
2023,4,Salem,B+,42,2,50
2023,4,Salem,B-,76,7,64
2023,4,Salem,AB+,59,12,66
2023,4,Salem,AB-,71,8,40
2023,4,Salem,O+,58,14,122
2023,4,Salem,O-,28,13,56
2023,4,Trichy,A+,44,12,87
2023,4,Trichy,A-,79,10,73
2023,4,Trichy,B+,68,14,112
2023,4,Trichy,B-,33,0,27
2023,4,Trichy,AB+,70,4,54
2023,4,Trichy,AB-,57,11,52
2023,4,Trichy,O+,11,14,75
2023,4,Trichy,O-,74,4,83
2023,4,Vellore,A+,31,2,38
2023,4,Vellore,A-,77,13,85
2023,4,Vellore,B+,62,0,57
2023,4,Vellore,B-,50,6,52
2023,4,Vellore,AB+,63,6,58
2023,4,Vellore,AB-,66,5,45
2023,4,Vellore,O+,79,1,103
2023,4,Vellore,O-,16,1,20
2023,4,Erode,A+,58,10,87
2023,4,Erode,A-,26,4,34
2023,4,Erode,B+,53,4,60
2023,4,Erode,B-,53,9,48
2023,4,Erode,AB+,70,10,59
2023,4,Erode,AB-,22,10,26
2023,4,Erode,O+,41,1,49
2023,4,Erode,O-,31,5,49
2023,4,Tirunelveli,A+,44,5,61
2023,4,Tirunelveli,A-,57,5,51
2023,4,Tirunelveli,B+,75,5,85
2023,4,Tirunelveli,B-,69,6,63
2023,4,Tirunelveli,AB+,46,1,36
2023,4,Tirunelveli,AB-,79,11,56
2023,4,Tirunelveli,O+,44,14,114
2023,4,Tirunelveli,O-,27,11,55
2023,4,Thoothukudi,A+,34,10,69
2023,4,Thoothukudi,A-,20,13,42
2023,4,Thoothukudi,B+,37,8,54
2023,4,Thoothukudi,B-,32,4,37
2023,4,Thoothukudi,AB+,30,12,51
2023,4,Thoothukudi,AB-,61,14,46
2023,4,Thoothukudi,O+,20,4,44
2023,4,Thoothukudi,O-,15,10,36
2023,4,Namakkal,A+,6,0,15
2023,4,Namakkal,A-,7,3,6
2023,4,Namakkal,B+,30,0,24
2023,4,Namakkal,B-,56,12,55
2023,4,Namakkal,AB+,76,10,70
2023,4,Namakkal,AB-,75,10,48
2023,4,Namakkal,O+,53,14,115
2023,4,Namakkal,O-,25,6,36
2023,4,Dharmapuri,A+,65,0,62
2023,4,Dharmapuri,A-,18,3,18
2023,4,Dharmapuri,B+,35,13,79
2023,4,Dharmapuri,B-,60,7,58
2023,4,Dharmapuri,AB+,70,9,60
2023,4,Dharmapuri,AB-,34,1,16
2023,4,Dharmapuri,O+,24,1,38
2023,4,Dharmapuri,O-,39,14,70
2023,4,Krishnagiri,A+,18,6,36
2023,4,Krishnagiri,A-,57,5,51
2023,4,Krishnagiri,B+,67,13,109
2023,4,Krishnagiri,B-,62,10,55
2023,4,Krishnagiri,AB+,27,2,29
2023,4,Krishnagiri,AB-,76,10,57
2023,4,Krishnagiri,O+,68,11,125
2023,4,Krishnagiri,O-,37,0,34
2023,4,Dindigul,A+,78,0,75
2023,4,Dindigul,A-,7,6,22
2023,4,Dindigul,B+,23,8,42
2023,4,Dindigul,B-,39,8,40
2023,4,Dindigul,AB+,64,10,63
2023,4,Dindigul,AB-,56,1,33
2023,4,Dindigul,O+,21,10,62
2023,4,Dindigul,O-,53,5,64
2023,4,Thanjavur,A+,18,6,41
2023,4,Thanjavur,A-,17,2,18
2023,4,Thanjavur,B+,76,2,78
2023,4,Thanjavur,B-,77,6,64
2023,4,Thanjavur,AB+,22,0,13
2023,4,Thanjavur,AB-,35,5,28
2023,4,Thanjavur,O+,41,14,98
2023,4,Thanjavur,O-,74,3,73
2023,4,Karur,A+,46,1,47
2023,4,Karur,A-,33,4,32
2023,4,Karur,B+,7,1,8
2023,4,Karur,B-,33,3,25
2023,4,Karur,AB+,46,3,32
2023,4,Karur,AB-,12,5,22
2023,4,Karur,O+,6,2,23
2023,4,Karur,O-,21,12,52
2023,5,Chennai,A+,29,9,66
2023,5,Chennai,A-,79,0,63
2023,5,Chennai,B+,26,11,56
2023,5,Chennai,B-,30,0,22
2023,5,Chennai,AB+,6,12,31
2023,5,Chennai,AB-,64,8,49
2023,5,Chennai,O+,44,1,52
2023,5,Chennai,O-,43,9,60
2023,5,Coimbatore,A+,29,6,57
2023,5,Coimbatore,A-,5,12,32
2023,5,Coimbatore,B+,34,4,52
2023,5,Coimbatore,B-,75,13,80
2023,5,Coimbatore,AB+,35,6,43
2023,5,Coimbatore,AB-,33,2,21
2023,5,Coimbatore,O+,55,13,116
2023,5,Coimbatore,O-,73,13,107
2023,5,Madurai,A+,27,7,56
2023,5,Madurai,A-,60,4,56
2023,5,Madurai,B+,34,11,65
2023,5,Madurai,B-,44,13,54
2023,5,Madurai,AB+,26,1,19
2023,5,Madurai,AB-,66,13,56
2023,5,Madurai,O+,79,12,138
2023,5,Madurai,O-,74,11,92
2023,5,Salem,A+,78,13,123
2023,5,Salem,A-,78,11,83
2023,5,Salem,B+,63,5,69
2023,5,Salem,B-,14,0,4
2023,5,Salem,AB+,70,12,76
2023,5,Salem,AB-,8,13,31
2023,5,Salem,O+,62,11,111
2023,5,Salem,O-,28,7,49
2023,5,Trichy,A+,29,8,59
2023,5,Trichy,A-,29,11,54
2023,5,Trichy,B+,59,8,82
2023,5,Trichy,B-,43,12,47
2023,5,Trichy,AB+,38,7,34
2023,5,Trichy,AB-,6,12,22
2023,5,Trichy,O+,63,6,103
2023,5,Trichy,O-,73,14,101
2023,5,Vellore,A+,64,1,68
2023,5,Vellore,A-,68,3,55
2023,5,Vellore,B+,17,1,21
2023,5,Vellore,B-,9,7,21
2023,5,Vellore,AB+,39,8,43
2023,5,Vellore,AB-,49,1,21
2023,5,Vellore,O+,46,10,87
2023,5,Vellore,O-,39,11,61
2023,5,Erode,A+,10,3,24
2023,5,Erode,A-,47,6,44
2023,5,Erode,B+,47,4,58
2023,5,Erode,B-,77,2,47
2023,5,Erode,AB+,70,1,42
2023,5,Erode,AB-,31,0,20
2023,5,Erode,O+,31,5,56
2023,5,Erode,O-,64,0,57
2023,5,Tirunelveli,A+,27,11,72
2023,5,Tirunelveli,A-,15,3,14
2023,5,Tirunelveli,B+,42,2,43
2023,5,Tirunelveli,B-,29,4,30
2023,5,Tirunelveli,AB+,73,8,58
2023,5,Tirunelveli,AB-,27,5,28
2023,5,Tirunelveli,O+,56,6,95
2023,5,Tirunelveli,O-,52,2,53
2023,5,Thoothukudi,A+,37,5,49
2023,5,Thoothukudi,A-,10,4,21
2023,5,Thoothukudi,B+,73,10,103
2023,5,Thoothukudi,B-,10,7,23
2023,5,Thoothukudi,AB+,73,13,81
2023,5,Thoothukudi,AB-,50,5,38
2023,5,Thoothukudi,O+,21,0,20
2023,5,Thoothukudi,O-,40,5,45
2023,5,Namakkal,A+,24,3,39
2023,5,Namakkal,A-,35,4,32
2023,5,Namakkal,B+,38,5,54
2023,5,Namakkal,B-,41,0,28
2023,5,Namakkal,AB+,59,14,66
2023,5,Namakkal,AB-,79,6,44
2023,5,Namakkal,O+,11,2,16
2023,5,Namakkal,O-,44,7,58
2023,5,Dharmapuri,A+,78,13,126
2023,5,Dharmapuri,A-,47,0,29
2023,5,Dharmapuri,B+,54,6,75
2023,5,Dharmapuri,B-,26,11,44
2023,5,Dharmapuri,AB+,14,1,12
2023,5,Dharmapuri,AB-,71,3,45
2023,5,Dharmapuri,O+,26,11,76
2023,5,Dharmapuri,O-,45,8,63
2023,5,Krishnagiri,A+,73,13,115
2023,5,Krishnagiri,A-,18,14,46
2023,5,Krishnagiri,B+,47,3,62
2023,5,Krishnagiri,B-,41,13,55
2023,5,Krishnagiri,AB+,77,7,67
2023,5,Krishnagiri,AB-,23,2,19
2023,5,Krishnagiri,O+,51,1,69
2023,5,Krishnagiri,O-,7,13,47
2023,5,Dindigul,A+,50,2,54
2023,5,Dindigul,A-,19,10,36
2023,5,Dindigul,B+,13,11,53
2023,5,Dindigul,B-,43,6,40
2023,5,Dindigul,AB+,72,8,59
2023,5,Dindigul,AB-,11,1,6
2023,5,Dindigul,O+,41,9,79
2023,5,Dindigul,O-,32,10,64
2023,5,Thanjavur,A+,67,2,71
2023,5,Thanjavur,A-,62,8,69
2023,5,Thanjavur,B+,75,5,83
2023,5,Thanjavur,B-,49,4,38
2023,5,Thanjavur,AB+,48,7,47
2023,5,Thanjavur,AB-,19,7,26
2023,5,Thanjavur,O+,43,3,68
2023,5,Thanjavur,O-,27,4,32
2023,5,Karur,A+,26,8,54
2023,5,Karur,A-,68,0,45
2023,5,Karur,B+,56,4,63
2023,5,Karur,B-,30,3,33
2023,5,Karur,AB+,39,5,39
2023,5,Karur,AB-,18,1,15
2023,5,Karur,O+,29,5,62
2023,5,Karur,O-,31,4,35
2023,6,Chennai,A+,56,5,70
2023,6,Chennai,A-,30,6,44
2023,6,Chennai,B+,9,9,31
2023,6,Chennai,B-,29,8,29
2023,6,Chennai,AB+,56,11,55
2023,6,Chennai,AB-,60,1,30
2023,6,Chennai,O+,12,2,28
2023,6,Chennai,O-,52,9,67
2023,6,Coimbatore,A+,13,7,31
2023,6,Coimbatore,A-,19,1,13
2023,6,Coimbatore,B+,67,10,93
2023,6,Coimbatore,B-,51,12,53
2023,6,Coimbatore,AB+,50,3,41
2023,6,Coimbatore,AB-,59,6,37
2023,6,Coimbatore,O+,72,11,126
2023,6,Coimbatore,O-,8,13,47
2023,6,Madurai,A+,56,0,58
2023,6,Madurai,A-,17,5,19
2023,6,Madurai,B+,36,0,37
2023,6,Madurai,B-,66,6,61
2023,6,Madurai,AB+,18,9,32
2023,6,Madurai,AB-,63,3,35
2023,6,Madurai,O+,50,1,59
2023,6,Madurai,O-,41,14,72
2023,6,Salem,A+,59,6,81
2023,6,Salem,A-,56,5,51
2023,6,Salem,B+,67,5,83
2023,6,Salem,B-,10,9,22
2023,6,Salem,AB+,48,3,35
2023,6,Salem,AB-,68,6,46
2023,6,Salem,O+,69,0,79
2023,6,Salem,O-,41,10,69
2023,6,Trichy,A+,53,6,75
2023,6,Trichy,A-,40,1,26
2023,6,Trichy,B+,72,1,65
2023,6,Trichy,B-,22,8,26
2023,6,Trichy,AB+,43,9,50
2023,6,Trichy,AB-,7,0,9
2023,6,Trichy,O+,20,2,36
2023,6,Trichy,O-,26,0,29
2023,6,Vellore,A+,53,12,100
2023,6,Vellore,A-,20,11,35
2023,6,Vellore,B+,30,9,62
2023,6,Vellore,B-,7,11,26
2023,6,Vellore,AB+,36,8,39
2023,6,Vellore,AB-,73,7,54
2023,6,Vellore,O+,69,6,106
2023,6,Vellore,O-,49,8,72
2023,6,Erode,A+,15,8,48
2023,6,Erode,A-,76,9,83
2023,6,Erode,B+,39,5,51
2023,6,Erode,B-,55,1,32
2023,6,Erode,AB+,30,3,27
2023,6,Erode,AB-,49,7,37
2023,6,Erode,O+,22,13,77
2023,6,Erode,O-,42,0,43
2023,6,Tirunelveli,A+,59,0,66
2023,6,Tirunelveli,A-,23,1,25
2023,6,Tirunelveli,B+,70,1,69
2023,6,Tirunelveli,B-,40,7,38
2023,6,Tirunelveli,AB+,67,1,52
2023,6,Tirunelveli,AB-,78,14,66
2023,6,Tirunelveli,O+,16,2,34
2023,6,Tirunelveli,O-,8,8,37
2023,6,Thoothukudi,A+,46,9,86
2023,6,Thoothukudi,A-,41,10,59
2023,6,Thoothukudi,B+,31,13,69
2023,6,Thoothukudi,B-,47,2,40
2023,6,Thoothukudi,AB+,22,1,15
2023,6,Thoothukudi,AB-,17,5,21
2023,6,Thoothukudi,O+,11,13,66
2023,6,Thoothukudi,O-,51,6,61
2023,6,Namakkal,A+,60,4,71
2023,6,Namakkal,A-,31,12,45
2023,6,Namakkal,B+,56,11,88
2023,6,Namakkal,B-,18,4,14
2023,6,Namakkal,AB+,16,2,13
2023,6,Namakkal,AB-,70,12,53
2023,6,Namakkal,O+,49,11,101
2023,6,Namakkal,O-,59,14,95
2023,6,Dharmapuri,A+,75,4,85
2023,6,Dharmapuri,A-,23,2,16
2023,6,Dharmapuri,B+,70,12,102
2023,6,Dharmapuri,B-,44,2,31
2023,6,Dharmapuri,AB+,55,8,59
2023,6,Dharmapuri,AB-,21,6,21
2023,6,Dharmapuri,O+,77,13,139
2023,6,Dharmapuri,O-,62,4,69
2023,6,Krishnagiri,A+,15,6,43
2023,6,Krishnagiri,A-,67,11,70
2023,6,Krishnagiri,B+,51,12,94
2023,6,Krishnagiri,B-,8,12,25
2023,6,Krishnagiri,AB+,54,11,63
2023,6,Krishnagiri,AB-,40,10,33
2023,6,Krishnagiri,O+,5,2,12
2023,6,Krishnagiri,O-,10,11,38
2023,6,Dindigul,A+,9,11,47
2023,6,Dindigul,A-,44,12,64
2023,6,Dindigul,B+,46,9,80
2023,6,Dindigul,B-,12,10,35
2023,6,Dindigul,AB+,64,13,67
2023,6,Dindigul,AB-,8,3,4
2023,6,Dindigul,O+,42,12,100
2023,6,Dindigul,O-,35,2,42
2023,6,Thanjavur,A+,31,10,71
2023,6,Thanjavur,A-,50,0,31
2023,6,Thanjavur,B+,41,8,60
2023,6,Thanjavur,B-,10,10,24
2023,6,Thanjavur,AB+,15,10,29
2023,6,Thanjavur,AB-,6,7,19
2023,6,Thanjavur,O+,59,14,126
2023,6,Thanjavur,O-,44,11,70
2023,6,Karur,A+,68,14,119
2023,6,Karur,A-,14,4,16
2023,6,Karur,B+,10,8,43
2023,6,Karur,B-,58,13,69
2023,6,Karur,AB+,71,1,45
2023,6,Karur,AB-,60,0,34
2023,6,Karur,O+,18,13,68
2023,6,Karur,O-,31,10,54
2023,7,Chennai,A+,65,5,61
2023,7,Chennai,A-,29,1,21
2023,7,Chennai,B+,41,4,39
2023,7,Chennai,B-,41,9,38
2023,7,Chennai,AB+,13,13,22
2023,7,Chennai,AB-,28,5,21
2023,7,Chennai,O+,61,9,82
2023,7,Chennai,O-,48,14,59
2023,7,Coimbatore,A+,52,7,66
2023,7,Coimbatore,A-,7,11,31
2023,7,Coimbatore,B+,8,14,45
2023,7,Coimbatore,B-,27,2,13
2023,7,Coimbatore,AB+,46,8,41
2023,7,Coimbatore,AB-,23,11,21
2023,7,Coimbatore,O+,13,7,40
2023,7,Coimbatore,O-,21,6,29
2023,7,Madurai,A+,58,11,69
2023,7,Madurai,A-,32,8,39
2023,7,Madurai,B+,53,11,61
2023,7,Madurai,B-,51,13,40
2023,7,Madurai,AB+,46,6,36
2023,7,Madurai,AB-,12,13,17
2023,7,Madurai,O+,42,2,41
2023,7,Madurai,O-,58,4,54
2023,7,Salem,A+,22,8,44
2023,7,Salem,A-,49,1,30
2023,7,Salem,B+,33,4,34
2023,7,Salem,B-,58,10,52
2023,7,Salem,AB+,70,3,44
2023,7,Salem,AB-,27,0,16
2023,7,Salem,O+,65,3,71
2023,7,Salem,O-,55,13,59
2023,7,Trichy,A+,25,8,38
2023,7,Trichy,A-,6,6,20
2023,7,Trichy,B+,63,1,52
2023,7,Trichy,B-,63,9,49
2023,7,Trichy,AB+,77,12,60
2023,7,Trichy,AB-,40,11,34
2023,7,Trichy,O+,8,4,14
2023,7,Trichy,O-,8,3,6
2023,7,Vellore,A+,18,8,36
2023,7,Vellore,A-,68,13,63
2023,7,Vellore,B+,11,13,45
2023,7,Vellore,B-,9,13,32
2023,7,Vellore,AB+,6,9,18
2023,7,Vellore,AB-,16,4,15
2023,7,Vellore,O+,11,1,11
2023,7,Vellore,O-,64,1,48
2023,7,Erode,A+,42,9,58
2023,7,Erode,A-,48,4,30
2023,7,Erode,B+,68,3,52
2023,7,Erode,B-,58,13,57
2023,7,Erode,AB+,44,7,41
2023,7,Erode,AB-,62,14,44
2023,7,Erode,O+,54,9,73
2023,7,Erode,O-,18,2,24
2023,7,Tirunelveli,A+,61,5,60
2023,7,Tirunelveli,A-,74,12,66
2023,7,Tirunelveli,B+,23,4,27
2023,7,Tirunelveli,B-,24,14,40
2023,7,Tirunelveli,AB+,42,0,20
2023,7,Tirunelveli,AB-,9,1,4
2023,7,Tirunelveli,O+,65,13,92
2023,7,Tirunelveli,O-,31,5,32
2023,7,Thoothukudi,A+,29,10,55
2023,7,Thoothukudi,A-,6,5,12
2023,7,Thoothukudi,B+,21,12,45
2023,7,Thoothukudi,B-,70,4,38
2023,7,Thoothukudi,AB+,30,7,20
2023,7,Thoothukudi,AB-,5,7,15
2023,7,Thoothukudi,O+,48,13,80
2023,7,Thoothukudi,O-,60,6,55
2023,7,Namakkal,A+,17,6,36
2023,7,Namakkal,A-,16,4,16
2023,7,Namakkal,B+,22,12,41
2023,7,Namakkal,B-,39,13,42
2023,7,Namakkal,AB+,38,3,31
2023,7,Namakkal,AB-,60,0,24
2023,7,Namakkal,O+,32,3,36
2023,7,Namakkal,O-,75,10,77
2023,7,Dharmapuri,A+,44,4,45
2023,7,Dharmapuri,A-,39,1,18
2023,7,Dharmapuri,B+,14,11,33
2023,7,Dharmapuri,B-,68,14,60
2023,7,Dharmapuri,AB+,30,0,11
2023,7,Dharmapuri,AB-,7,12,12
2023,7,Dharmapuri,O+,21,12,49
2023,7,Dharmapuri,O-,5,7,18
2023,7,Krishnagiri,A+,61,11,81
2023,7,Krishnagiri,A-,71,12,60
2023,7,Krishnagiri,B+,45,14,69
2023,7,Krishnagiri,B-,63,13,54
2023,7,Krishnagiri,AB+,75,8,49
2023,7,Krishnagiri,AB-,29,1,7
2023,7,Krishnagiri,O+,59,9,80
2023,7,Krishnagiri,O-,58,4,42
2023,7,Dindigul,A+,22,7,39
2023,7,Dindigul,A-,35,6,35
2023,7,Dindigul,B+,38,1,33
2023,7,Dindigul,B-,64,11,47
2023,7,Dindigul,AB+,44,0,24
2023,7,Dindigul,AB-,60,5,36
2023,7,Dindigul,O+,17,13,56
2023,7,Dindigul,O-,21,10,37
2023,7,Thanjavur,A+,50,0,45
2023,7,Thanjavur,A-,56,9,52
2023,7,Thanjavur,B+,63,14,75
2023,7,Thanjavur,B-,13,7,26
2023,7,Thanjavur,AB+,78,11,57
2023,7,Thanjavur,AB-,20,10,20
2023,7,Thanjavur,O+,60,7,79
2023,7,Thanjavur,O-,26,7,28
2023,7,Karur,A+,43,2,40
2023,7,Karur,A-,9,10,21
2023,7,Karur,B+,23,0,23
2023,7,Karur,B-,65,13,48
2023,7,Karur,AB+,65,11,44
2023,7,Karur,AB-,54,13,44
2023,7,Karur,O+,75,0,63
2023,7,Karur,O-,75,1,57
2023,8,Chennai,A+,20,13,50
2023,8,Chennai,A-,29,7,36
2023,8,Chennai,B+,26,3,33
2023,8,Chennai,B-,39,7,26
2023,8,Chennai,AB+,47,4,33
2023,8,Chennai,AB-,7,8,17
2023,8,Chennai,O+,59,2,63
2023,8,Chennai,O-,65,6,54
2023,8,Coimbatore,A+,69,3,66
2023,8,Coimbatore,A-,34,5,22
2023,8,Coimbatore,B+,37,3,42
2023,8,Coimbatore,B-,52,10,40
2023,8,Coimbatore,AB+,31,8,23
2023,8,Coimbatore,AB-,16,4,18
2023,8,Coimbatore,O+,52,4,62
2023,8,Coimbatore,O-,79,4,59
2023,8,Madurai,A+,8,9,27
2023,8,Madurai,A-,65,6,45
2023,8,Madurai,B+,51,10,69
2023,8,Madurai,B-,21,9,20
2023,8,Madurai,AB+,79,10,49
2023,8,Madurai,AB-,70,2,27
2023,8,Madurai,O+,7,6,21
2023,8,Madurai,O-,70,1,45
2023,8,Salem,A+,76,8,76
2023,8,Salem,A-,43,14,55
2023,8,Salem,B+,53,14,69
2023,8,Salem,B-,26,6,29
2023,8,Salem,AB+,48,2,33
2023,8,Salem,AB-,13,1,9
2023,8,Salem,O+,33,11,63
2023,8,Salem,O-,27,2,24
2023,8,Trichy,A+,48,13,80
2023,8,Trichy,A-,53,14,57
2023,8,Trichy,B+,8,13,32
2023,8,Trichy,B-,64,12,57
2023,8,Trichy,AB+,68,4,37
2023,8,Trichy,AB-,56,3,31
2023,8,Trichy,O+,52,4,61
2023,8,Trichy,O-,61,3,51
2023,8,Vellore,A+,45,7,60
2023,8,Vellore,A-,57,7,51
2023,8,Vellore,B+,33,6,34
2023,8,Vellore,B-,14,14,36
2023,8,Vellore,AB+,60,8,37
2023,8,Vellore,AB-,79,11,37
2023,8,Vellore,O+,77,0,66
2023,8,Vellore,O-,50,2,37
2023,8,Erode,A+,39,14,68
2023,8,Erode,A-,38,10,46
2023,8,Erode,B+,7,12,37
2023,8,Erode,B-,16,10,23
2023,8,Erode,AB+,55,2,32
2023,8,Erode,AB-,63,1,19
2023,8,Erode,O+,9,5,25
2023,8,Erode,O-,37,11,47
2023,8,Tirunelveli,A+,32,9,56
2023,8,Tirunelveli,A-,54,9,48
2023,8,Tirunelveli,B+,19,9,33
2023,8,Tirunelveli,B-,47,6,27
2023,8,Tirunelveli,AB+,22,0,19
2023,8,Tirunelveli,AB-,29,11,24
2023,8,Tirunelveli,O+,51,4,52
2023,8,Tirunelveli,O-,71,6,66
2023,8,Thoothukudi,A+,47,4,44
2023,8,Thoothukudi,A-,56,4,40
2023,8,Thoothukudi,B+,60,7,56
2023,8,Thoothukudi,B-,52,10,38
2023,8,Thoothukudi,AB+,14,11,19
2023,8,Thoothukudi,AB-,22,11,30
2023,8,Thoothukudi,O+,6,7,30
2023,8,Thoothukudi,O-,29,0,15
2023,8,Namakkal,A+,20,9,38
2023,8,Namakkal,A-,41,6,32
2023,8,Namakkal,B+,26,1,30
2023,8,Namakkal,B-,78,13,60
2023,8,Namakkal,AB+,58,13,46
2023,8,Namakkal,AB-,45,6,23
2023,8,Namakkal,O+,71,13,103
2023,8,Namakkal,O-,47,12,52
2023,8,Dharmapuri,A+,69,2,67
2023,8,Dharmapuri,A-,79,13,65
2023,8,Dharmapuri,B+,20,13,53
2023,8,Dharmapuri,B-,64,2,36
2023,8,Dharmapuri,AB+,70,9,52
2023,8,Dharmapuri,AB-,71,14,48
2023,8,Dharmapuri,O+,23,8,52
2023,8,Dharmapuri,O-,19,6,30
2023,8,Krishnagiri,A+,67,10,75
2023,8,Krishnagiri,A-,47,0,30
2023,8,Krishnagiri,B+,8,4,18
2023,8,Krishnagiri,B-,78,1,34
2023,8,Krishnagiri,AB+,57,2,33
2023,8,Krishnagiri,AB-,7,2,1
2023,8,Krishnagiri,O+,17,2,24
2023,8,Krishnagiri,O-,59,1,38
2023,8,Dindigul,A+,34,7,52
2023,8,Dindigul,A-,34,9,36
2023,8,Dindigul,B+,69,0,51
2023,8,Dindigul,B-,16,7,23
2023,8,Dindigul,AB+,22,11,30
2023,8,Dindigul,AB-,69,4,33
2023,8,Dindigul,O+,41,12,80
2023,8,Dindigul,O-,48,3,34
2023,8,Thanjavur,A+,36,5,46
2023,8,Thanjavur,A-,24,1,17
2023,8,Thanjavur,B+,45,6,42
2023,8,Thanjavur,B-,39,8,33
2023,8,Thanjavur,AB+,31,9,25
2023,8,Thanjavur,AB-,25,1,15
2023,8,Thanjavur,O+,32,0,31
2023,8,Thanjavur,O-,19,12,47
2023,8,Karur,A+,40,2,33
2023,8,Karur,A-,49,6,41
2023,8,Karur,B+,61,11,71
2023,8,Karur,B-,33,1,17
2023,8,Karur,AB+,76,6,52
2023,8,Karur,AB-,20,6,23
2023,8,Karur,O+,77,10,105
2023,8,Karur,O-,15,2,23
2023,9,Chennai,A+,19,4,28
2023,9,Chennai,A-,37,6,31
2023,9,Chennai,B+,26,0,22
2023,9,Chennai,B-,31,3,24
2023,9,Chennai,AB+,16,11,24
2023,9,Chennai,AB-,76,12,40
2023,9,Chennai,O+,37,1,32
2023,9,Chennai,O-,13,12,38
2023,9,Coimbatore,A+,49,6,62
2023,9,Coimbatore,A-,56,8,51
2023,9,Coimbatore,B+,11,10,34
2023,9,Coimbatore,B-,61,6,37
2023,9,Coimbatore,AB+,77,13,65
2023,9,Coimbatore,AB-,55,14,34
2023,9,Coimbatore,O+,58,6,79
2023,9,Coimbatore,O-,62,7,65
2023,9,Madurai,A+,72,8,84
2023,9,Madurai,A-,64,4,37
2023,9,Madurai,B+,5,8,31
2023,9,Madurai,B-,48,2,31
2023,9,Madurai,AB+,25,7,19
2023,9,Madurai,AB-,27,8,17
2023,9,Madurai,O+,54,8,76
2023,9,Madurai,O-,26,7,28
2023,9,Salem,A+,46,13,75
2023,9,Salem,A-,14,3,21
2023,9,Salem,B+,28,5,37
2023,9,Salem,B-,49,12,38
2023,9,Salem,AB+,20,5,18
2023,9,Salem,AB-,44,7,33
2023,9,Salem,O+,74,0,73
2023,9,Salem,O-,72,1,56
2023,9,Trichy,A+,62,6,58
2023,9,Trichy,A-,9,9,23
2023,9,Trichy,B+,8,6,19
2023,9,Trichy,B-,79,10,49
2023,9,Trichy,AB+,73,12,55
2023,9,Trichy,AB-,71,13,39
2023,9,Trichy,O+,71,12,105
2023,9,Trichy,O-,60,14,76
2023,9,Vellore,A+,45,13,70
2023,9,Vellore,A-,54,9,40
2023,9,Vellore,B+,19,12,41
2023,9,Vellore,B-,77,2,35
2023,9,Vellore,AB+,70,9,48
2023,9,Vellore,AB-,34,10,25
2023,9,Vellore,O+,13,11,50
2023,9,Vellore,O-,20,7,28
2023,9,Erode,A+,24,13,50
2023,9,Erode,A-,56,10,52
2023,9,Erode,B+,70,6,59
2023,9,Erode,B-,19,10,23
2023,9,Erode,AB+,54,8,44
2023,9,Erode,AB-,37,3,16
2023,9,Erode,O+,68,9,86
2023,9,Erode,O-,54,14,71
2023,9,Tirunelveli,A+,16,9,38
2023,9,Tirunelveli,A-,13,0,14
2023,9,Tirunelveli,B+,55,12,65
2023,9,Tirunelveli,B-,22,6,27
2023,9,Tirunelveli,AB+,54,13,50
2023,9,Tirunelveli,AB-,78,5,31
2023,9,Tirunelveli,O+,6,6,29
2023,9,Tirunelveli,O-,5,3,8
2023,9,Thoothukudi,A+,17,8,31
2023,9,Thoothukudi,A-,42,4,28
2023,9,Thoothukudi,B+,22,9,36
2023,9,Thoothukudi,B-,38,13,44
2023,9,Thoothukudi,AB+,34,0,16
2023,9,Thoothukudi,AB-,60,2,28
2023,9,Thoothukudi,O+,23,12,64
2023,9,Thoothukudi,O-,75,10,68
2023,9,Namakkal,A+,47,4,55
2023,9,Namakkal,A-,39,3,25
2023,9,Namakkal,B+,40,3,43
2023,9,Namakkal,B-,6,4,6
2023,9,Namakkal,AB+,50,3,33
2023,9,Namakkal,AB-,64,7,29
2023,9,Namakkal,O+,74,2,67
2023,9,Namakkal,O-,8,5,19
2023,9,Dharmapuri,A+,11,11,45
2023,9,Dharmapuri,A-,37,7,39
2023,9,Dharmapuri,B+,72,7,71
2023,9,Dharmapuri,B-,39,8,28
2023,9,Dharmapuri,AB+,43,6,35
2023,9,Dharmapuri,AB-,26,0,18
2023,9,Dharmapuri,O+,16,2,17
2023,9,Dharmapuri,O-,38,0,28
2023,9,Krishnagiri,A+,36,3,37
2023,9,Krishnagiri,A-,75,12,68
2023,9,Krishnagiri,B+,26,0,15
2023,9,Krishnagiri,B-,33,0,10
2023,9,Krishnagiri,AB+,32,9,38
2023,9,Krishnagiri,AB-,45,0,14
2023,9,Krishnagiri,O+,45,5,64
2023,9,Krishnagiri,O-,48,7,47
2023,9,Dindigul,A+,76,6,77
2023,9,Dindigul,A-,35,8,29
2023,9,Dindigul,B+,57,11,63
2023,9,Dindigul,B-,24,7,26
2023,9,Dindigul,AB+,8,5,17
2023,9,Dindigul,AB-,66,12,33
2023,9,Dindigul,O+,24,3,30
2023,9,Dindigul,O-,19,7,34
2023,9,Thanjavur,A+,68,13,94
2023,9,Thanjavur,A-,40,3,24
2023,9,Thanjavur,B+,44,5,41
2023,9,Thanjavur,B-,49,13,43
2023,9,Thanjavur,AB+,70,7,44
2023,9,Thanjavur,AB-,6,9,18
2023,9,Thanjavur,O+,5,1,2
2023,9,Thanjavur,O-,15,13,34
2023,9,Karur,A+,65,10,81
2023,9,Karur,A-,38,6,32
2023,9,Karur,B+,6,13,32
2023,9,Karur,B-,70,13,53
2023,9,Karur,AB+,39,9,33
2023,9,Karur,AB-,26,10,20
2023,9,Karur,O+,66,7,87
2023,9,Karur,O-,58,1,46
2023,10,Chennai,A+,42,13,62
2023,10,Chennai,A-,24,11,30
2023,10,Chennai,B+,13,11,43
2023,10,Chennai,B-,15,9,25
2023,10,Chennai,AB+,75,8,48
2023,10,Chennai,AB-,21,12,26
2023,10,Chennai,O+,51,9,78
2023,10,Chennai,O-,8,9,27
2023,10,Coimbatore,A+,71,10,81
2023,10,Coimbatore,A-,62,3,45
2023,10,Coimbatore,B+,6,10,26
2023,10,Coimbatore,B-,53,0,24
2023,10,Coimbatore,AB+,21,12,36
2023,10,Coimbatore,AB-,7,9,11
2023,10,Coimbatore,O+,35,13,65
2023,10,Coimbatore,O-,73,0,53
2023,10,Madurai,A+,40,4,46
2023,10,Madurai,A-,65,11,62
2023,10,Madurai,B+,8,6,15
2023,10,Madurai,B-,45,5,35
2023,10,Madurai,AB+,76,7,50
2023,10,Madurai,AB-,25,7,19
2023,10,Madurai,O+,78,10,102
2023,10,Madurai,O-,31,9,42
2023,10,Salem,A+,40,10,64
2023,10,Salem,A-,39,4,27
2023,10,Salem,B+,41,11,61
2023,10,Salem,B-,54,8,44
2023,10,Salem,AB+,67,6,47
2023,10,Salem,AB-,14,9,16
2023,10,Salem,O+,7,4,19
2023,10,Salem,O-,16,13,46
2023,10,Trichy,A+,45,9,53
2023,10,Trichy,A-,74,13,63
2023,10,Trichy,B+,6,9,28
2023,10,Trichy,B-,73,13,58
2023,10,Trichy,AB+,20,3,20
2023,10,Trichy,AB-,19,4,10
2023,10,Trichy,O+,25,8,41
2023,10,Trichy,O-,76,6,71
2023,10,Vellore,A+,37,1,26
2023,10,Vellore,A-,32,9,36
2023,10,Vellore,B+,5,14,34
2023,10,Vellore,B-,52,10,41
2023,10,Vellore,AB+,24,12,39
2023,10,Vellore,AB-,42,6,28
2023,10,Vellore,O+,10,7,26
2023,10,Vellore,O-,11,2,19
2023,10,Erode,A+,20,13,50
2023,10,Erode,A-,22,12,34
2023,10,Erode,B+,72,8,66
2023,10,Erode,B-,55,7,38
2023,10,Erode,AB+,54,4,33
2023,10,Erode,AB-,67,4,32
2023,10,Erode,O+,31,0,26
2023,10,Erode,O-,30,2,19
2023,10,Tirunelveli,A+,62,10,72
2023,10,Tirunelveli,A-,11,14,32
2023,10,Tirunelveli,B+,19,1,23
2023,10,Tirunelveli,B-,70,0,29
2023,10,Tirunelveli,AB+,51,13,48
2023,10,Tirunelveli,AB-,79,11,44
2023,10,Tirunelveli,O+,75,10,94
2023,10,Tirunelveli,O-,60,3,53
2023,10,Thoothukudi,A+,41,9,54
2023,10,Thoothukudi,A-,38,8,43
2023,10,Thoothukudi,B+,34,5,44
2023,10,Thoothukudi,B-,74,0,31
2023,10,Thoothukudi,AB+,19,3,19
2023,10,Thoothukudi,AB-,44,8,20
2023,10,Thoothukudi,O+,16,14,61
2023,10,Thoothukudi,O-,64,7,55
2023,10,Namakkal,A+,31,4,38
2023,10,Namakkal,A-,57,13,59
2023,10,Namakkal,B+,43,14,61
2023,10,Namakkal,B-,18,6,18
2023,10,Namakkal,AB+,38,7,36
2023,10,Namakkal,AB-,29,8,23
2023,10,Namakkal,O+,54,14,99
2023,10,Namakkal,O-,46,2,32
2023,10,Dharmapuri,A+,70,5,73
2023,10,Dharmapuri,A-,5,11,23
2023,10,Dharmapuri,B+,9,2,16
2023,10,Dharmapuri,B-,19,4,15
2023,10,Dharmapuri,AB+,8,11,25
2023,10,Dharmapuri,AB-,77,0,33
2023,10,Dharmapuri,O+,74,13,109
2023,10,Dharmapuri,O-,31,10,48
2023,10,Krishnagiri,A+,50,10,61
2023,10,Krishnagiri,A-,33,14,44
2023,10,Krishnagiri,B+,61,11,70
2023,10,Krishnagiri,B-,19,10,29
2023,10,Krishnagiri,AB+,64,10,48
2023,10,Krishnagiri,AB-,25,7,16
2023,10,Krishnagiri,O+,28,13,72
2023,10,Krishnagiri,O-,52,6,53
2023,10,Dindigul,A+,17,5,27
2023,10,Dindigul,A-,63,4,50
2023,10,Dindigul,B+,28,10,46
2023,10,Dindigul,B-,12,9,22
2023,10,Dindigul,AB+,46,2,26
2023,10,Dindigul,AB-,28,10,21
2023,10,Dindigul,O+,7,5,21
2023,10,Dindigul,O-,26,7,27
2023,10,Thanjavur,A+,33,9,44
2023,10,Thanjavur,A-,11,10,20
2023,10,Thanjavur,B+,44,2,43
2023,10,Thanjavur,B-,10,0,1
2023,10,Thanjavur,AB+,43,11,38
2023,10,Thanjavur,AB-,37,9,25
2023,10,Thanjavur,O+,37,8,65
2023,10,Thanjavur,O-,34,8,48
2023,10,Karur,A+,75,13,94
2023,10,Karur,A-,75,9,61
2023,10,Karur,B+,29,14,51
2023,10,Karur,B-,32,1,14
2023,10,Karur,AB+,78,12,54
2023,10,Karur,AB-,65,5,26
2023,10,Karur,O+,37,13,76
2023,10,Karur,O-,68,7,63
2023,11,Chennai,A+,59,8,66
2023,11,Chennai,A-,71,10,59
2023,11,Chennai,B+,18,0,7
2023,11,Chennai,B-,54,10,39
2023,11,Chennai,AB+,21,6,25
2023,11,Chennai,AB-,50,14,42
2023,11,Chennai,O+,20,11,56
2023,11,Chennai,O-,69,5,64
2023,11,Coimbatore,A+,10,14,39
2023,11,Coimbatore,A-,75,7,52
2023,11,Coimbatore,B+,46,10,65
2023,11,Coimbatore,B-,11,7,23
2023,11,Coimbatore,AB+,18,12,28
2023,11,Coimbatore,AB-,71,9,42
2023,11,Coimbatore,O+,62,1,66
2023,11,Coimbatore,O-,61,12,65
2023,11,Madurai,A+,72,13,94
2023,11,Madurai,A-,5,7,14
2023,11,Madurai,B+,56,8,62
2023,11,Madurai,B-,70,0,35
2023,11,Madurai,AB+,65,10,45
2023,11,Madurai,AB-,53,6,25
2023,11,Madurai,O+,73,4,81
2023,11,Madurai,O-,13,6,17
2023,11,Salem,A+,62,8,76
2023,11,Salem,A-,41,1,20
2023,11,Salem,B+,9,0,1
2023,11,Salem,B-,11,9,25
2023,11,Salem,AB+,8,3,15
2023,11,Salem,AB-,22,3,18
2023,11,Salem,O+,54,13,92
2023,11,Salem,O-,17,10,42
2023,11,Trichy,A+,46,5,48
2023,11,Trichy,A-,15,4,19
2023,11,Trichy,B+,19,7,36
2023,11,Trichy,B-,76,8,46
2023,11,Trichy,AB+,32,12,43
2023,11,Trichy,AB-,56,13,43
2023,11,Trichy,O+,60,1,53
2023,11,Trichy,O-,69,14,84
2023,11,Vellore,A+,64,1,59
2023,11,Vellore,A-,18,11,35
2023,11,Vellore,B+,64,4,53
2023,11,Vellore,B-,38,1,27
2023,11,Vellore,AB+,58,6,35
2023,11,Vellore,AB-,32,6,13
2023,11,Vellore,O+,49,7,72
2023,11,Vellore,O-,64,2,53
2023,11,Erode,A+,35,6,43
2023,11,Erode,A-,55,4,32
2023,11,Erode,B+,45,4,40
2023,11,Erode,B-,14,2,4
2023,11,Erode,AB+,7,10,26
2023,11,Erode,AB-,30,0,14
2023,11,Erode,O+,46,7,70
2023,11,Erode,O-,76,12,73
2023,11,Tirunelveli,A+,28,8,40
2023,11,Tirunelveli,A-,48,12,46
2023,11,Tirunelveli,B+,23,4,24
2023,11,Tirunelveli,B-,59,3,29
2023,11,Tirunelveli,AB+,12,13,24
2023,11,Tirunelveli,AB-,76,8,39
2023,11,Tirunelveli,O+,45,6,67
2023,11,Tirunelveli,O-,64,2,48
2023,11,Thoothukudi,A+,75,8,86
2023,11,Thoothukudi,A-,73,12,59
2023,11,Thoothukudi,B+,22,6,30
2023,11,Thoothukudi,B-,68,5,44
2023,11,Thoothukudi,AB+,53,12,52
2023,11,Thoothukudi,AB-,56,14,38
2023,11,Thoothukudi,O+,77,2,81
2023,11,Thoothukudi,O-,74,5,57
2023,11,Namakkal,A+,32,10,58
2023,11,Namakkal,A-,54,5,42
2023,11,Namakkal,B+,39,13,61
2023,11,Namakkal,B-,77,10,48
2023,11,Namakkal,AB+,36,12,41
2023,11,Namakkal,AB-,30,11,19
2023,11,Namakkal,O+,20,2,28
2023,11,Namakkal,O-,60,13,72
2023,11,Dharmapuri,A+,41,13,61
2023,11,Dharmapuri,A-,20,1,10
2023,11,Dharmapuri,B+,34,8,44
2023,11,Dharmapuri,B-,67,2,30
2023,11,Dharmapuri,AB+,31,5,25
2023,11,Dharmapuri,AB-,43,2,12
2023,11,Dharmapuri,O+,17,13,53
2023,11,Dharmapuri,O-,5,1,6
2023,11,Krishnagiri,A+,51,0,39
2023,11,Krishnagiri,A-,56,1,40
2023,11,Krishnagiri,B+,11,13,37
2023,11,Krishnagiri,B-,28,10,30
2023,11,Krishnagiri,AB+,66,2,38
2023,11,Krishnagiri,AB-,45,12,32
2023,11,Krishnagiri,O+,78,0,73
2023,11,Krishnagiri,O-,19,3,18
2023,11,Dindigul,A+,75,7,84
2023,11,Dindigul,A-,11,13,29
2023,11,Dindigul,B+,13,13,38
2023,11,Dindigul,B-,56,12,43
2023,11,Dindigul,AB+,35,7,37
2023,11,Dindigul,AB-,28,3,10
2023,11,Dindigul,O+,29,7,48
2023,11,Dindigul,O-,25,14,43
2023,11,Thanjavur,A+,77,2,68
2023,11,Thanjavur,A-,14,1,18
2023,11,Thanjavur,B+,17,11,44
2023,11,Thanjavur,B-,5,14,28
2023,11,Thanjavur,AB+,59,0,30
2023,11,Thanjavur,AB-,20,2,6
2023,11,Thanjavur,O+,64,13,99
2023,11,Thanjavur,O-,48,0,32
2023,11,Karur,A+,39,14,70
2023,11,Karur,A-,16,7,18
2023,11,Karur,B+,43,11,64
2023,11,Karur,B-,32,2,20
2023,11,Karur,AB+,24,5,24
2023,11,Karur,AB-,32,12,27
2023,11,Karur,O+,24,4,30
2023,11,Karur,O-,67,3,54
2023,12,Chennai,A+,44,6,49
2023,12,Chennai,A-,41,8,43
2023,12,Chennai,B+,40,2,38
2023,12,Chennai,B-,26,1,17
2023,12,Chennai,AB+,38,8,35
2023,12,Chennai,AB-,13,2,13
2023,12,Chennai,O+,29,1,27
2023,12,Chennai,O-,30,2,25
2023,12,Coimbatore,A+,72,0,60
2023,12,Coimbatore,A-,49,2,29
2023,12,Coimbatore,B+,11,9,36
2023,12,Coimbatore,B-,72,6,44
2023,12,Coimbatore,AB+,57,12,51
2023,12,Coimbatore,AB-,67,12,40
2023,12,Coimbatore,O+,61,5,68
2023,12,Coimbatore,O-,17,0,20
2023,12,Madurai,A+,76,10,80
2023,12,Madurai,A-,68,0,42
2023,12,Madurai,B+,52,7,59
2023,12,Madurai,B-,22,5,25
2023,12,Madurai,AB+,36,12,39
2023,12,Madurai,AB-,28,5,12
2023,12,Madurai,O+,63,14,95
2023,12,Madurai,O-,71,13,78
2023,12,Salem,A+,20,8,35
2023,12,Salem,A-,66,12,62
2023,12,Salem,B+,25,7,41
2023,12,Salem,B-,55,8,38
2023,12,Salem,AB+,77,9,54
2023,12,Salem,AB-,16,10,15
2023,12,Salem,O+,68,14,104
2023,12,Salem,O-,68,6,53
2023,12,Trichy,A+,18,12,44
2023,12,Trichy,A-,49,0,28
2023,12,Trichy,B+,66,12,76
2023,12,Trichy,B-,6,12,20
2023,12,Trichy,AB+,33,11,35
2023,12,Trichy,AB-,39,14,32
2023,12,Trichy,O+,11,11,42
2023,12,Trichy,O-,67,5,55
2023,12,Vellore,A+,15,5,20
2023,12,Vellore,A-,67,9,61
2023,12,Vellore,B+,36,2,26
2023,12,Vellore,B-,7,0,4
2023,12,Vellore,AB+,52,8,38
2023,12,Vellore,AB-,13,2,4
2023,12,Vellore,O+,66,7,80
2023,12,Vellore,O-,7,5,10
2023,12,Erode,A+,40,5,43
2023,12,Erode,A-,8,9,29
2023,12,Erode,B+,53,10,66
2023,12,Erode,B-,72,12,50
2023,12,Erode,AB+,47,5,30
2023,12,Erode,AB-,52,9,37
2023,12,Erode,O+,47,14,81
2023,12,Erode,O-,42,11,48
2023,12,Tirunelveli,A+,27,1,31
2023,12,Tirunelveli,A-,45,9,49
2023,12,Tirunelveli,B+,21,3,29
2023,12,Tirunelveli,B-,28,6,23
2023,12,Tirunelveli,AB+,34,12,39
2023,12,Tirunelveli,AB-,48,6,33
2023,12,Tirunelveli,O+,8,7,34
2023,12,Tirunelveli,O-,56,9,58
2023,12,Thoothukudi,A+,50,10,73
2023,12,Thoothukudi,A-,36,4,33
2023,12,Thoothukudi,B+,34,8,44
2023,12,Thoothukudi,B-,46,12,50
2023,12,Thoothukudi,AB+,78,5,41
2023,12,Thoothukudi,AB-,21,1,16
2023,12,Thoothukudi,O+,9,12,45
2023,12,Thoothukudi,O-,72,8,67
2023,12,Namakkal,A+,30,8,42
2023,12,Namakkal,A-,43,10,38
2023,12,Namakkal,B+,48,7,57
2023,12,Namakkal,B-,43,7,34
2023,12,Namakkal,AB+,17,3,18
2023,12,Namakkal,AB-,7,13,23
2023,12,Namakkal,O+,65,10,93
2023,12,Namakkal,O-,10,14,39
2023,12,Dharmapuri,A+,33,7,48
2023,12,Dharmapuri,A-,77,14,61
2023,12,Dharmapuri,B+,75,9,78
2023,12,Dharmapuri,B-,67,12,56
2023,12,Dharmapuri,AB+,22,3,23
2023,12,Dharmapuri,AB-,42,3,21
2023,12,Dharmapuri,O+,62,11,94
2023,12,Dharmapuri,O-,48,0,34
2023,12,Krishnagiri,A+,37,4,34
2023,12,Krishnagiri,A-,13,5,24
2023,12,Krishnagiri,B+,77,4,65
2023,12,Krishnagiri,B-,6,13,29
2023,12,Krishnagiri,AB+,33,8,25
2023,12,Krishnagiri,AB-,36,4,19
2023,12,Krishnagiri,O+,62,3,62
2023,12,Krishnagiri,O-,47,3,36
2023,12,Dindigul,A+,23,11,41
2023,12,Dindigul,A-,31,8,37
2023,12,Dindigul,B+,38,4,40
2023,12,Dindigul,B-,71,8,44
2023,12,Dindigul,AB+,25,11,35
2023,12,Dindigul,AB-,51,11,40
2023,12,Dindigul,O+,68,6,85
2023,12,Dindigul,O-,6,10,33
2023,12,Thanjavur,A+,16,6,29
2023,12,Thanjavur,A-,22,9,31
2023,12,Thanjavur,B+,28,11,42
2023,12,Thanjavur,B-,10,7,19
2023,12,Thanjavur,AB+,53,14,53
2023,12,Thanjavur,AB-,11,12,22
2023,12,Thanjavur,O+,57,8,82
2023,12,Thanjavur,O-,65,11,70
2023,12,Karur,A+,23,9,42
2023,12,Karur,A-,16,11,25
2023,12,Karur,B+,40,7,40
2023,12,Karur,B-,40,3,21
2023,12,Karur,AB+,54,7,37
2023,12,Karur,AB-,12,12,20
2023,12,Karur,O+,11,7,33
2023,12,Karur,O-,52,2,47
2024,1,Chennai,A+,22,10,51
2024,1,Chennai,A-,33,6,37
2024,1,Chennai,B+,20,5,29
2024,1,Chennai,B-,19,8,28
2024,1,Chennai,AB+,68,9,43
2024,1,Chennai,AB-,17,3,10
2024,1,Chennai,O+,61,0,51
2024,1,Chennai,O-,32,13,50
2024,1,Coimbatore,A+,5,0,5
2024,1,Coimbatore,A-,75,2,42
2024,1,Coimbatore,B+,18,7,37
2024,1,Coimbatore,B-,16,6,18
2024,1,Coimbatore,AB+,18,13,29
2024,1,Coimbatore,AB-,26,12,18
2024,1,Coimbatore,O+,33,7,55
2024,1,Coimbatore,O-,63,5,61
2024,1,Madurai,A+,25,14,58
2024,1,Madurai,A-,75,0,36
2024,1,Madurai,B+,16,12,49
2024,1,Madurai,B-,30,4,17
2024,1,Madurai,AB+,76,3,42
2024,1,Madurai,AB-,73,5,33
2024,1,Madurai,O+,76,2,71
2024,1,Madurai,O-,38,5,41
2024,1,Salem,A+,67,13,82
2024,1,Salem,A-,21,8,20
2024,1,Salem,B+,43,4,49
2024,1,Salem,B-,26,9,29
2024,1,Salem,AB+,23,5,20
2024,1,Salem,AB-,6,14,18
2024,1,Salem,O+,42,4,50
2024,1,Salem,O-,70,3,47
2024,1,Trichy,A+,11,10,36
2024,1,Trichy,A-,15,11,23
2024,1,Trichy,B+,5,12,35
2024,1,Trichy,B-,5,10,19
2024,1,Trichy,AB+,77,0,42
2024,1,Trichy,AB-,68,0,19
2024,1,Trichy,O+,75,9,91
2024,1,Trichy,O-,61,8,58
2024,1,Vellore,A+,39,9,55
2024,1,Vellore,A-,10,3,12
2024,1,Vellore,B+,39,0,37
2024,1,Vellore,B-,34,3,24
2024,1,Vellore,AB+,27,12,27
2024,1,Vellore,AB-,16,0,13
2024,1,Vellore,O+,37,5,52
2024,1,Vellore,O-,18,8,38
2024,1,Erode,A+,15,2,21
2024,1,Erode,A-,55,11,54
2024,1,Erode,B+,15,5,25
2024,1,Erode,B-,23,6,21
2024,1,Erode,AB+,10,8,17
2024,1,Erode,AB-,22,14,24
2024,1,Erode,O+,66,12,103
2024,1,Erode,O-,13,14,39
2024,1,Tirunelveli,A+,57,4,51
2024,1,Tirunelveli,A-,33,4,24
2024,1,Tirunelveli,B+,66,9,76
2024,1,Tirunelveli,B-,39,6,30
2024,1,Tirunelveli,AB+,63,6,34
2024,1,Tirunelveli,AB-,48,9,26
2024,1,Tirunelveli,O+,58,8,79
2024,1,Tirunelveli,O-,42,8,45
2024,1,Thoothukudi,A+,11,13,42
2024,1,Thoothukudi,A-,39,10,48
2024,1,Thoothukudi,B+,65,0,44
2024,1,Thoothukudi,B-,62,10,40
2024,1,Thoothukudi,AB+,41,7,25
2024,1,Thoothukudi,AB-,9,10,17
2024,1,Thoothukudi,O+,39,12,71
2024,1,Thoothukudi,O-,27,9,45
2024,1,Namakkal,A+,28,13,52
2024,1,Namakkal,A-,79,0,48
2024,1,Namakkal,B+,30,7,36
2024,1,Namakkal,B-,70,0,42
2024,1,Namakkal,AB+,49,12,37
2024,1,Namakkal,AB-,74,11,48
2024,1,Namakkal,O+,60,2,60
2024,1,Namakkal,O-,42,4,33
2024,1,Dharmapuri,A+,47,10,62
2024,1,Dharmapuri,A-,15,0,6
2024,1,Dharmapuri,B+,17,7,36
2024,1,Dharmapuri,B-,42,3,24
2024,1,Dharmapuri,AB+,53,2,29
2024,1,Dharmapuri,AB-,69,11,34
2024,1,Dharmapuri,O+,17,10,42
2024,1,Dharmapuri,O-,32,5,40
2024,1,Krishnagiri,A+,50,8,67
2024,1,Krishnagiri,A-,49,0,24
2024,1,Krishnagiri,B+,17,3,19
2024,1,Krishnagiri,B-,69,13,56
2024,1,Krishnagiri,AB+,5,9,11
2024,1,Krishnagiri,AB-,23,0,16
2024,1,Krishnagiri,O+,56,6,76
2024,1,Krishnagiri,O-,45,11,51
2024,1,Dindigul,A+,26,12,60
2024,1,Dindigul,A-,60,2,31
2024,1,Dindigul,B+,70,1,52
2024,1,Dindigul,B-,43,4,33
2024,1,Dindigul,AB+,32,10,35
2024,1,Dindigul,AB-,25,12,30
2024,1,Dindigul,O+,46,11,70
2024,1,Dindigul,O-,44,5,49
2024,1,Thanjavur,A+,37,12,68
2024,1,Thanjavur,A-,14,8,26
2024,1,Thanjavur,B+,20,7,40
2024,1,Thanjavur,B-,50,3,34
2024,1,Thanjavur,AB+,21,1,10
2024,1,Thanjavur,AB-,9,7,19
2024,1,Thanjavur,O+,57,4,60
2024,1,Thanjavur,O-,27,5,27
2024,1,Karur,A+,63,1,49
2024,1,Karur,A-,71,11,64
2024,1,Karur,B+,77,2,61
2024,1,Karur,B-,17,13,31
2024,1,Karur,AB+,73,7,54
2024,1,Karur,AB-,60,11,35
2024,1,Karur,O+,25,12,62
2024,1,Karur,O-,52,8,57
2024,2,Chennai,A+,26,14,58
2024,2,Chennai,A-,72,8,62
2024,2,Chennai,B+,54,14,68
2024,2,Chennai,B-,59,3,38
2024,2,Chennai,AB+,33,3,16
2024,2,Chennai,AB-,51,8,23
2024,2,Chennai,O+,13,11,43
2024,2,Chennai,O-,66,4,53
2024,2,Coimbatore,A+,48,4,54
2024,2,Coimbatore,A-,7,14,25
2024,2,Coimbatore,B+,7,3,21
2024,2,Coimbatore,B-,79,13,56
2024,2,Coimbatore,AB+,39,7,28
2024,2,Coimbatore,AB-,39,3,15
2024,2,Coimbatore,O+,48,2,52
2024,2,Coimbatore,O-,24,7,39
2024,2,Madurai,A+,61,6,60
2024,2,Madurai,A-,18,0,12
2024,2,Madurai,B+,18,2,23
2024,2,Madurai,B-,62,8,43
2024,2,Madurai,AB+,13,6,20
2024,2,Madurai,AB-,76,11,42
2024,2,Madurai,O+,38,1,38
2024,2,Madurai,O-,28,9,33
2024,2,Salem,A+,44,10,62
2024,2,Salem,A-,73,2,38
2024,2,Salem,B+,34,3,32
2024,2,Salem,B-,75,12,64
2024,2,Salem,AB+,17,8,21
2024,2,Salem,AB-,6,13,13
2024,2,Salem,O+,70,14,114
2024,2,Salem,O-,63,1,42
2024,2,Trichy,A+,34,13,59
2024,2,Trichy,A-,44,4,35
2024,2,Trichy,B+,12,5,24
2024,2,Trichy,B-,72,9,46
2024,2,Trichy,AB+,34,2,22
2024,2,Trichy,AB-,31,10,29
2024,2,Trichy,O+,73,7,91
2024,2,Trichy,O-,47,3,45
2024,2,Vellore,A+,39,10,56
2024,2,Vellore,A-,58,1,33
2024,2,Vellore,B+,65,4,55
2024,2,Vellore,B-,30,0,9
2024,2,Vellore,AB+,27,9,28
2024,2,Vellore,AB-,13,8,20
2024,2,Vellore,O+,32,6,52
2024,2,Vellore,O-,46,8,51
2024,2,Erode,A+,77,2,63
2024,2,Erode,A-,70,7,53
2024,2,Erode,B+,61,11,73
2024,2,Erode,B-,17,10,31
2024,2,Erode,AB+,31,7,25
2024,2,Erode,AB-,56,0,17
2024,2,Erode,O+,6,11,33
2024,2,Erode,O-,32,9,43
2024,2,Tirunelveli,A+,35,10,50
2024,2,Tirunelveli,A-,63,0,31
2024,2,Tirunelveli,B+,5,8,17
2024,2,Tirunelveli,B-,48,4,28
2024,2,Tirunelveli,AB+,51,14,55
2024,2,Tirunelveli,AB-,50,1,24
2024,2,Tirunelveli,O+,20,6,43
2024,2,Tirunelveli,O-,63,11,74
2024,2,Thoothukudi,A+,56,4,60
2024,2,Thoothukudi,A-,13,11,22
2024,2,Thoothukudi,B+,79,5,65
2024,2,Thoothukudi,B-,45,14,53
2024,2,Thoothukudi,AB+,63,9,46
2024,2,Thoothukudi,AB-,40,4,21
2024,2,Thoothukudi,O+,51,9,76
2024,2,Thoothukudi,O-,51,0,35
2024,2,Namakkal,A+,26,13,55
2024,2,Namakkal,A-,51,11,52
2024,2,Namakkal,B+,58,9,67
2024,2,Namakkal,B-,40,11,40
2024,2,Namakkal,AB+,21,3,20
2024,2,Namakkal,AB-,43,7,20
2024,2,Namakkal,O+,55,4,65
2024,2,Namakkal,O-,68,3,52
2024,2,Dharmapuri,A+,15,0,11
2024,2,Dharmapuri,A-,8,6,10
2024,2,Dharmapuri,B+,5,4,8
2024,2,Dharmapuri,B-,38,12,34
2024,2,Dharmapuri,AB+,28,1,11
2024,2,Dharmapuri,AB-,75,2,36
2024,2,Dharmapuri,O+,65,4,67
2024,2,Dharmapuri,O-,79,10,73
2024,2,Krishnagiri,A+,79,12,89
2024,2,Krishnagiri,A-,37,4,24
2024,2,Krishnagiri,B+,71,14,90
2024,2,Krishnagiri,B-,72,1,32
2024,2,Krishnagiri,AB+,28,2,14
2024,2,Krishnagiri,AB-,70,4,36
2024,2,Krishnagiri,O+,29,8,52
2024,2,Krishnagiri,O-,48,12,61
2024,2,Dindigul,A+,49,9,57
2024,2,Dindigul,A-,55,3,30
2024,2,Dindigul,B+,33,5,41
2024,2,Dindigul,B-,67,1,31
2024,2,Dindigul,AB+,9,3,9
2024,2,Dindigul,AB-,78,5,37
2024,2,Dindigul,O+,29,13,60
2024,2,Dindigul,O-,78,14,84
2024,2,Thanjavur,A+,35,4,32
2024,2,Thanjavur,A-,9,5,14
2024,2,Thanjavur,B+,77,2,55
2024,2,Thanjavur,B-,33,2,20
2024,2,Thanjavur,AB+,46,0,30
2024,2,Thanjavur,AB-,24,6,24
2024,2,Thanjavur,O+,64,2,64
2024,2,Thanjavur,O-,65,3,50
2024,2,Karur,A+,13,9,32
2024,2,Karur,A-,55,0,26
2024,2,Karur,B+,36,3,39
2024,2,Karur,B-,70,3,37
2024,2,Karur,AB+,44,10,42
2024,2,Karur,AB-,65,11,42
2024,2,Karur,O+,9,1,20
2024,2,Karur,O-,19,0,15
2024,3,Chennai,A+,40,13,68
2024,3,Chennai,A-,13,13,25
2024,3,Chennai,B+,48,6,53
2024,3,Chennai,B-,48,11,40
2024,3,Chennai,AB+,20,1,15
2024,3,Chennai,AB-,8,4,6
2024,3,Chennai,O+,30,13,62
2024,3,Chennai,O-,22,6,35
2024,3,Coimbatore,A+,24,14,53
2024,3,Coimbatore,A-,32,13,37
2024,3,Coimbatore,B+,7,8,25
2024,3,Coimbatore,B-,16,8,16
2024,3,Coimbatore,AB+,40,7,33
2024,3,Coimbatore,AB-,39,13,31
2024,3,Coimbatore,O+,39,10,67
2024,3,Coimbatore,O-,10,8,19
2024,3,Madurai,A+,13,12,43
2024,3,Madurai,A-,33,13,50
2024,3,Madurai,B+,10,12,45
2024,3,Madurai,B-,20,9,33
2024,3,Madurai,AB+,8,12,25
2024,3,Madurai,AB-,79,0,33
2024,3,Madurai,O+,41,6,62
2024,3,Madurai,O-,28,8,41
2024,3,Salem,A+,15,14,55
2024,3,Salem,A-,42,9,45
2024,3,Salem,B+,28,5,28
2024,3,Salem,B-,77,12,62
2024,3,Salem,AB+,21,8,21
2024,3,Salem,AB-,18,8,21
2024,3,Salem,O+,17,4,31
2024,3,Salem,O-,77,12,78
2024,3,Trichy,A+,18,11,40
2024,3,Trichy,A-,9,12,24
2024,3,Trichy,B+,32,2,25
2024,3,Trichy,B-,43,10,35
2024,3,Trichy,AB+,68,0,32
2024,3,Trichy,AB-,29,9,29
2024,3,Trichy,O+,23,3,34
2024,3,Trichy,O-,36,9,52
2024,3,Vellore,A+,48,4,54
2024,3,Vellore,A-,63,1,41
2024,3,Vellore,B+,69,1,58
2024,3,Vellore,B-,72,0,33
2024,3,Vellore,AB+,23,9,20
2024,3,Vellore,AB-,56,0,16
2024,3,Vellore,O+,62,6,81
2024,3,Vellore,O-,37,5,33
2024,3,Erode,A+,10,11,35
2024,3,Erode,A-,68,12,63
2024,3,Erode,B+,26,4,35
2024,3,Erode,B-,6,9,25
2024,3,Erode,AB+,66,3,35
2024,3,Erode,AB-,49,12,29
2024,3,Erode,O+,57,3,57
2024,3,Erode,O-,22,11,41
2024,3,Tirunelveli,A+,50,8,57
2024,3,Tirunelveli,A-,45,8,42
2024,3,Tirunelveli,B+,24,11,48
2024,3,Tirunelveli,B-,24,0,15
2024,3,Tirunelveli,AB+,66,8,48
2024,3,Tirunelveli,AB-,28,8,14
2024,3,Tirunelveli,O+,38,10,73
2024,3,Tirunelveli,O-,14,4,18
2024,3,Thoothukudi,A+,41,5,53
2024,3,Thoothukudi,A-,27,14,44
2024,3,Thoothukudi,B+,78,5,65
2024,3,Thoothukudi,B-,26,8,25
2024,3,Thoothukudi,AB+,41,10,30
2024,3,Thoothukudi,AB-,67,4,33
2024,3,Thoothukudi,O+,44,13,84
2024,3,Thoothukudi,O-,33,0,30
2024,3,Namakkal,A+,76,3,64
2024,3,Namakkal,A-,65,1,33
2024,3,Namakkal,B+,77,9,73
2024,3,Namakkal,B-,71,11,58
2024,3,Namakkal,AB+,64,3,32
2024,3,Namakkal,AB-,41,14,36
2024,3,Namakkal,O+,74,9,95
2024,3,Namakkal,O-,69,12,73
2024,3,Dharmapuri,A+,61,2,59
2024,3,Dharmapuri,A-,76,6,57
2024,3,Dharmapuri,B+,37,6,37
2024,3,Dharmapuri,B-,29,13,37
2024,3,Dharmapuri,AB+,69,10,50
2024,3,Dharmapuri,AB-,42,11,23
2024,3,Dharmapuri,O+,34,0,36
2024,3,Dharmapuri,O-,22,1,11
2024,3,Krishnagiri,A+,75,12,94
2024,3,Krishnagiri,A-,54,6,35
2024,3,Krishnagiri,B+,11,12,44
2024,3,Krishnagiri,B-,72,8,42
2024,3,Krishnagiri,AB+,73,6,45
2024,3,Krishnagiri,AB-,17,11,18
2024,3,Krishnagiri,O+,72,8,97
2024,3,Krishnagiri,O-,44,14,65
2024,3,Dindigul,A+,61,6,68
2024,3,Dindigul,A-,9,13,33
2024,3,Dindigul,B+,46,1,33
2024,3,Dindigul,B-,44,10,36
2024,3,Dindigul,AB+,24,5,17
2024,3,Dindigul,AB-,62,13,34
2024,3,Dindigul,O+,76,13,105
2024,3,Dindigul,O-,11,9,29
2024,3,Thanjavur,A+,13,1,9
2024,3,Thanjavur,A-,77,6,53
2024,3,Thanjavur,B+,16,7,32
2024,3,Thanjavur,B-,63,3,30
2024,3,Thanjavur,AB+,77,14,67
2024,3,Thanjavur,AB-,67,13,47
2024,3,Thanjavur,O+,22,4,26
2024,3,Thanjavur,O-,39,0,20
2024,3,Karur,A+,58,12,78
2024,3,Karur,A-,19,4,23
2024,3,Karur,B+,18,14,54
2024,3,Karur,B-,35,3,25
2024,3,Karur,AB+,44,13,41
2024,3,Karur,AB-,64,12,42
2024,3,Karur,O+,30,10,65
2024,3,Karur,O-,57,4,43
2024,4,Chennai,A+,78,4,95
2024,4,Chennai,A-,30,2,24
2024,4,Chennai,B+,15,8,47
2024,4,Chennai,B-,25,3,16
2024,4,Chennai,AB+,64,14,69
2024,4,Chennai,AB-,43,10,35
2024,4,Chennai,O+,46,1,62
2024,4,Chennai,O-,6,0,13
2024,4,Coimbatore,A+,19,2,26
2024,4,Coimbatore,A-,62,0,51
2024,4,Coimbatore,B+,54,8,70
2024,4,Coimbatore,B-,69,8,56
2024,4,Coimbatore,AB+,63,2,47
2024,4,Coimbatore,AB-,8,10,14
2024,4,Coimbatore,O+,7,6,27
2024,4,Coimbatore,O-,40,6,56
2024,4,Madurai,A+,39,6,63
2024,4,Madurai,A-,33,12,59
2024,4,Madurai,B+,11,2,16
2024,4,Madurai,B-,66,6,52
2024,4,Madurai,AB+,15,0,11
2024,4,Madurai,AB-,39,12,36
2024,4,Madurai,O+,65,6,95
2024,4,Madurai,O-,72,12,101
2024,4,Salem,A+,46,8,78
2024,4,Salem,A-,67,7,64
2024,4,Salem,B+,35,5,50
2024,4,Salem,B-,59,0,36
2024,4,Salem,AB+,60,13,63
2024,4,Salem,AB-,10,14,22
2024,4,Salem,O+,16,10,53
2024,4,Salem,O-,70,11,91
2024,4,Trichy,A+,25,5,42
2024,4,Trichy,A-,16,3,19
2024,4,Trichy,B+,77,6,99
2024,4,Trichy,B-,26,10,43
2024,4,Trichy,AB+,42,7,48
2024,4,Trichy,AB-,44,3,32
2024,4,Trichy,O+,54,10,101
2024,4,Trichy,O-,70,6,76
2024,4,Vellore,A+,44,5,63
2024,4,Vellore,A-,66,1,50
2024,4,Vellore,B+,75,7,88
2024,4,Vellore,B-,26,6,35
2024,4,Vellore,AB+,77,13,80
2024,4,Vellore,AB-,39,5,28
2024,4,Vellore,O+,40,4,58
2024,4,Vellore,O-,30,6,51
2024,4,Erode,A+,60,5,80
2024,4,Erode,A-,47,2,40
2024,4,Erode,B+,45,8,67
2024,4,Erode,B-,11,7,23
2024,4,Erode,AB+,28,2,21
2024,4,Erode,AB-,50,6,30
2024,4,Erode,O+,11,1,21
2024,4,Erode,O-,47,7,60
2024,4,Tirunelveli,A+,15,10,52
2024,4,Tirunelveli,A-,35,4,37
2024,4,Tirunelveli,B+,78,0,74
2024,4,Tirunelveli,B-,49,9,47
2024,4,Tirunelveli,AB+,66,12,65
2024,4,Tirunelveli,AB-,58,2,32
2024,4,Tirunelveli,O+,38,6,74
2024,4,Tirunelveli,O-,5,8,30
2024,4,Thoothukudi,A+,25,1,28
2024,4,Thoothukudi,A-,35,4,42
2024,4,Thoothukudi,B+,52,11,78
2024,4,Thoothukudi,B-,20,1,21
2024,4,Thoothukudi,AB+,27,11,36
2024,4,Thoothukudi,AB-,10,12,21
2024,4,Thoothukudi,O+,26,13,86
2024,4,Thoothukudi,O-,49,1,46
2024,4,Namakkal,A+,49,11,94
2024,4,Namakkal,A-,5,4,18
2024,4,Namakkal,B+,8,3,24
2024,4,Namakkal,B-,79,6,69
2024,4,Namakkal,AB+,62,14,71
2024,4,Namakkal,AB-,72,0,30
2024,4,Namakkal,O+,44,13,106
2024,4,Namakkal,O-,11,1,13
2024,4,Dharmapuri,A+,38,5,57
2024,4,Dharmapuri,A-,55,11,61
2024,4,Dharmapuri,B+,60,11,97
2024,4,Dharmapuri,B-,20,7,31
2024,4,Dharmapuri,AB+,10,14,30
2024,4,Dharmapuri,AB-,15,13,24
2024,4,Dharmapuri,O+,34,9,75
2024,4,Dharmapuri,O-,22,13,59
2024,4,Krishnagiri,A+,77,1,81
2024,4,Krishnagiri,A-,6,0,8
2024,4,Krishnagiri,B+,13,4,30
2024,4,Krishnagiri,B-,21,13,49
2024,4,Krishnagiri,AB+,43,10,44
2024,4,Krishnagiri,AB-,10,3,15
2024,4,Krishnagiri,O+,42,7,76
2024,4,Krishnagiri,O-,18,5,28
2024,4,Dindigul,A+,36,14,82
2024,4,Dindigul,A-,21,3,26
2024,4,Dindigul,B+,10,13,50
2024,4,Dindigul,B-,79,10,73
2024,4,Dindigul,AB+,28,3,30
2024,4,Dindigul,AB-,59,11,53
2024,4,Dindigul,O+,23,14,87
2024,4,Dindigul,O-,75,2,72
2024,4,Thanjavur,A+,62,14,117
2024,4,Thanjavur,A-,58,8,55
2024,4,Thanjavur,B+,31,3,39
2024,4,Thanjavur,B-,31,0,17
2024,4,Thanjavur,AB+,49,10,55
2024,4,Thanjavur,AB-,10,9,23
2024,4,Thanjavur,O+,36,5,61
2024,4,Thanjavur,O-,57,12,88
2024,4,Karur,A+,44,13,85
2024,4,Karur,A-,66,0,50
2024,4,Karur,B+,31,5,47
2024,4,Karur,B-,52,7,46
2024,4,Karur,AB+,27,4,22
2024,4,Karur,AB-,77,10,52
2024,4,Karur,O+,28,6,57
2024,4,Karur,O-,60,5,72
2024,5,Chennai,A+,24,4,37
2024,5,Chennai,A-,35,10,50
2024,5,Chennai,B+,77,13,115
2024,5,Chennai,B-,46,5,34
2024,5,Chennai,AB+,17,4,23
2024,5,Chennai,AB-,51,8,44
2024,5,Chennai,O+,8,6,32
2024,5,Chennai,O-,58,4,56
2024,5,Coimbatore,A+,55,4,65
2024,5,Coimbatore,A-,67,13,82
2024,5,Coimbatore,B+,38,12,71
2024,5,Coimbatore,B-,75,0,49
2024,5,Coimbatore,AB+,37,13,52
2024,5,Coimbatore,AB-,69,6,37
2024,5,Coimbatore,O+,54,8,94
2024,5,Coimbatore,O-,53,10,83
2024,5,Madurai,A+,60,6,87
2024,5,Madurai,A-,60,1,46
2024,5,Madurai,B+,13,14,62
2024,5,Madurai,B-,33,4,27
2024,5,Madurai,AB+,5,4,17
2024,5,Madurai,AB-,69,10,49
2024,5,Madurai,O+,53,1,66
2024,5,Madurai,O-,61,2,54
2024,5,Salem,A+,50,9,83
2024,5,Salem,A-,11,13,35
2024,5,Salem,B+,19,2,25
2024,5,Salem,B-,36,10,42
2024,5,Salem,AB+,77,9,67
2024,5,Salem,AB-,51,0,18
2024,5,Salem,O+,42,4,63
2024,5,Salem,O-,47,10,75
2024,5,Trichy,A+,64,13,116
2024,5,Trichy,A-,76,10,78
2024,5,Trichy,B+,45,10,78
2024,5,Trichy,B-,56,4,49
2024,5,Trichy,AB+,11,2,17
2024,5,Trichy,AB-,10,2,5
2024,5,Trichy,O+,20,10,60
2024,5,Trichy,O-,63,11,92
2024,5,Vellore,A+,39,11,73
2024,5,Vellore,A-,21,6,33
2024,5,Vellore,B+,8,6,22
2024,5,Vellore,B-,66,14,71
2024,5,Vellore,AB+,64,11,65
2024,5,Vellore,AB-,46,3,26
2024,5,Vellore,O+,62,11,124
2024,5,Vellore,O-,63,1,65
2024,5,Erode,A+,25,2,28
2024,5,Erode,A-,6,2,3
2024,5,Erode,B+,79,12,113
2024,5,Erode,B-,21,12,37
2024,5,Erode,AB+,41,13,47
2024,5,Erode,AB-,74,8,49
2024,5,Erode,O+,48,5,73
2024,5,Erode,O-,27,11,54
2024,5,Tirunelveli,A+,41,10,83
2024,5,Tirunelveli,A-,43,9,56
2024,5,Tirunelveli,B+,38,0,44
2024,5,Tirunelveli,B-,5,12,28
2024,5,Tirunelveli,AB+,33,1,20
2024,5,Tirunelveli,AB-,46,1,26
2024,5,Tirunelveli,O+,12,6,42
2024,5,Tirunelveli,O-,15,6,28
2024,5,Thoothukudi,A+,40,11,72
2024,5,Thoothukudi,A-,76,0,60
2024,5,Thoothukudi,B+,56,2,65
2024,5,Thoothukudi,B-,27,6,25
2024,5,Thoothukudi,AB+,30,4,29
2024,5,Thoothukudi,AB-,29,6,23
2024,5,Thoothukudi,O+,32,1,43
2024,5,Thoothukudi,O-,23,12,58
2024,5,Namakkal,A+,43,2,50
2024,5,Namakkal,A-,17,0,9
2024,5,Namakkal,B+,40,9,70
2024,5,Namakkal,B-,21,0,18
2024,5,Namakkal,AB+,17,11,42
2024,5,Namakkal,AB-,59,13,55
2024,5,Namakkal,O+,75,4,106
2024,5,Namakkal,O-,47,14,76
2024,5,Dharmapuri,A+,45,8,72
2024,5,Dharmapuri,A-,24,4,26
2024,5,Dharmapuri,B+,29,10,54
2024,5,Dharmapuri,B-,34,7,38
2024,5,Dharmapuri,AB+,34,12,55
2024,5,Dharmapuri,AB-,40,8,38
2024,5,Dharmapuri,O+,33,1,39
2024,5,Dharmapuri,O-,9,3,24
2024,5,Krishnagiri,A+,33,2,38
2024,5,Krishnagiri,A-,29,8,38
2024,5,Krishnagiri,B+,59,7,84
2024,5,Krishnagiri,B-,45,1,30
2024,5,Krishnagiri,AB+,63,0,48
2024,5,Krishnagiri,AB-,50,11,48
2024,5,Krishnagiri,O+,23,0,35
2024,5,Krishnagiri,O-,22,6,31
2024,5,Dindigul,A+,36,2,48
2024,5,Dindigul,A-,69,0,54
2024,5,Dindigul,B+,49,7,67
2024,5,Dindigul,B-,8,14,36
2024,5,Dindigul,AB+,27,8,28
2024,5,Dindigul,AB-,25,5,19
2024,5,Dindigul,O+,79,4,116
2024,5,Dindigul,O-,35,0,37
2024,5,Thanjavur,A+,31,9,69
2024,5,Thanjavur,A-,62,0,47
2024,5,Thanjavur,B+,76,7,94
2024,5,Thanjavur,B-,30,9,32
2024,5,Thanjavur,AB+,48,10,45
2024,5,Thanjavur,AB-,56,6,39
2024,5,Thanjavur,O+,59,0,73
2024,5,Thanjavur,O-,22,10,47
2024,5,Karur,A+,63,12,104
2024,5,Karur,A-,35,10,50
2024,5,Karur,B+,12,10,40
2024,5,Karur,B-,55,7,55
2024,5,Karur,AB+,13,13,43
2024,5,Karur,AB-,37,9,40
2024,5,Karur,O+,35,4,53
2024,5,Karur,O-,52,9,75
2024,6,Chennai,A+,78,3,84
2024,6,Chennai,A-,65,7,71
2024,6,Chennai,B+,33,6,54
2024,6,Chennai,B-,24,3,29
2024,6,Chennai,AB+,41,0,23
2024,6,Chennai,AB-,53,10,38
2024,6,Chennai,O+,62,9,114
2024,6,Chennai,O-,19,6,32
2024,6,Coimbatore,A+,49,0,58
2024,6,Coimbatore,A-,38,7,46
2024,6,Coimbatore,B+,12,7,41
2024,6,Coimbatore,B-,58,6,46
2024,6,Coimbatore,AB+,64,12,63
2024,6,Coimbatore,AB-,50,1,28
2024,6,Coimbatore,O+,72,6,105
2024,6,Coimbatore,O-,28,14,63
2024,6,Madurai,A+,76,3,92
2024,6,Madurai,A-,29,1,23
2024,6,Madurai,B+,22,2,32
2024,6,Madurai,B-,50,10,57
2024,6,Madurai,AB+,43,13,61
2024,6,Madurai,AB-,42,6,38
2024,6,Madurai,O+,9,0,9
2024,6,Madurai,O-,54,9,69
2024,6,Salem,A+,38,4,51
2024,6,Salem,A-,49,11,59
2024,6,Salem,B+,23,7,40
2024,6,Salem,B-,18,5,22
2024,6,Salem,AB+,16,0,15
2024,6,Salem,AB-,7,6,14
2024,6,Salem,O+,31,11,75
2024,6,Salem,O-,29,14,73
2024,6,Trichy,A+,31,14,86
2024,6,Trichy,A-,79,10,85
2024,6,Trichy,B+,57,13,100
2024,6,Trichy,B-,76,12,77
2024,6,Trichy,AB+,55,14,63
2024,6,Trichy,AB-,78,3,42
2024,6,Trichy,O+,28,5,47
2024,6,Trichy,O-,26,11,51
2024,6,Vellore,A+,15,2,18
2024,6,Vellore,A-,39,0,31
2024,6,Vellore,B+,53,1,60
2024,6,Vellore,B-,9,6,27
2024,6,Vellore,AB+,55,4,42
2024,6,Vellore,AB-,40,13,34
2024,6,Vellore,O+,27,7,56
2024,6,Vellore,O-,42,14,76
2024,6,Erode,A+,51,0,55
2024,6,Erode,A-,72,13,80
2024,6,Erode,B+,29,3,39
2024,6,Erode,B-,56,6,48
2024,6,Erode,AB+,60,6,49
2024,6,Erode,AB-,62,6,44
2024,6,Erode,O+,14,11,61
2024,6,Erode,O-,40,6,52
2024,6,Tirunelveli,A+,7,7,37
2024,6,Tirunelveli,A-,17,9,28
2024,6,Tirunelveli,B+,7,14,59
2024,6,Tirunelveli,B-,6,12,33
2024,6,Tirunelveli,AB+,21,5,28
2024,6,Tirunelveli,AB-,9,5,9
2024,6,Tirunelveli,O+,27,14,84
2024,6,Tirunelveli,O-,33,0,37
2024,6,Thoothukudi,A+,39,4,60
2024,6,Thoothukudi,A-,52,14,72
2024,6,Thoothukudi,B+,57,0,52
2024,6,Thoothukudi,B-,79,0,50
2024,6,Thoothukudi,AB+,74,13,68
2024,6,Thoothukudi,AB-,74,1,33
2024,6,Thoothukudi,O+,42,13,96
2024,6,Thoothukudi,O-,58,7,78
2024,6,Namakkal,A+,20,7,48
2024,6,Namakkal,A-,26,14,59
2024,6,Namakkal,B+,5,5,26
2024,6,Namakkal,B-,37,3,38
2024,6,Namakkal,AB+,61,5,46
2024,6,Namakkal,AB-,62,3,31
2024,6,Namakkal,O+,14,6,44
2024,6,Namakkal,O-,61,5,67
2024,6,Dharmapuri,A+,35,3,50
2024,6,Dharmapuri,A-,17,10,34
2024,6,Dharmapuri,B+,77,7,100
2024,6,Dharmapuri,B-,14,1,12
2024,6,Dharmapuri,AB+,38,1,30
2024,6,Dharmapuri,AB-,5,4,13
2024,6,Dharmapuri,O+,11,1,15
2024,6,Dharmapuri,O-,5,0,1
2024,6,Krishnagiri,A+,72,0,80
2024,6,Krishnagiri,A-,73,5,66
2024,6,Krishnagiri,B+,72,6,85
2024,6,Krishnagiri,B-,13,12,41
2024,6,Krishnagiri,AB+,77,3,58
2024,6,Krishnagiri,AB-,6,14,20
2024,6,Krishnagiri,O+,55,9,95
2024,6,Krishnagiri,O-,45,13,81
2024,6,Dindigul,A+,56,4,66
2024,6,Dindigul,A-,60,6,57
2024,6,Dindigul,B+,43,7,60
2024,6,Dindigul,B-,64,7,56
2024,6,Dindigul,AB+,40,0,20
2024,6,Dindigul,AB-,8,8,13
2024,6,Dindigul,O+,57,14,116
2024,6,Dindigul,O-,9,10,41
2024,6,Thanjavur,A+,15,14,57
2024,6,Thanjavur,A-,47,5,50
2024,6,Thanjavur,B+,15,8,44
2024,6,Thanjavur,B-,65,11,70
2024,6,Thanjavur,AB+,39,8,48
2024,6,Thanjavur,AB-,40,4,25
2024,6,Thanjavur,O+,40,11,94
2024,6,Thanjavur,O-,16,9,43
2024,6,Karur,A+,49,5,69
2024,6,Karur,A-,12,10,38
2024,6,Karur,B+,21,5,44
2024,6,Karur,B-,45,14,54
2024,6,Karur,AB+,78,11,70
2024,6,Karur,AB-,29,14,32
2024,6,Karur,O+,41,10,85
2024,6,Karur,O-,63,7,70
2024,7,Chennai,A+,61,12,87
2024,7,Chennai,A-,64,12,56
2024,7,Chennai,B+,48,6,52
2024,7,Chennai,B-,73,12,55
2024,7,Chennai,AB+,38,1,23
2024,7,Chennai,AB-,25,2,9
2024,7,Chennai,O+,46,6,66
2024,7,Chennai,O-,17,10,30
2024,7,Coimbatore,A+,75,14,90
2024,7,Coimbatore,A-,49,3,26
2024,7,Coimbatore,B+,64,1,49
2024,7,Coimbatore,B-,51,0,24
2024,7,Coimbatore,AB+,39,7,31
2024,7,Coimbatore,AB-,64,6,31
2024,7,Coimbatore,O+,69,8,83
2024,7,Coimbatore,O-,28,1,15
2024,7,Madurai,A+,79,12,87
2024,7,Madurai,A-,51,7,47
2024,7,Madurai,B+,33,14,60
2024,7,Madurai,B-,11,14,34
2024,7,Madurai,AB+,64,7,49
2024,7,Madurai,AB-,65,12,43
2024,7,Madurai,O+,68,9,92
2024,7,Madurai,O-,73,6,64
2024,7,Salem,A+,41,13,60
2024,7,Salem,A-,6,9,17
2024,7,Salem,B+,39,9,58
2024,7,Salem,B-,10,0,7
2024,7,Salem,AB+,78,1,41
2024,7,Salem,AB-,13,0,1
2024,7,Salem,O+,63,8,86
2024,7,Salem,O-,17,5,25
2024,7,Trichy,A+,67,10,79
2024,7,Trichy,A-,50,5,45
2024,7,Trichy,B+,70,5,66
2024,7,Trichy,B-,21,14,33
2024,7,Trichy,AB+,19,5,19
2024,7,Trichy,AB-,38,13,24
2024,7,Trichy,O+,38,8,57
2024,7,Trichy,O-,54,4,39
2024,7,Vellore,A+,46,13,75
2024,7,Vellore,A-,73,6,52
2024,7,Vellore,B+,32,13,59
2024,7,Vellore,B-,54,0,29
2024,7,Vellore,AB+,15,14,31
2024,7,Vellore,AB-,35,4,16
2024,7,Vellore,O+,37,8,65
2024,7,Vellore,O-,7,0,11
2024,7,Erode,A+,32,3,39
2024,7,Erode,A-,28,9,35
2024,7,Erode,B+,41,14,67
2024,7,Erode,B-,32,4,16
2024,7,Erode,AB+,17,10,22
2024,7,Erode,AB-,60,7,38
2024,7,Erode,O+,68,2,65
2024,7,Erode,O-,31,11,51
2024,7,Tirunelveli,A+,45,2,35
2024,7,Tirunelveli,A-,33,10,44
2024,7,Tirunelveli,B+,55,10,65
2024,7,Tirunelveli,B-,35,8,36
2024,7,Tirunelveli,AB+,74,13,60
2024,7,Tirunelveli,AB-,44,6,25
2024,7,Tirunelveli,O+,63,10,83
2024,7,Tirunelveli,O-,8,12,26
2024,7,Thoothukudi,A+,24,4,25
2024,7,Thoothukudi,A-,18,12,38
2024,7,Thoothukudi,B+,53,12,65
2024,7,Thoothukudi,B-,28,13,43
2024,7,Thoothukudi,AB+,79,8,59
2024,7,Thoothukudi,AB-,60,12,43
2024,7,Thoothukudi,O+,75,10,106
2024,7,Thoothukudi,O-,46,0,36
2024,7,Namakkal,A+,76,14,94
2024,7,Namakkal,A-,26,3,17
2024,7,Namakkal,B+,49,8,56
2024,7,Namakkal,B-,50,10,49
2024,7,Namakkal,AB+,16,3,13
2024,7,Namakkal,AB-,59,4,35
2024,7,Namakkal,O+,42,7,63
2024,7,Namakkal,O-,74,7,64
2024,7,Dharmapuri,A+,54,5,63
2024,7,Dharmapuri,A-,13,12,24
2024,7,Dharmapuri,B+,39,8,54
2024,7,Dharmapuri,B-,35,6,21
2024,7,Dharmapuri,AB+,47,12,39
2024,7,Dharmapuri,AB-,11,4,12
2024,7,Dharmapuri,O+,10,8,29
2024,7,Dharmapuri,O-,74,12,75
2024,7,Krishnagiri,A+,21,5,30
2024,7,Krishnagiri,A-,33,6,25
2024,7,Krishnagiri,B+,24,9,45
2024,7,Krishnagiri,B-,33,6,34
2024,7,Krishnagiri,AB+,38,4,31
2024,7,Krishnagiri,AB-,10,3,2
2024,7,Krishnagiri,O+,47,10,67
2024,7,Krishnagiri,O-,65,1,53
2024,7,Dindigul,A+,25,6,31
2024,7,Dindigul,A-,35,0,19
2024,7,Dindigul,B+,75,0,54
2024,7,Dindigul,B-,26,6,28
2024,7,Dindigul,AB+,67,7,51
2024,7,Dindigul,AB-,50,8,35
2024,7,Dindigul,O+,49,9,77
2024,7,Dindigul,O-,17,14,40
2024,7,Thanjavur,A+,41,13,69
2024,7,Thanjavur,A-,18,4,21
2024,7,Thanjavur,B+,18,1,11
2024,7,Thanjavur,B-,37,1,15
2024,7,Thanjavur,AB+,57,8,41
2024,7,Thanjavur,AB-,49,4,27
2024,7,Thanjavur,O+,56,14,92
2024,7,Thanjavur,O-,51,9,54
2024,7,Karur,A+,17,2,24
2024,7,Karur,A-,49,7,45
2024,7,Karur,B+,39,12,57
2024,7,Karur,B-,41,8,28
2024,7,Karur,AB+,7,3,4
2024,7,Karur,AB-,62,5,36
2024,7,Karur,O+,28,13,64
2024,7,Karur,O-,21,9,37
2024,8,Chennai,A+,25,12,59
2024,8,Chennai,A-,67,11,52
2024,8,Chennai,B+,48,7,56
2024,8,Chennai,B-,70,4,46
2024,8,Chennai,AB+,71,14,64
2024,8,Chennai,AB-,28,7,18
2024,8,Chennai,O+,55,2,57
2024,8,Chennai,O-,8,9,33
2024,8,Coimbatore,A+,35,0,35
2024,8,Coimbatore,A-,76,7,61
2024,8,Coimbatore,B+,18,11,45
2024,8,Coimbatore,B-,38,6,25
2024,8,Coimbatore,AB+,31,9,34
2024,8,Coimbatore,AB-,36,10,20
2024,8,Coimbatore,O+,57,3,57
2024,8,Coimbatore,O-,75,0,57
2024,8,Madurai,A+,74,10,80
2024,8,Madurai,A-,59,8,54
2024,8,Madurai,B+,66,0,44
2024,8,Madurai,B-,52,8,41
2024,8,Madurai,AB+,72,11,57
2024,8,Madurai,AB-,59,11,35
2024,8,Madurai,O+,56,8,77
2024,8,Madurai,O-,12,7,27
2024,8,Salem,A+,69,1,58
2024,8,Salem,A-,49,6,45
2024,8,Salem,B+,21,1,13
2024,8,Salem,B-,71,11,59
2024,8,Salem,AB+,72,3,42
2024,8,Salem,AB-,39,2,19
2024,8,Salem,O+,56,5,69
2024,8,Salem,O-,32,9,37
2024,8,Trichy,A+,28,10,46
2024,8,Trichy,A-,42,8,33
2024,8,Trichy,B+,19,6,32
2024,8,Trichy,B-,8,9,27
2024,8,Trichy,AB+,43,8,42
2024,8,Trichy,AB-,51,9,35
2024,8,Trichy,O+,53,4,59
2024,8,Trichy,O-,66,12,73
2024,8,Vellore,A+,12,5,26
2024,8,Vellore,A-,40,4,30
2024,8,Vellore,B+,49,1,35
2024,8,Vellore,B-,67,6,37
2024,8,Vellore,AB+,36,11,37
2024,8,Vellore,AB-,47,14,40
2024,8,Vellore,O+,6,12,39
2024,8,Vellore,O-,18,9,40
2024,8,Erode,A+,14,7,28
2024,8,Erode,A-,57,9,49
2024,8,Erode,B+,62,5,55
2024,8,Erode,B-,66,8,49
2024,8,Erode,AB+,67,3,44
2024,8,Erode,AB-,38,13,27
2024,8,Erode,O+,38,5,51
2024,8,Erode,O-,39,14,53
2024,8,Tirunelveli,A+,24,11,46
2024,8,Tirunelveli,A-,42,4,31
2024,8,Tirunelveli,B+,14,3,17
2024,8,Tirunelveli,B-,13,5,18
2024,8,Tirunelveli,AB+,20,10,27
2024,8,Tirunelveli,AB-,8,11,16
2024,8,Tirunelveli,O+,27,9,51
2024,8,Tirunelveli,O-,70,11,69
2024,8,Thoothukudi,A+,23,3,31
2024,8,Thoothukudi,A-,28,10,39
2024,8,Thoothukudi,B+,6,8,24
2024,8,Thoothukudi,B-,5,10,15
2024,8,Thoothukudi,AB+,64,14,61
2024,8,Thoothukudi,AB-,28,1,15
2024,8,Thoothukudi,O+,21,13,65
2024,8,Thoothukudi,O-,23,11,43
2024,8,Namakkal,A+,16,11,37
2024,8,Namakkal,A-,70,3,43
2024,8,Namakkal,B+,5,9,26
2024,8,Namakkal,B-,59,0,32
2024,8,Namakkal,AB+,19,14,33
2024,8,Namakkal,AB-,33,1,14
2024,8,Namakkal,O+,38,13,71
2024,8,Namakkal,O-,41,9,55
2024,8,Dharmapuri,A+,23,6,34
2024,8,Dharmapuri,A-,10,6,13
2024,8,Dharmapuri,B+,59,12,72
2024,8,Dharmapuri,B-,29,1,12
2024,8,Dharmapuri,AB+,8,7,10
2024,8,Dharmapuri,AB-,70,1,34
2024,8,Dharmapuri,O+,54,10,74
2024,8,Dharmapuri,O-,42,11,52
2024,8,Krishnagiri,A+,26,9,38
2024,8,Krishnagiri,A-,61,13,56
2024,8,Krishnagiri,B+,13,14,44
2024,8,Krishnagiri,B-,33,4,26
2024,8,Krishnagiri,AB+,64,6,45
2024,8,Krishnagiri,AB-,76,12,47
2024,8,Krishnagiri,O+,57,13,96
2024,8,Krishnagiri,O-,12,9,30
2024,8,Dindigul,A+,25,7,46
2024,8,Dindigul,A-,13,13,25
2024,8,Dindigul,B+,59,14,77
2024,8,Dindigul,B-,15,1,14
2024,8,Dindigul,AB+,35,1,24
2024,8,Dindigul,AB-,66,6,27
2024,8,Dindigul,O+,62,3,72
2024,8,Dindigul,O-,71,3,57
2024,8,Thanjavur,A+,57,13,82
2024,8,Thanjavur,A-,26,14,46
2024,8,Thanjavur,B+,50,4,44
2024,8,Thanjavur,B-,7,2,15
2024,8,Thanjavur,AB+,28,8,30
2024,8,Thanjavur,AB-,52,9,31
2024,8,Thanjavur,O+,11,13,44
2024,8,Thanjavur,O-,19,11,35
2024,8,Karur,A+,78,6,75
2024,8,Karur,A-,63,9,50
2024,8,Karur,B+,26,11,45
2024,8,Karur,B-,23,0,19
2024,8,Karur,AB+,52,6,43
2024,8,Karur,AB-,36,5,26
2024,8,Karur,O+,17,5,34
2024,8,Karur,O-,48,7,52
2024,9,Chennai,A+,66,12,84
2024,9,Chennai,A-,76,0,42
2024,9,Chennai,B+,53,6,48
2024,9,Chennai,B-,23,9,21
2024,9,Chennai,AB+,62,0,28
2024,9,Chennai,AB-,76,11,40
2024,9,Chennai,O+,24,12,61
2024,9,Chennai,O-,35,1,30
2024,9,Coimbatore,A+,7,1,6
2024,9,Coimbatore,A-,25,8,24
2024,9,Coimbatore,B+,46,13,69
2024,9,Coimbatore,B-,34,12,33
2024,9,Coimbatore,AB+,59,3,42
2024,9,Coimbatore,AB-,75,0,30
2024,9,Coimbatore,O+,67,12,91
2024,9,Coimbatore,O-,57,7,55
2024,9,Madurai,A+,74,14,99
2024,9,Madurai,A-,54,3,43
2024,9,Madurai,B+,76,1,57
2024,9,Madurai,B-,34,6,28
2024,9,Madurai,AB+,28,11,33
2024,9,Madurai,AB-,61,1,23
2024,9,Madurai,O+,29,12,58
2024,9,Madurai,O-,29,1,24
2024,9,Salem,A+,74,13,91
2024,9,Salem,A-,40,3,32
2024,9,Salem,B+,22,14,57
2024,9,Salem,B-,20,11,35
2024,9,Salem,AB+,51,5,36
2024,9,Salem,AB-,34,3,23
2024,9,Salem,O+,20,0,21
2024,9,Salem,O-,31,12,54
2024,9,Trichy,A+,32,3,33
2024,9,Trichy,A-,55,4,35
2024,9,Trichy,B+,77,0,51
2024,9,Trichy,B-,31,4,16
2024,9,Trichy,AB+,42,12,39
2024,9,Trichy,AB-,39,3,14
2024,9,Trichy,O+,9,8,39
2024,9,Trichy,O-,30,13,45
2024,9,Vellore,A+,70,12,94
2024,9,Vellore,A-,49,5,39
2024,9,Vellore,B+,5,8,27
2024,9,Vellore,B-,20,13,34
2024,9,Vellore,AB+,23,2,16
2024,9,Vellore,AB-,52,11,31
2024,9,Vellore,O+,39,5,50
2024,9,Vellore,O-,15,10,31
2024,9,Erode,A+,30,11,54
2024,9,Erode,A-,54,9,49
2024,9,Erode,B+,48,14,69
2024,9,Erode,B-,28,12,37
2024,9,Erode,AB+,61,0,36
2024,9,Erode,AB-,5,10,11
2024,9,Erode,O+,35,11,61
2024,9,Erode,O-,43,14,59
2024,9,Tirunelveli,A+,32,2,29
2024,9,Tirunelveli,A-,48,0,20
2024,9,Tirunelveli,B+,16,11,36
2024,9,Tirunelveli,B-,76,3,50
2024,9,Tirunelveli,AB+,34,6,22
2024,9,Tirunelveli,AB-,10,5,8
2024,9,Tirunelveli,O+,34,12,75
2024,9,Tirunelveli,O-,12,10,24
2024,9,Thoothukudi,A+,47,11,70
2024,9,Thoothukudi,A-,49,9,40
2024,9,Thoothukudi,B+,58,13,73
2024,9,Thoothukudi,B-,69,6,40
2024,9,Thoothukudi,AB+,29,4,19
2024,9,Thoothukudi,AB-,16,0,5
2024,9,Thoothukudi,O+,60,0,60
2024,9,Thoothukudi,O-,30,8,45
2024,9,Namakkal,A+,60,5,62
2024,9,Namakkal,A-,55,3,32
2024,9,Namakkal,B+,16,0,6
2024,9,Namakkal,B-,5,2,1
2024,9,Namakkal,AB+,62,6,46
2024,9,Namakkal,AB-,76,1,36
2024,9,Namakkal,O+,8,7,33
2024,9,Namakkal,O-,30,0,24
2024,9,Dharmapuri,A+,44,1,33
2024,9,Dharmapuri,A-,77,9,64
2024,9,Dharmapuri,B+,46,1,31
2024,9,Dharmapuri,B-,25,2,23
2024,9,Dharmapuri,AB+,31,9,36
2024,9,Dharmapuri,AB-,51,12,36
2024,9,Dharmapuri,O+,13,10,46
2024,9,Dharmapuri,O-,16,14,43
2024,9,Krishnagiri,A+,70,2,60
2024,9,Krishnagiri,A-,31,8,39
2024,9,Krishnagiri,B+,70,9,80
2024,9,Krishnagiri,B-,75,7,47
2024,9,Krishnagiri,AB+,10,7,25
2024,9,Krishnagiri,AB-,63,2,34
2024,9,Krishnagiri,O+,60,12,96
2024,9,Krishnagiri,O-,14,12,44
2024,9,Dindigul,A+,69,1,63
2024,9,Dindigul,A-,20,5,15
2024,9,Dindigul,B+,66,9,65
2024,9,Dindigul,B-,71,2,35
2024,9,Dindigul,AB+,47,1,20
2024,9,Dindigul,AB-,50,12,32
2024,9,Dindigul,O+,50,4,56
2024,9,Dindigul,O-,34,8,35
2024,9,Thanjavur,A+,9,4,16
2024,9,Thanjavur,A-,77,10,59
2024,9,Thanjavur,B+,52,7,62
2024,9,Thanjavur,B-,42,5,32
2024,9,Thanjavur,AB+,18,7,27
2024,9,Thanjavur,AB-,63,0,25
2024,9,Thanjavur,O+,17,10,48
2024,9,Thanjavur,O-,60,3,51
2024,9,Karur,A+,53,1,38
2024,9,Karur,A-,79,11,59
2024,9,Karur,B+,61,5,54
2024,9,Karur,B-,35,7,32
2024,9,Karur,AB+,7,11,26
2024,9,Karur,AB-,23,4,8
2024,9,Karur,O+,18,6,31
2024,9,Karur,O-,79,12,74
2024,10,Chennai,A+,11,0,3
2024,10,Chennai,A-,11,13,26
2024,10,Chennai,B+,20,4,31
2024,10,Chennai,B-,33,4,25
2024,10,Chennai,AB+,65,4,44
2024,10,Chennai,AB-,21,14,33
2024,10,Chennai,O+,63,7,86
2024,10,Chennai,O-,51,5,53
2024,10,Coimbatore,A+,22,10,43
2024,10,Coimbatore,A-,13,2,18
2024,10,Coimbatore,B+,75,9,82
2024,10,Coimbatore,B-,38,10,41
2024,10,Coimbatore,AB+,37,4,22
2024,10,Coimbatore,AB-,78,3,32
2024,10,Coimbatore,O+,51,12,80
2024,10,Coimbatore,O-,49,5,45
2024,10,Madurai,A+,52,8,61
2024,10,Madurai,A-,72,8,58
2024,10,Madurai,B+,15,8,25
2024,10,Madurai,B-,75,2,40
2024,10,Madurai,AB+,5,0,3
2024,10,Madurai,AB-,8,1,3
2024,10,Madurai,O+,41,13,73
2024,10,Madurai,O-,29,1,19
2024,10,Salem,A+,70,10,84
2024,10,Salem,A-,19,5,18
2024,10,Salem,B+,47,9,62
2024,10,Salem,B-,20,9,24
2024,10,Salem,AB+,70,0,32
2024,10,Salem,AB-,34,14,34
2024,10,Salem,O+,36,2,35
2024,10,Salem,O-,46,13,57
2024,10,Trichy,A+,63,6,64
2024,10,Trichy,A-,12,3,11
2024,10,Trichy,B+,23,9,44
2024,10,Trichy,B-,42,11,37
2024,10,Trichy,AB+,7,13,19
2024,10,Trichy,AB-,70,10,45
2024,10,Trichy,O+,62,9,79
2024,10,Trichy,O-,32,12,52
2024,10,Vellore,A+,79,13,97
2024,10,Vellore,A-,20,8,26
2024,10,Vellore,B+,63,6,56
2024,10,Vellore,B-,45,4,29
2024,10,Vellore,AB+,26,9,21
2024,10,Vellore,AB-,50,5,24
2024,10,Vellore,O+,36,6,58
2024,10,Vellore,O-,47,9,59
2024,10,Erode,A+,16,2,18
2024,10,Erode,A-,31,9,28
2024,10,Erode,B+,79,1,54
2024,10,Erode,B-,65,13,59
2024,10,Erode,AB+,36,1,27
2024,10,Erode,AB-,64,1,30
2024,10,Erode,O+,31,8,48
2024,10,Erode,O-,51,0,39
2024,10,Tirunelveli,A+,54,9,67
2024,10,Tirunelveli,A-,38,10,43
2024,10,Tirunelveli,B+,24,8,39
2024,10,Tirunelveli,B-,59,0,32
2024,10,Tirunelveli,AB+,47,4,27
2024,10,Tirunelveli,AB-,54,6,33
2024,10,Tirunelveli,O+,53,0,53
2024,10,Tirunelveli,O-,14,11,28
2024,10,Thoothukudi,A+,15,9,36
2024,10,Thoothukudi,A-,24,7,34
2024,10,Thoothukudi,B+,52,11,58
2024,10,Thoothukudi,B-,37,2,18
2024,10,Thoothukudi,AB+,50,14,46
2024,10,Thoothukudi,AB-,55,7,30
2024,10,Thoothukudi,O+,23,13,65
2024,10,Thoothukudi,O-,42,0,22
2024,10,Namakkal,A+,15,10,36
2024,10,Namakkal,A-,62,6,39
2024,10,Namakkal,B+,19,1,21
2024,10,Namakkal,B-,5,2,7
2024,10,Namakkal,AB+,68,1,38
2024,10,Namakkal,AB-,64,12,38
2024,10,Namakkal,O+,70,2,73
2024,10,Namakkal,O-,61,3,52
2024,10,Dharmapuri,A+,59,5,60
2024,10,Dharmapuri,A-,11,1,2
2024,10,Dharmapuri,B+,30,5,42
2024,10,Dharmapuri,B-,9,6,8
2024,10,Dharmapuri,AB+,6,10,25
2024,10,Dharmapuri,AB-,69,9,36
2024,10,Dharmapuri,O+,54,2,53
2024,10,Dharmapuri,O-,45,9,56
2024,10,Krishnagiri,A+,72,7,79
2024,10,Krishnagiri,A-,60,9,46
2024,10,Krishnagiri,B+,40,1,33
2024,10,Krishnagiri,B-,16,11,24
2024,10,Krishnagiri,AB+,76,5,48
2024,10,Krishnagiri,AB-,66,8,39
2024,10,Krishnagiri,O+,32,3,44
2024,10,Krishnagiri,O-,17,2,11
2024,10,Dindigul,A+,8,12,35
2024,10,Dindigul,A-,30,11,36
2024,10,Dindigul,B+,10,5,26
2024,10,Dindigul,B-,60,3,28
2024,10,Dindigul,AB+,31,2,20
2024,10,Dindigul,AB-,62,3,34
2024,10,Dindigul,O+,37,14,74
2024,10,Dindigul,O-,37,3,30
2024,10,Thanjavur,A+,44,9,66
2024,10,Thanjavur,A-,49,10,45
2024,10,Thanjavur,B+,62,13,73
2024,10,Thanjavur,B-,38,0,23
2024,10,Thanjavur,AB+,42,3,32
2024,10,Thanjavur,AB-,23,0,14
2024,10,Thanjavur,O+,27,13,66
2024,10,Thanjavur,O-,32,3,34
2024,10,Karur,A+,37,2,43
2024,10,Karur,A-,20,14,44
2024,10,Karur,B+,29,13,47
2024,10,Karur,B-,37,4,31
2024,10,Karur,AB+,41,12,40
2024,10,Karur,AB-,5,14,20
2024,10,Karur,O+,69,13,106
2024,10,Karur,O-,14,1,10
2024,11,Chennai,A+,14,13,44
2024,11,Chennai,A-,55,12,54
2024,11,Chennai,B+,77,7,79
2024,11,Chennai,B-,62,14,48
2024,11,Chennai,AB+,28,0,18
2024,11,Chennai,AB-,69,6,27
2024,11,Chennai,O+,55,7,73
2024,11,Chennai,O-,25,14,47
2024,11,Coimbatore,A+,33,7,40
2024,11,Coimbatore,A-,53,8,39
2024,11,Coimbatore,B+,15,13,45
2024,11,Coimbatore,B-,79,1,41
2024,11,Coimbatore,AB+,52,2,35
2024,11,Coimbatore,AB-,24,7,15
2024,11,Coimbatore,O+,55,0,47
2024,11,Coimbatore,O-,18,1,16
2024,11,Madurai,A+,46,9,60
2024,11,Madurai,A-,42,3,25
2024,11,Madurai,B+,67,10,79
2024,11,Madurai,B-,9,1,12
2024,11,Madurai,AB+,54,7,34
2024,11,Madurai,AB-,27,10,21
2024,11,Madurai,O+,60,2,55
2024,11,Madurai,O-,10,5,19
2024,11,Salem,A+,39,12,64
2024,11,Salem,A-,71,3,40
2024,11,Salem,B+,51,6,57
2024,11,Salem,B-,47,1,31
2024,11,Salem,AB+,52,13,45
2024,11,Salem,AB-,51,3,27
2024,11,Salem,O+,53,11,76
2024,11,Salem,O-,48,8,57
2024,11,Trichy,A+,60,11,79
2024,11,Trichy,A-,54,4,31
2024,11,Trichy,B+,71,7,73
2024,11,Trichy,B-,46,2,31
2024,11,Trichy,AB+,72,3,42
2024,11,Trichy,AB-,40,8,29
2024,11,Trichy,O+,60,3,60
2024,11,Trichy,O-,60,7,50
2024,11,Vellore,A+,43,7,52
2024,11,Vellore,A-,31,11,33
2024,11,Vellore,B+,69,9,68
2024,11,Vellore,B-,7,4,7
2024,11,Vellore,AB+,24,10,24
2024,11,Vellore,AB-,28,5,11
2024,11,Vellore,O+,78,11,111
2024,11,Vellore,O-,59,4,45
2024,11,Erode,A+,70,4,73
2024,11,Erode,A-,50,12,50
2024,11,Erode,B+,54,12,75
2024,11,Erode,B-,21,10,34
2024,11,Erode,AB+,58,12,54
2024,11,Erode,AB-,53,8,30
2024,11,Erode,O+,27,9,49
2024,11,Erode,O-,10,9,27
2024,11,Tirunelveli,A+,61,10,69
2024,11,Tirunelveli,A-,14,7,23
2024,11,Tirunelveli,B+,76,10,86
2024,11,Tirunelveli,B-,67,9,45
2024,11,Tirunelveli,AB+,45,1,30
2024,11,Tirunelveli,AB-,34,11,20
2024,11,Tirunelveli,O+,49,14,93
2024,11,Tirunelveli,O-,34,5,42
2024,11,Thoothukudi,A+,42,6,57
2024,11,Thoothukudi,A-,61,0,38
2024,11,Thoothukudi,B+,39,1,39
2024,11,Thoothukudi,B-,57,14,53
2024,11,Thoothukudi,AB+,35,7,34
2024,11,Thoothukudi,AB-,57,7,25
2024,11,Thoothukudi,O+,66,11,96
2024,11,Thoothukudi,O-,69,12,78
2024,11,Namakkal,A+,72,2,68
2024,11,Namakkal,A-,66,12,66
2024,11,Namakkal,B+,67,7,70
2024,11,Namakkal,B-,76,7,44
2024,11,Namakkal,AB+,28,5,23
2024,11,Namakkal,AB-,33,8,16
2024,11,Namakkal,O+,5,11,35
2024,11,Namakkal,O-,5,8,23
2024,11,Dharmapuri,A+,27,1,21
2024,11,Dharmapuri,A-,32,3,26
2024,11,Dharmapuri,B+,16,4,23
2024,11,Dharmapuri,B-,53,0,22
2024,11,Dharmapuri,AB+,20,2,17
2024,11,Dharmapuri,AB-,57,11,31
2024,11,Dharmapuri,O+,11,1,12
2024,11,Dharmapuri,O-,69,3,52
2024,11,Krishnagiri,A+,30,3,32
2024,11,Krishnagiri,A-,55,12,48
2024,11,Krishnagiri,B+,14,7,22
2024,11,Krishnagiri,B-,21,4,24
2024,11,Krishnagiri,AB+,43,12,37
2024,11,Krishnagiri,AB-,28,0,9
2024,11,Krishnagiri,O+,39,14,77
2024,11,Krishnagiri,O-,65,10,60
2024,11,Dindigul,A+,76,14,93
2024,11,Dindigul,A-,59,4,40
2024,11,Dindigul,B+,66,6,65
2024,11,Dindigul,B-,79,5,51
2024,11,Dindigul,AB+,76,13,59
2024,11,Dindigul,AB-,45,4,28
2024,11,Dindigul,O+,78,2,81
2024,11,Dindigul,O-,41,5,41
2024,11,Thanjavur,A+,29,3,34
2024,11,Thanjavur,A-,41,7,42
2024,11,Thanjavur,B+,13,14,37
2024,11,Thanjavur,B-,17,3,15
2024,11,Thanjavur,AB+,48,14,40
2024,11,Thanjavur,AB-,18,10,26
2024,11,Thanjavur,O+,30,14,71
2024,11,Thanjavur,O-,6,11,23
2024,11,Karur,A+,79,6,85
2024,11,Karur,A-,64,14,55
2024,11,Karur,B+,24,12,50
2024,11,Karur,B-,22,13,36
2024,11,Karur,AB+,35,3,26
2024,11,Karur,AB-,22,14,30
2024,11,Karur,O+,75,2,74
2024,11,Karur,O-,70,13,72
2024,12,Chennai,A+,50,11,67
2024,12,Chennai,A-,71,12,61
2024,12,Chennai,B+,61,14,75
2024,12,Chennai,B-,52,8,44
2024,12,Chennai,AB+,71,13,50
2024,12,Chennai,AB-,12,9,15
2024,12,Chennai,O+,71,12,107
2024,12,Chennai,O-,51,7,54
2024,12,Coimbatore,A+,66,9,78
2024,12,Coimbatore,A-,38,14,50
2024,12,Coimbatore,B+,49,12,65
2024,12,Coimbatore,B-,33,14,46
2024,12,Coimbatore,AB+,67,1,39
2024,12,Coimbatore,AB-,31,14,23
2024,12,Coimbatore,O+,41,10,74
2024,12,Coimbatore,O-,49,8,45
2024,12,Madurai,A+,17,8,41
2024,12,Madurai,A-,60,9,46
2024,12,Madurai,B+,33,5,38
2024,12,Madurai,B-,30,12,33
2024,12,Madurai,AB+,47,14,44
2024,12,Madurai,AB-,30,0,5
2024,12,Madurai,O+,77,9,104
2024,12,Madurai,O-,10,8,32
2024,12,Salem,A+,66,1,58
2024,12,Salem,A-,31,0,24
2024,12,Salem,B+,69,14,88
2024,12,Salem,B-,38,14,39
2024,12,Salem,AB+,18,4,16
2024,12,Salem,AB-,40,13,30
2024,12,Salem,O+,13,12,44
2024,12,Salem,O-,29,10,49
2024,12,Trichy,A+,17,12,52
2024,12,Trichy,A-,36,13,38
2024,12,Trichy,B+,60,2,49
2024,12,Trichy,B-,59,1,31
2024,12,Trichy,AB+,47,9,38
2024,12,Trichy,AB-,73,6,34
2024,12,Trichy,O+,78,3,87
2024,12,Trichy,O-,25,11,47
2024,12,Vellore,A+,74,5,74
2024,12,Vellore,A-,7,4,5
2024,12,Vellore,B+,37,9,47
2024,12,Vellore,B-,37,10,39
2024,12,Vellore,AB+,46,7,41
2024,12,Vellore,AB-,62,14,35
2024,12,Vellore,O+,55,13,92
2024,12,Vellore,O-,12,10,37
2024,12,Erode,A+,53,12,75
2024,12,Erode,A-,19,9,21
2024,12,Erode,B+,31,14,59
2024,12,Erode,B-,76,8,52
2024,12,Erode,AB+,15,10,26
2024,12,Erode,AB-,58,10,33
2024,12,Erode,O+,32,13,75
2024,12,Erode,O-,59,3,42
2024,12,Tirunelveli,A+,77,2,74
2024,12,Tirunelveli,A-,55,12,49
2024,12,Tirunelveli,B+,14,9,35
2024,12,Tirunelveli,B-,71,1,34
2024,12,Tirunelveli,AB+,47,0,17
2024,12,Tirunelveli,AB-,31,5,23
2024,12,Tirunelveli,O+,40,7,52
2024,12,Tirunelveli,O-,57,10,68
2024,12,Thoothukudi,A+,33,5,37
2024,12,Thoothukudi,A-,62,14,58
2024,12,Thoothukudi,B+,66,8,75
2024,12,Thoothukudi,B-,75,9,45
2024,12,Thoothukudi,AB+,57,9,48
2024,12,Thoothukudi,AB-,37,13,25
2024,12,Thoothukudi,O+,58,13,87
2024,12,Thoothukudi,O-,11,11,38
2024,12,Namakkal,A+,13,0,11
2024,12,Namakkal,A-,55,1,33
2024,12,Namakkal,B+,59,11,63
2024,12,Namakkal,B-,19,2,8
2024,12,Namakkal,AB+,73,5,43
2024,12,Namakkal,AB-,16,12,29
2024,12,Namakkal,O+,58,12,88
2024,12,Namakkal,O-,76,11,73
2024,12,Dharmapuri,A+,32,4,40
2024,12,Dharmapuri,A-,79,6,57
2024,12,Dharmapuri,B+,47,10,58
2024,12,Dharmapuri,B-,40,0,18
2024,12,Dharmapuri,AB+,42,6,33
2024,12,Dharmapuri,AB-,47,11,33
2024,12,Dharmapuri,O+,48,3,47
2024,12,Dharmapuri,O-,56,10,59
2024,12,Krishnagiri,A+,5,12,38
2024,12,Krishnagiri,A-,10,9,23
2024,12,Krishnagiri,B+,58,13,73
2024,12,Krishnagiri,B-,23,7,21
2024,12,Krishnagiri,AB+,35,6,27
2024,12,Krishnagiri,AB-,42,2,22
2024,12,Krishnagiri,O+,5,5,26
2024,12,Krishnagiri,O-,54,1,41
2024,12,Dindigul,A+,36,0,24
2024,12,Dindigul,A-,48,10,50
2024,12,Dindigul,B+,52,12,70
2024,12,Dindigul,B-,11,11,30
2024,12,Dindigul,AB+,56,8,44
2024,12,Dindigul,AB-,36,10,22
2024,12,Dindigul,O+,61,3,59
2024,12,Dindigul,O-,65,13,71
2024,12,Thanjavur,A+,35,12,67
2024,12,Thanjavur,A-,16,2,16
2024,12,Thanjavur,B+,61,8,68
2024,12,Thanjavur,B-,19,13,30
2024,12,Thanjavur,AB+,40,13,42
2024,12,Thanjavur,AB-,28,11,29
2024,12,Thanjavur,O+,79,2,76
2024,12,Thanjavur,O-,7,12,31
2024,12,Karur,A+,42,14,71
2024,12,Karur,A-,69,4,43
2024,12,Karur,B+,45,9,52
2024,12,Karur,B-,64,10,51
2024,12,Karur,AB+,78,6,44
2024,12,Karur,AB-,18,12,27
2024,12,Karur,O+,64,5,67
2024,12,Karur,O-,13,5,19
