blood_group_match,same_district,age,weight,days_since_donation,is_eligible,emergency_level,availability,recommendation_score
0,0,23,78.9,253,0,1,1,0.128
0,1,27,83.1,188,0,1,1,0.3961
1,0,58,81.2,290,1,2,1,0.7072
1,1,38,62.4,70,1,3,0,0.9212
0,0,31,93.2,232,1,3,0,0.3124
0,1,62,87.3,7,1,2,0,0.4107
1,0,50,73.1,267,1,1,0,0.6309
0,1,42,78.2,365,0,1,1,0.3396
0,0,36,76.2,335,1,2,0,0.3556
1,1,26,97.1,114,0,3,0,0.6248
0,1,64,94.3,323,1,3,0,0.4427
0,1,54,58.0,300,0,3,0,0.3148
1,1,53,59.5,296,1,3,1,0.9113
1,0,53,99.0,236,0,1,1,0.5546
1,1,32,58.0,316,0,3,1,0.8453
1,1,22,97.4,75,1,2,0,0.7979
0,1,34,80.7,98,0,3,0,0.3914
0,0,47,47.8,322,1,1,0,0.2353
1,1,24,63.5,1,0,3,0,0.6344
1,0,23,71.2,121,0,3,1,0.5124
1,1,32,90.8,184,1,2,1,0.8579
0,1,63,63.1,15,0,3,0,0.3208
0,1,27,62.1,278,0,3,1,0.5129
0,1,23,95.6,350,1,2,0,0.492
1,0,59,49.3,40,1,2,0,0.6223
1,0,58,75.3,54,1,2,1,0.6616
0,1,30,72.7,207,1,2,1,0.5661
0,1,31,48.2,131,0,1,0,0.1744
1,1,18,49.8,365,1,3,0,0.9748
1,0,50,66.0,355,1,3,1,0.7386
1,1,36,52.4,283,1,1,1,0.922
1,0,26,71.3,177,0,2,0,0.5201
1,0,54,78.5,241,1,3,0,0.6887
1,1,65,83.0,241,0,2,1,0.7445
1,0,29,75.1,283,1,2,1,0.7714
1,1,22,65.9,122,0,1,0,0.536
0,0,23,52.1,281,0,1,1,0.0807
0,1,28,58.6,166,0,2,0,0.3011
0,1,55,68.1,12,1,3,1,0.6077
1,1,27,95.8,70,1,2,0,0.8419
0,1,32,56.1,53,1,3,1,0.4806
0,1,56,67.7,12,0,2,0,0.201
0,1,45,85.3,58,1,2,1,0.5804
1,0,20,83.8,259,0,3,0,0.4771
1,0,33,98.1,79,1,1,1,0.7395
1,0,62,55.5,59,1,1,1,0.7065
0,1,34,45.9,46,1,2,1,0.6326
0,1,53,62.7,332,1,3,1,0.7019
1,1,36,53.2,201,1,1,1,0.9415
0,1,21,75.2,260,0,3,1,0.43
0,1,42,94.4,35,0,1,0,0.2544
1,1,44,82.9,18,1,3,0,0.8738
1,0,29,52.5,255,0,2,0,0.5116
1,1,44,51.4,285,1,3,1,0.9713
1,1,21,95.1,40,1,2,0,0.8433
1,1,41,71.8,283,1,1,1,0.8524
1,1,34,95.8,286,1,3,0,0.8702
1,1,43,85.5,227,0,1,0,0.6259
1,0,35,99.6,170,0,1,1,0.5256
1,1,39,92.9,244,0,2,1,0.7812
1,1,23,67.8,11,0,3,1,0.7155
1,0,36,86.7,214,0,2,1,0.5487
1,0,54,70.9,139,1,3,1,0.7441
0,1,51,57.8,297,1,1,1,0.666
1,0,28,58.3,345,0,1,0,0.3553
0,0,41,66.9,184,0,3,1,0.3315
0,1,62,51.1,211,1,1,1,0.596
0,0,54,54.8,271,1,1,0,0.1356
1,1,40,72.5,98,1,2,0,0.8052
1,0,57,97.5,131,0,1,0,0.4136
1,1,60,76.8,114,1,1,0,0.7965
1,1,21,67.5,268,0,1,0,0.5393
0,0,35,58.3,59,1,3,0,0.2501
0,0,47,55.8,283,1,1,0,0.2781
1,1,32,81.2,108,0,2,0,0.562
1,1,54,91.7,347,1,2,0,0.906
1,0,40,66.9,21,1,2,1,0.7062
1,1,29,75.3,340,1,2,1,0.9928
0,0,21,83.9,26,0,1,1,0.0818
1,0,21,48.2,213,0,2,1,0.4781
0,0,58,64.3,43,1,3,0,0.3575
1,1,58,85.1,79,0,3,0,0.6575
1,1,31,82.7,365,1,1,0,0.7507
1,0,25,47.9,279,0,3,0,0.4465
1,0,40,58.1,173,0,3,1,0.5837
1,1,18,82.4,272,0,1,0,0.5467
1,1,28,59.9,260,1,1,1,0.7767
0,1,44,89.8,37,0,2,1,0.2964
0,0,21,46.6,58,0,2,1,0.2135
1,0,46,55.5,181,0,1,1,0.421
0,1,34,60.5,104,1,3,1,0.662
1,0,36,95.9,95,1,1,1,0.7101
0,0,62,88.8,89,1,2,1,0.3414
1,1,41,93.6,70,1,1,0,0.8505
0,0,61,69.2,99,0,1,0,0.0
1,1,63,90.2,310,1,3,1,0.9612
0,1,58,91.9,326,1,1,0,0.4739
0,1,61,67.0,170,1,2,0,0.4668
1,1,49,99.7,346,1,1,1,0.9331
1,0,48,91.8,165,1,3,1,0.8011
1,1,33,98.6,239,1,1,1,0.8849
1,1,49,92.7,215,0,3,1,0.8533
1,1,61,87.7,343,1,1,1,0.8832
0,0,59,96.9,60,0,3,0,0.0937
1,0,51,68.1,185,0,1,1,0.53
1,0,52,88.1,363,1,1,0,0.6231
0,0,54,56.7,181,0,1,0,0.0
0,1,33,85.3,218,0,1,1,0.3608
0,0,38,88.2,33,0,1,1,0.0885
1,0,30,84.4,44,0,2,0,0.5081
1,0,35,91.7,137,1,2,0,0.7063
0,1,19,67.7,185,0,1,0,0.2638
0,1,50,75.0,349,1,3,1,0.6323
1,1,58,45.6,27,1,3,1,1.0
0,1,35,53.0,105,0,2,0,0.3401
1,0,45,80.4,285,0,2,1,0.5788
0,0,54,75.9,283,0,2,1,0.2748
0,0,52,55.9,156,0,3,0,0.139
1,0,54,58.4,286,1,2,0,0.6624
0,0,29,63.9,106,0,2,1,0.1948
0,1,57,84.4,232,0,2,1,0.3687
1,0,25,78.5,195,1,1,1,0.7485
1,1,42,48.8,338,1,1,1,0.9179
0,1,24,86.8,201,1,2,0,0.5087
1,1,19,59.4,108,1,3,0,0.8495
1,0,50,81.9,30,0,1,1,0.5093
1,0,50,51.8,225,0,2,0,0.4588
0,1,57,99.9,40,1,1,1,0.5877
0,0,40,49.4,63,0,3,0,0.0798
0,0,22,85.8,230,1,2,1,0.3675
0,0,31,74.8,169,0,2,0,0.124
0,0,25,49.7,299,1,1,0,0.3581
0,1,37,46.5,138,1,2,0,0.4711
0,0,35,64.9,291,1,1,0,0.3034
1,0,40,89.1,363,0,3,0,0.4553
1,0,46,47.3,235,0,1,0,0.3909
0,1,24,83.7,287,0,2,1,0.408
0,1,41,81.0,359,0,3,1,0.4643
1,0,63,59.6,66,0,3,0,0.4707
0,0,42,49.3,187,1,3,0,0.3134
0,0,31,95.3,347,1,1,1,0.3081
0,0,55,61.5,280,1,3,0,0.2738
1,1,20,51.1,27,1,2,0,0.8856
1,1,63,82.5,210,1,3,1,0.9583
1,1,31,56.9,233,1,3,0,0.88
0,1,20,71.2,18,1,1,0,0.4451
1,1,59,47.8,311,1,1,0,0.9416
1,1,26,99.6,112,0,2,1,0.7185
0,0,24,69.6,343,0,2,0,0.1636
0,1,43,100.0,357,0,1,1,0.3332
0,1,24,66.2,125,0,3,0,0.2914
0,1,24,64.1,207,0,1,1,0.3856
1,0,61,95.3,81,1,1,0,0.6254
1,1,53,63.1,251,1,1,1,0.937
0,1,30,68.8,40,1,2,1,0.574
0,1,20,49.3,268,1,2,1,0.5994
0,1,37,97.6,204,0,2,1,0.4579
0,0,26,49.7,98,0,2,0,0.1548
0,0,39,87.4,82,0,3,1,0.206
1,0,62,74.6,23,0,2,1,0.5174
0,1,50,48.4,352,1,2,1,0.6009
1,0,40,45.1,72,1,3,0,0.6352
0,0,40,96.5,182,1,3,0,0.3633
1,0,55,85.8,2,1,1,0,0.575
0,0,43,82.8,258,1,3,1,0.4461
0,0,49,69.1,29,1,3,1,0.4244
1,1,45,58.1,145,0,2,1,0.5789
1,1,47,82.4,321,1,2,1,0.929
1,1,57,78.5,211,0,2,0,0.6498
1,1,34,84.9,26,1,2,0,0.857
1,1,35,65.1,355,0,3,0,0.776
1,1,42,99.3,104,0,2,0,0.6317
1,0,21,48.7,109,0,2,1,0.4575
1,0,43,49.4,18,0,1,0,0.4133
0,1,48,95.4,15,1,3,1,0.5965
0,1,29,80.6,281,0,3,1,0.5385
0,1,65,62.9,269,1,3,0,0.5982
1,1,35,86.9,46,1,1,0,0.7254
1,0,27,69.9,145,0,3,0,0.4371
0,0,53,46.2,155,0,3,1,0.2952
1,1,19,80.8,29,1,2,0,0.8259
0,1,42,58.4,104,1,3,0,0.543
1,1,64,51.3,148,1,2,1,0.924
1,1,26,57.4,47,0,1,1,0.7798
1,1,64,71.2,182,1,2,0,0.8489
1,1,49,47.7,157,0,1,0,0.6451
0,0,22,93.6,41,0,1,1,0.0668
0,0,20,75.8,164,0,1,0,0.0
0,0,34,61.1,296,0,2,1,0.3109
1,0,30,82.8,173,0,1,1,0.4494
0,1,20,89.2,351,0,2,1,0.4456
0,0,45,78.8,93,1,2,1,0.4259
0,0,21,56.1,213,1,2,1,0.4102
0,1,35,51.1,187,1,1,0,0.5079
0,0,52,92.3,87,0,2,0,0.0
0,0,31,57.9,256,1,2,1,0.4626
1,0,33,46.1,247,0,1,1,0.3989
1,1,29,80.4,53,1,2,0,0.867
1,1,28,53.4,290,1,1,0,0.958
1,1,19,99.5,143,1,1,1,0.9662
0,1,50,92.8,4,1,1,1,0.538
0,0,30,78.5,364,0,2,1,0.2053
1,1,47,90.9,36,1,2,1,0.9208
0,1,43,70.9,118,0,3,0,0.2623
0,1,35,88.4,362,0,3,0,0.3405
0,0,30,80.6,152,0,3,0,0.0476
1,0,21,46.6,322,0,1,1,0.4841
0,0,50,97.2,245,1,3,0,0.3786
1,0,32,92.4,293,1,2,1,0.7972
1,1,34,97.4,211,0,1,1,0.7328
0,0,23,85.2,129,1,1,0,0.2594
1,1,22,67.7,191,1,2,1,0.8554
1,0,50,56.4,196,0,3,1,0.5576
1,1,33,54.9,255,0,3,0,0.6812
1,0,63,53.0,147,1,2,1,0.6575
1,0,41,57.1,341,1,2,1,0.6935
0,0,22,75.3,266,1,3,0,0.3847
0,0,20,82.6,337,1,2,1,0.4289
1,1,52,62.3,290,0,3,1,0.7321
1,0,44,75.2,171,1,2,0,0.7085
1,1,29,63.8,300,1,3,1,1.0
1,1,58,83.3,148,0,2,0,0.6304
1,0,42,99.4,147,1,1,1,0.6402
1,0,34,82.9,264,0,1,1,0.5993
1,0,37,48.2,94,0,1,0,0.4802
0,0,45,71.2,185,1,2,0,0.3503
1,1,52,87.4,256,1,3,1,1.0
0,1,32,74.8,210,0,3,1,0.4261
0,0,50,97.3,2,1,3,1,0.4056
1,1,20,48.0,166,1,1,0,0.8741
0,0,24,61.0,349,1,1,0,0.2936
1,1,27,57.1,204,1,3,1,0.9364
0,0,58,87.2,177,0,2,0,0.0444
0,1,43,73.8,343,0,2,1,0.4684
1,0,58,52.6,26,1,3,0,0.7591
0,0,57,60.7,28,1,3,1,0.4307
0,0,23,73.7,126,0,2,0,0.195
0,0,50,99.8,104,1,3,0,0.2158
0,1,33,65.0,333,1,2,1,0.5502
1,0,41,53.6,68,1,2,1,0.7004
0,0,47,72.3,106,0,1,1,0.0484
1,1,27,62.1,179,1,1,1,0.897
1,1,28,76.1,101,0,1,0,0.6561
1,0,61,70.7,261,0,3,0,0.384
1,1,39,82.9,151,1,2,1,0.9835
0,1,20,95.3,39,0,3,0,0.2439
0,0,55,56.0,288,0,3,1,0.1986
0,0,57,90.2,136,1,3,0,0.3119
0,0,40,97.2,176,0,2,0,0.0878
1,0,62,65.5,66,0,1,1,0.5428
1,0,36,51.3,150,1,2,1,0.7275
0,1,57,90.2,277,0,2,1,0.4392
1,1,30,83.6,327,1,3,1,1.0
1,0,53,56.7,211,0,3,1,0.585
1,0,20,69.5,333,1,1,1,0.838
1,0,39,76.8,349,1,2,0,0.6335
1,0,42,54.3,115,0,1,0,0.3586
1,1,37,84.3,135,0,3,0,0.6294
1,1,45,82.9,146,1,3,1,1.0
1,0,20,93.8,364,1,1,0,0.6752
1,1,39,76.2,165,1,1,1,0.9656
0,1,61,76.6,227,1,2,0,0.5324
0,0,54,79.1,133,0,1,1,0.1469
1,0,55,60.1,179,0,1,0,0.4154
0,1,35,86.7,289,0,2,0,0.2567
1,1,37,81.4,329,0,3,1,0.8992
1,1,63,91.2,350,1,2,1,0.9597
0,1,22,87.3,42,0,3,1,0.3624
0,0,60,80.1,290,1,3,1,0.3667
1,1,26,53.8,138,0,1,0,0.6885
1,0,46,95.6,252,0,1,1,0.5703
0,1,34,65.2,345,0,1,1,0.4057
1,1,29,98.0,184,1,1,1,0.815
0,0,43,67.1,64,0,1,0,0.062
1,0,50,53.0,303,0,3,1,0.5785
1,1,50,93.7,179,0,2,1,0.7159
0,1,53,88.7,294,0,1,0,0.3436
1,0,46,88.2,213,1,3,1,0.7122
0,1,39,49.9,152,1,1,1,0.4817
1,0,35,93.4,359,0,2,1,0.4827
0,0,34,77.8,356,1,3,0,0.3032
1,1,61,70.9,287,1,2,1,0.8864
0,1,41,95.2,122,1,1,1,0.5955
0,0,39,81.6,93,0,3,0,0.0673
0,0,61,52.3,81,0,2,0,0.0878
0,0,22,73.6,107,1,1,0,0.2159
0,0,18,80.0,239,1,1,0,0.3154
0,0,36,94.4,66,0,3,1,0.245
1,0,47,60.4,267,0,1,1,0.5225
0,1,56,88.7,242,1,2,0,0.58
1,1,32,89.0,275,1,1,0,0.7928
1,0,63,52.0,305,1,2,1,0.7408
0,1,52,45.9,135,0,2,0,0.293
1,0,22,77.0,158,0,2,0,0.47
1,0,23,88.4,151,1,2,1,0.6417
0,0,42,75.5,41,1,3,0,0.3631
0,1,28,89.7,333,1,2,1,0.5817
0,1,39,79.2,334,0,3,1,0.4784
0,0,51,80.9,25,0,3,0,0.0648
1,0,61,46.5,165,1,3,0,0.7396
0,1,31,49.9,365,0,1,0,0.3349
0,1,26,84.9,293,0,2,1,0.4587
0,0,37,87.0,96,0,1,0,0.0686
1,0,33,74.8,266,0,2,0,0.4437
1,1,34,77.5,122,1,3,1,0.8817
0,1,34,78.8,22,0,1,1,0.339
0,0,51,50.8,317,1,1,0,0.3345
0,0,59,81.7,197,1,3,1,0.467
1,0,28,71.3,40,1,3,1,0.7184
1,0,52,78.1,120,0,3,0,0.6201
1,0,51,76.0,348,0,1,1,0.5839
1,0,53,87.0,3,1,3,0,0.6129
0,1,25,62.5,254,1,1,1,0.5389
1,1,36,65.5,130,1,2,0,0.7826
0,1,50,66.5,306,1,3,0,0.5352
0,0,40,86.9,182,0,1,0,0.1372
0,0,19,68.7,106,0,3,1,0.237
0,1,25,54.7,176,0,3,1,0.507
1,1,46,99.1,71,0,1,1,0.7722
0,0,59,72.1,69,1,1,0,0.3115
1,1,24,51.0,68,0,1,0,0.6772
1,1,46,81.9,263,1,3,1,0.9858
1,0,48,85.7,122,0,2,0,0.442
0,1,47,72.5,226,0,2,0,0.2287
0,1,52,80.6,182,1,3,1,0.6545
0,1,42,54.5,226,1,3,0,0.5429
0,0,64,65.2,71,1,1,1,0.443
0,0,21,53.9,7,0,2,1,0.1498
1,1,60,66.3,71,1,2,0,0.7749
0,1,55,76.0,211,1,2,1,0.523
1,0,34,69.3,262,0,1,1,0.5885
1,0,27,77.6,45,1,2,0,0.6319
1,0,18,72.6,149,1,1,1,0.6887
1,0,35,62.5,80,0,3,1,0.5727
0,0,63,52.9,260,1,1,0,0.2056
0,1,36,58.9,174,1,3,0,0.4583
0,0,49,56.0,142,1,2,1,0.4726
1,1,48,83.9,191,1,3,1,0.9859
1,1,50,90.1,158,0,3,1,0.7923
1,0,39,84.6,236,1,3,0,0.6827
1,0,18,80.4,82,1,1,1,0.663
1,0,58,61.9,299,0,1,1,0.4927
1,1,63,84.1,174,0,1,0,0.5555
0,0,52,78.3,139,0,3,1,0.276
1,1,61,47.6,63,1,3,0,0.8825
0,0,34,94.9,278,0,3,0,0.1113
0,1,51,49.4,49,1,2,0,0.5103
0,1,46,72.6,214,0,1,0,0.2221
1,0,23,73.2,124,1,2,1,0.7848
0,0,18,91.0,35,1,2,0,0.2295
0,1,44,95.2,138,0,2,0,0.2933
1,1,29,96.7,85,0,3,0,0.6277
0,0,21,76.3,55,0,1,0,0.1148
0,1,33,82.3,248,0,2,1,0.4729
1,1,28,49.9,221,1,1,1,0.9501
1,0,37,71.8,324,0,1,0,0.424
1,0,43,94.4,292,1,3,1,0.7662
0,1,45,70.1,248,1,2,0,0.5114
0,1,59,48.8,213,0,3,0,0.2941
1,0,25,56.0,297,1,1,1,0.7685
0,0,19,68.6,157,0,2,0,0.0784
1,0,57,58.1,93,0,1,1,0.501
1,1,43,66.6,277,0,1,0,0.6337
1,0,44,63.3,165,0,3,0,0.5501
0,1,50,62.5,55,1,2,0,0.4718
0,0,24,50.0,333,0,3,1,0.336
0,0,63,93.5,351,1,3,0,0.3915
1,1,53,83.1,81,1,1,0,0.8375
1,0,38,79.3,33,0,2,0,0.3905
0,1,51,78.4,62,0,2,1,0.3154
0,0,40,66.8,1,1,2,0,0.2714
0,0,51,90.3,189,1,3,1,0.3728
1,0,57,96.2,42,0,3,1,0.4661
1,0,24,45.3,94,1,3,1,0.7396
0,0,43,49.4,273,0,1,1,0.0897
0,1,57,82.1,147,1,3,0,0.569
0,1,34,58.0,6,1,2,0,0.411
0,1,48,95.1,213,1,1,1,0.4803
1,0,56,81.7,307,0,2,1,0.5314
0,0,42,65.3,292,1,3,0,0.3694
0,0,54,67.8,97,0,2,0,0.0583
1,0,32,83.0,301,1,1,0,0.6655
1,1,19,52.8,358,1,3,0,0.9308
0,1,28,93.6,41,1,1,1,0.5548
1,0,49,45.3,315,0,3,0,0.462
0,1,47,98.8,241,0,1,1,0.388
0,0,34,54.2,103,0,1,0,0.0
0,0,41,85.8,246,0,2,1,0.1948
1,0,62,47.2,335,1,3,1,0.8544
0,1,21,68.7,77,1,3,0,0.4792
0,0,63,79.7,123,1,3,1,0.4333
1,1,49,48.9,31,1,1,0,0.6965
1,1,36,69.4,166,1,2,1,0.9764
1,0,20,61.7,281,0,2,1,0.5398
0,1,21,72.4,29,0,3,0,0.288
0,0,42,72.8,253,0,3,1,0.2177
0,1,26,88.2,168,1,1,0,0.4709
0,0,38,51.8,358,1,1,0,0.2604
0,0,40,49.5,31,0,1,1,0.1436
1,0,63,67.1,183,1,2,0,0.58
1,0,46,93.8,52,0,1,1,0.4693
0,0,47,92.0,336,1,1,0,0.294
0,1,42,75.8,148,0,1,0,0.2449
0,0,46,93.9,75,0,3,1,0.2276
0,0,51,89.3,68,0,1,1,0.1734
0,1,31,60.3,273,1,3,1,0.668
0,0,39,54.4,228,0,2,0,0.1317
0,0,65,61.6,36,0,2,0,0.0
0,1,33,57.5,134,0,3,0,0.2598
1,0,28,79.2,60,1,3,1,0.849
1,1,31,77.2,130,0,1,1,0.7498
0,1,24,77.9,0,1,1,1,0.5137
0,1,22,55.4,59,0,2,0,0.3043
0,0,57,88.6,326,1,2,1,0.3815
1,1,46,68.8,346,1,2,1,0.9965
1,0,34,71.0,30,0,2,1,0.4728
0,1,47,99.8,263,0,1,0,0.2887
0,1,42,60.5,6,1,1,1,0.5245
0,1,31,66.7,134,1,2,0,0.5223
0,0,59,82.2,19,1,1,1,0.453
0,1,39,93.4,326,0,1,1,0.382
1,0,61,52.0,141,0,3,0,0.375
0,1,22,85.4,142,1,3,1,0.6296
0,1,57,95.5,209,0,2,1,0.3907
1,0,45,68.3,124,0,2,0,0.3146
0,1,29,60.8,320,0,2,1,0.3721
1,1,53,82.3,353,1,2,0,0.9018
1,0,30,58.5,2,0,2,1,0.5686
1,0,38,66.1,130,0,1,1,0.5537
0,1,49,94.3,74,1,3,1,0.6917
1,1,38,77.5,323,1,3,1,0.9798
1,1,54,50.2,159,1,3,1,0.923
1,0,55,63.1,271,0,1,0,0.3426
0,0,26,79.5,16,0,1,1,0.1353
1,1,54,71.5,355,0,1,0,0.6021
1,0,19,81.3,31,1,3,0,0.6111
0,0,20,86.9,154,1,3,0,0.2386
0,1,60,71.4,111,0,3,1,0.396
1,0,27,99.3,97,0,3,1,0.522
1,0,52,95.3,260,0,3,0,0.4495
1,0,26,48.3,344,1,1,0,0.7178
0,0,57,59.7,91,1,1,0,0.2445
0,0,65,61.5,145,0,3,1,0.2118
0,1,49,55.1,2,1,1,0,0.4739
0,0,38,62.2,283,1,3,0,0.3144
0,0,51,68.4,289,0,3,1,0.2638
1,0,42,47.8,341,0,3,0,0.5308
1,0,59,52.0,285,0,1,0,0.3736
0,1,49,50.3,47,0,2,0,0.2605
1,1,63,47.5,64,0,2,0,0.5521
0,0,54,71.5,220,0,2,0,0.0414
1,1,39,63.4,146,0,2,1,0.6998
1,0,42,96.4,179,0,2,1,0.5586
0,1,18,50.7,296,1,1,1,0.5201
0,0,62,95.9,348,0,3,0,0.1542
1,0,53,49.8,352,1,2,0,0.6506
1,1,38,79.1,80,0,2,1,0.7127
1,0,58,58.6,357,1,2,1,0.8031
1,1,33,90.5,192,0,3,1,0.8612
0,0,49,48.4,296,1,2,1,0.3259
1,1,38,97.4,122,0,1,0,0.6269
0,1,45,47.6,288,0,3,0,0.4391
1,1,36,58.3,227,1,3,1,1.0
0,1,31,70.5,81,1,3,1,0.6409
0,0,40,86.6,83,1,3,1,0.3208
0,0,41,97.3,242,0,2,0,0.1618
1,1,37,68.5,214,1,2,1,1.0
1,0,49,86.7,173,1,1,1,0.7399
0,0,57,85.0,345,0,2,0,0.1605
1,0,27,76.4,326,0,3,0,0.547
0,1,18,83.0,104,0,1,0,0.2817
0,1,48,47.1,56,0,2,0,0.3146
0,0,54,69.3,275,1,3,1,0.3566
0,0,32,88.2,168,0,1,0,0.181
0,1,57,71.1,238,0,1,1,0.4144
1,0,48,93.0,74,1,2,0,0.6727
0,0,45,90.9,293,0,3,1,0.2583
1,0,27,92.5,282,1,2,1,0.6583
1,1,23,52.1,195,1,1,1,0.7943
1,1,32,58.4,217,1,3,0,0.9049
0,1,64,46.6,152,1,1,0,0.4521
1,0,44,99.1,269,0,1,0,0.4581
1,0,27,58.0,36,0,3,1,0.5398
1,0,38,65.2,177,1,2,0,0.6231
1,1,36,60.1,347,1,1,0,0.8179
0,1,21,47.2,199,0,3,0,0.3046
1,1,39,59.4,169,1,2,0,0.7869
1,0,55,50.4,309,0,2,1,0.4967
0,1,32,66.7,124,0,1,0,0.2747
1,0,23,98.2,162,1,3,1,0.8031
1,0,28,83.4,286,0,2,1,0.4081
1,1,61,83.9,353,1,3,0,0.888
1,0,47,69.9,249,1,2,1,0.7395
1,0,57,89.6,227,0,3,0,0.5039
0,1,41,95.0,144,1,3,0,0.5441
1,0,39,97.9,112,0,3,0,0.4999
1,1,47,50.4,340,0,1,0,0.6128
0,1,63,93.4,345,0,2,0,0.2786
1,1,21,57.4,91,1,2,0,0.7432
1,0,23,66.8,180,0,1,1,0.5024
1,1,55,64.0,127,1,2,0,0.7556
0,1,43,82.1,277,0,2,1,0.3693
1,1,36,77.9,168,0,1,1,0.6367
1,0,19,51.0,258,1,1,0,0.6865
1,0,21,88.1,347,1,1,0,0.5668
1,0,22,69.2,62,0,3,0,0.4154
1,1,64,45.1,321,1,1,1,0.9549
0,1,52,67.8,301,1,3,1,0.6982
1,1,46,73.4,211,1,2,0,0.809
0,0,33,48.8,241,1,1,1,0.4425
1,1,62,53.3,135,1,1,1,0.8875
1,1,29,99.6,38,1,1,1,0.9466
1,0,38,92.9,349,0,1,1,0.5333
0,0,26,52.3,302,1,2,0,0.2421
0,1,28,76.9,67,1,3,1,0.5656
1,1,25,65.9,56,1,2,0,0.8185
1,1,43,74.9,152,0,3,1,0.8234
0,0,49,70.9,200,1,2,1,0.4215
0,0,56,47.6,86,0,2,1,0.2417
0,1,21,62.3,317,1,2,1,0.575
1,0,51,51.9,38,0,1,0,0.309
0,0,45,71.9,247,0,1,0,0.0972
0,1,42,94.9,113,0,3,0,0.3379
0,1,61,99.8,203,0,2,0,0.2866
0,0,52,96.9,205,0,1,0,0.0361
1,0,36,99.2,134,1,2,0,0.6144
0,0,52,45.8,350,1,2,0,0.2766
0,0,56,85.1,261,1,3,1,0.4528
1,1,46,60.0,122,0,3,0,0.6985
0,0,31,92.6,82,0,2,1,0.2431
1,1,38,89.8,212,1,2,0,0.8461
0,0,53,68.3,274,1,2,0,0.3208
1,1,55,71.0,174,1,3,0,0.7911
0,0,31,59.6,274,1,3,0,0.343
1,1,57,60.9,235,1,1,0,0.846
1,1,32,99.0,33,1,3,1,0.9142
1,1,47,93.9,170,0,2,1,0.8107
1,0,64,55.6,140,1,2,1,0.6957
1,0,29,60.2,24,0,3,0,0.4663
1,0,22,51.0,96,1,1,0,0.6053
0,0,44,99.4,311,0,3,1,0.1989
1,1,32,94.9,20,1,3,0,0.8449
1,0,43,75.4,289,0,2,1,0.559
1,1,26,83.1,109,0,2,1,0.7365
1,1,57,86.1,280,0,1,0,0.5445
0,0,57,56.2,81,0,2,0,0.0953
1,1,52,96.4,106,0,1,0,0.6477
0,1,30,74.0,266,0,3,1,0.4805
1,0,62,50.1,274,1,1,0,0.6587
0,0,61,66.8,176,0,3,0,0.0751
0,1,64,78.1,285,1,3,0,0.5733
0,0,63,64.4,108,0,2,0,0.0061
1,1,50,83.5,37,1,3,1,0.9459
0,0,51,93.5,270,1,3,1,0.3804
1,0,21,87.5,330,1,1,0,0.6775
1,1,30,80.3,215,1,2,0,0.8511
1,0,27,73.2,315,0,2,1,0.462
0,0,62,59.0,131,0,2,0,0.0675
0,0,18,70.0,338,0,3,1,0.1741
1,1,28,61.1,220,0,3,0,0.6522
0,1,26,96.4,269,0,1,0,0.2529
1,0,55,94.9,336,1,2,1,0.7953
0,1,40,53.6,263,1,2,0,0.5478
1,1,30,90.2,76,0,3,0,0.5893
1,1,22,83.7,214,1,1,1,0.8979
0,0,42,98.6,92,1,3,0,0.2928
0,0,27,70.5,138,0,2,0,0.0215
1,0,22,84.7,79,0,3,0,0.4467
0,1,39,73.5,49,0,1,0,0.2834
0,1,59,48.8,235,0,1,1,0.313
0,0,42,47.6,342,0,3,1,0.2897
0,0,54,51.7,331,0,2,1,0.1433
0,0,37,61.3,293,1,3,0,0.4192
1,0,45,59.3,151,0,3,1,0.569
0,1,38,85.1,94,0,1,0,0.2084
0,0,28,84.4,165,1,3,0,0.3539
0,1,46,98.4,320,0,1,1,0.5011
0,0,22,62.1,89,0,1,1,0.2132
1,0,54,96.6,16,1,3,0,0.6491
0,1,22,78.7,355,0,1,0,0.3465
1,0,50,72.2,228,0,3,1,0.6951
0,0,62,81.7,282,0,2,1,0.1865
1,1,53,83.7,344,1,2,1,0.972
0,1,25,54.5,221,0,1,1,0.3226
0,0,23,86.3,232,1,2,0,0.2791
0,1,32,84.9,280,0,2,1,0.3911
0,1,32,99.9,357,1,3,1,0.6269
1,0,65,95.2,351,1,3,0,0.7569
0,0,26,82.7,203,0,2,0,0.0005
1,0,22,84.2,313,0,2,1,0.5608
1,1,43,97.0,256,1,3,0,0.8822
0,1,40,98.2,276,1,3,1,0.6143
1,0,33,90.5,256,1,2,1,0.793
1,0,56,87.2,158,0,1,0,0.4449
0,0,52,51.1,316,0,3,1,0.2456
0,0,27,90.7,258,1,3,1,0.451
0,1,44,58.9,202,1,2,1,0.5919
0,0,33,76.0,175,0,2,1,0.2218
0,1,38,67.3,81,1,1,0,0.5232
0,1,29,64.0,24,0,3,0,0.3566
0,0,26,62.1,17,1,2,0,0.3808
1,1,33,92.0,283,0,2,1,0.7975
1,1,26,87.3,259,1,1,0,0.727
0,1,46,73.8,115,0,1,1,0.3813
1,0,40,81.5,148,0,3,0,0.4333
1,0,56,99.1,325,1,2,1,0.8268
1,0,60,66.9,20,1,2,1,0.7057
0,0,41,75.3,93,1,3,0,0.2465
1,0,39,74.3,147,0,1,1,0.5204
0,0,48,96.5,125,1,3,0,0.3033
1,1,27,64.3,223,0,3,1,0.8018
0,1,64,99.2,120,0,3,0,0.334
1,1,59,61.8,127,0,1,0,0.6188
1,1,44,51.0,286,0,1,0,0.6412
0,1,51,55.5,355,0,2,0,0.3589
1,1,65,68.4,152,0,2,1,0.7463
0,1,56,80.7,324,0,3,1,0.4382
0,1,41,73.4,199,0,2,1,0.3812
0,0,38,65.7,272,1,1,0,0.2528
1,0,32,75.9,147,1,2,0,0.6233
1,1,34,91.1,300,1,2,1,1.0
0,1,62,91.1,220,1,1,0,0.53
0,0,36,84.9,227,1,2,1,0.4376
0,0,42,97.4,305,0,1,0,0.0906
1,0,57,77.5,178,1,2,0,0.6458
1,1,39,45.4,97,1,2,0,0.842
0,1,58,61.0,115,0,3,1,0.4283
1,0,59,63.1,122,0,2,0,0.4039
1,1,31,75.1,284,1,3,1,0.9531
0,1,45,94.8,194,1,2,0,0.4977
0,0,29,91.1,239,1,3,1,0.3902
1,0,44,57.8,214,1,2,1,0.7066
0,0,41,73.6,2,0,1,1,0.0999
0,1,39,81.3,247,1,2,0,0.5599
1,0,56,99.3,261,1,1,1,0.7939
0,0,58,46.7,167,0,1,1,0.1564
0,0,56,70.5,331,1,3,1,0.4485
1,1,53,99.3,260,0,1,1,0.7551
0,1,40,98.7,2,0,1,1,0.2889
1,1,25,63.2,259,0,3,1,0.7916
0,0,45,45.0,215,0,2,1,0.2954
1,1,46,77.3,260,0,2,0,0.6493
1,1,32,92.7,56,1,1,1,0.8858
0,0,56,62.8,354,1,3,0,0.3443
0,1,25,96.4,169,0,2,1,0.3781
0,1,45,63.3,82,1,3,1,0.6327
1,1,50,78.6,199,0,3,1,0.7926
1,1,28,84.7,155,0,1,1,0.6024
0,1,59,64.0,310,1,3,1,0.6716
0,1,54,64.4,278,1,1,1,0.5233
1,1,42,70.8,134,1,3,0,0.9019
0,1,51,90.9,293,1,1,0,0.4753
1,0,39,50.5,204,1,2,0,0.6517
0,0,19,79.7,364,0,3,1,0.2606
0,0,33,82.3,184,1,1,1,0.3316
0,0,28,75.7,84,1,2,1,0.3485
1,0,31,96.5,292,1,1,0,0.6607
0,0,49,78.1,137,1,1,0,0.2262
1,0,39,79.9,217,1,1,1,0.6602
1,1,22,78.0,105,1,1,1,0.9218
0,1,53,84.7,56,0,1,1,0.3628
0,1,40,52.4,91,0,3,0,0.3106
1,1,36,94.2,271,0,2,0,0.6646
0,1,46,47.3,58,0,2,0,0.2804
0,0,59,80.2,258,0,2,1,0.2325
1,0,40,78.9,192,1,3,1,0.8182
0,1,26,56.4,116,0,1,1,0.3754
1,1,35,47.2,194,1,3,0,0.9214
1,1,48,52.6,157,0,1,0,0.686
1,0,54,59.9,274,0,3,1,0.6107
1,0,34,93.5,352,1,2,0,0.6621
1,1,35,92.1,274,1,3,0,0.8093
0,0,44,48.5,35,0,1,0,0.0
1,1,38,60.9,111,0,2,0,0.6505
1,1,18,93.9,228,0,2,1,0.7351
0,0,49,58.0,196,1,1,0,0.2357
1,1,31,99.8,315,0,1,1,0.7551
1,0,63,59.1,289,1,3,1,0.8253
0,1,31,85.7,182,1,1,0,0.4751
0,1,50,67.9,253,1,1,0,0.4484
0,0,53,52.5,238,1,1,0,0.3647
1,0,56,59.0,297,1,2,0,0.6534
1,0,29,82.1,41,1,1,0,0.6348
1,1,62,63.5,87,0,2,1,0.7176
0,1,42,78.2,175,1,2,0,0.4382
1,1,32,56.3,277,0,2,1,0.7587
1,1,37,69.7,342,1,1,1,1.0
1,1,51,73.2,296,0,1,0,0.6729
0,0,31,67.7,279,1,2,1,0.4
0,0,47,55.9,306,1,3,0,0.3703
0,1,61,70.4,32,0,3,1,0.3885
0,0,30,83.1,27,1,3,1,0.4384
1,0,31,98.1,208,0,1,0,0.5089
1,1,46,88.4,89,1,2,0,0.8024
1,0,43,53.9,81,0,1,1,0.5081
0,1,20,60.0,247,0,2,1,0.4197
1,1,42,49.3,334,1,3,0,0.8768
1,0,44,52.5,357,1,1,0,0.6109
1,0,62,58.8,190,0,3,0,0.485
1,1,57,56.0,277,1,2,1,0.9229
0,1,33,56.8,17,0,3,0,0.3539
1,1,55,57.7,212,0,2,1,0.7375
0,0,28,61.5,210,0,1,0,0.0559
1,1,46,51.9,1,0,1,0,0.5368
0,1,64,60.3,93,1,3,1,0.5718
0,1,41,82.9,344,1,1,1,0.5563
0,1,46,58.0,294,1,2,0,0.4829
1,0,51,54.5,16,1,2,1,0.6677
0,1,28,48.7,238,0,3,0,0.375
0,0,37,72.5,15,0,2,1,0.2407
1,1,37,91.3,154,0,1,1,0.6968
1,1,26,48.2,176,1,3,1,0.9292
1,1,40,74.8,130,0,3,0,0.6265
1,1,53,80.8,297,0,1,0,0.6351
0,0,44,77.6,62,0,1,0,0.0472
0,0,41,93.3,284,1,1,0,0.1947
1,0,57,92.7,129,1,3,1,0.6628
0,1,42,48.2,362,1,3,1,0.6545
0,1,42,64.9,103,1,2,0,0.5175
0,0,65,81.9,269,0,3,1,0.2971
0,0,50,97.4,267,1,3,0,0.3058
0,0,48,89.3,279,0,2,1,0.262
1,1,27,54.7,27,1,3,0,0.8416
1,1,56,60.4,216,0,2,1,0.6881
1,0,32,87.0,356,0,2,0,0.5563
1,0,18,70.9,133,1,2,1,0.6542
1,0,33,75.1,285,1,1,1,0.7141
1,1,38,78.5,33,0,1,0,0.5559
1,1,19,50.7,210,0,3,0,0.6982
0,1,20,92.1,185,0,2,1,0.4399
1,1,32,92.5,330,1,1,1,0.8382
0,1,49,70.8,180,1,2,0,0.4602
0,0,64,79.5,271,1,2,0,0.3517
0,0,44,81.3,184,1,1,1,0.3161
0,1,53,55.4,26,0,2,0,0.1932
0,0,52,51.2,111,1,3,0,0.2936
1,1,56,46.1,304,1,3,1,0.9619
0,0,41,95.2,136,1,3,0,0.3583
1,0,25,64.0,25,0,3,1,0.5574
1,0,24,49.7,261,1,1,0,0.583
1,1,21,70.6,134,1,1,0,0.8504
0,0,47,49.2,268,0,3,0,0.1369
0,1,27,49.7,176,0,1,1,0.2889
1,0,42,71.9,9,1,3,0,0.6184
1,0,59,73.0,298,1,1,1,0.6991
1,0,64,76.9,109,1,1,1,0.7974
1,0,49,81.1,111,1,2,1,0.7233
1,0,49,81.8,100,1,3,0,0.5998
0,0,49,68.8,273,1,2,0,0.2969
1,1,27,80.4,266,0,3,0,0.7213
1,1,26,61.8,265,1,1,1,0.916
1,1,42,69.3,155,0,3,1,0.8257
1,1,42,66.6,212,0,2,1,0.7837
0,1,58,63.1,308,1,2,1,0.6431
1,1,33,58.1,53,0,1,0,0.6246
1,0,33,49.3,152,0,2,1,0.6016
0,0,47,72.8,261,0,1,0,0.1231
1,0,55,74.6,361,0,1,1,0.4781
0,1,22,63.5,288,0,1,1,0.3188
0,1,24,98.7,324,1,1,1,0.6074
1,0,30,75.6,225,1,1,1,0.6696
1,0,25,93.9,95,0,2,1,0.4743
0,0,50,76.4,173,0,2,0,0.1348
0,0,27,55.4,343,1,2,0,0.2925
1,1,37,98.6,204,1,2,1,0.9806
1,0,49,93.7,54,1,1,0,0.6208
0,1,46,70.9,234,1,3,0,0.5336
1,1,18,58.4,197,0,3,1,0.8206
0,0,44,57.2,225,0,3,1,0.2561
1,1,37,89.3,306,1,3,1,1.0
1,1,31,48.8,280,0,2,1,0.6859
0,0,32,80.1,104,0,1,1,0.1396
0,1,23,80.2,278,1,2,1,0.5356
1,1,19,55.0,177,1,2,1,0.9245
0,0,46,83.8,301,0,2,0,0.0575
1,0,56,83.8,204,1,1,0,0.5618
1,0,49,64.3,219,0,2,0,0.4491
0,0,22,71.6,140,1,1,0,0.3331
1,0,39,90.8,144,0,3,0,0.4865
1,1,45,73.8,13,1,2,0,0.8315
0,0,49,79.0,157,0,1,0,0.0
0,0,46,67.7,104,1,2,0,0.3664
0,1,57,53.2,229,1,3,1,0.6419
1,1,20,99.9,288,0,1,1,0.7784
0,1,48,74.2,119,1,3,0,0.4945
1,0,30,63.5,181,0,3,0,0.508
0,0,23,84.3,184,1,1,1,0.2879
1,0,38,79.1,216,0,2,0,0.4624
1,1,31,57.8,30,1,1,0,0.8241
0,0,42,93.2,278,1,3,0,0.4219
1,1,24,48.9,224,0,1,0,0.7158
1,1,60,78.3,309,0,2,1,0.8
0,1,39,71.3,174,0,1,0,0.1979
1,1,49,62.5,176,1,3,0,0.8501
1,1,58,90.5,83,0,2,1,0.7051
1,1,49,81.1,55,1,2,1,0.9851
1,0,59,86.8,91,0,1,0,0.3952
1,1,47,67.8,7,0,1,1,0.699
1,0,34,96.8,149,1,1,1,0.8052
0,1,57,64.0,61,1,3,0,0.5027
0,1,55,74.2,53,0,2,1,0.3232
0,1,38,96.4,162,0,2,1,0.4153
1,1,43,49.6,118,1,2,0,0.7877
0,1,60,51.0,107,1,2,1,0.543
0,1,20,99.7,343,0,2,0,0.3126
1,1,55,98.4,270,1,3,0,0.9982
0,0,34,87.4,113,1,2,0,0.2663
0,1,56,71.6,236,0,1,0,0.297
1,0,23,72.8,260,1,3,1,0.7741
0,1,38,59.1,16,0,3,1,0.4105
0,1,62,68.8,91,1,2,1,0.6486
0,0,63,68.7,116,0,1,1,0.1867
0,0,57,47.0,357,1,1,0,0.2841
0,1,30,69.9,218,0,2,1,0.3835
0,0,26,71.4,148,1,3,0,0.3965
1,1,22,81.6,356,1,2,0,0.9534
1,0,60,73.4,50,0,3,0,0.4614
0,0,24,92.4,53,1,2,1,0.4183
0,0,55,65.2,138,0,1,1,0.2074
0,0,61,67.5,157,1,2,0,0.2523
1,0,61,76.4,345,1,1,1,0.7222
0,1,55,56.1,236,0,2,1,0.4362
1,0,48,66.6,112,1,1,0,0.6134
1,0,21,82.7,291,0,1,1,0.4926
0,0,30,67.6,345,0,1,0,0.0509
1,1,61,94.9,233,0,1,1,0.7554
0,1,32,78.8,119,0,1,1,0.3032
1,0,57,53.5,90,0,2,1,0.5109
0,1,30,71.8,209,1,2,0,0.4541
0,1,60,87.1,227,1,2,0,0.5243
1,1,60,80.4,97,1,3,1,1.0
0,0,60,93.7,315,0,1,1,0.0517
1,0,43,86.2,89,0,3,0,0.41
0,1,36,48.4,277,1,1,0,0.4538
1,1,18,51.2,23,0,1,1,0.7311
0,0,30,80.7,74,0,2,0,0.0061
0,0,42,58.1,315,1,3,0,0.3803
0,1,37,77.3,148,0,1,1,0.427
1,0,58,88.6,335,0,2,0,0.4674
1,1,40,76.7,163,1,3,1,0.9922
0,0,41,67.9,6,0,3,1,0.1983
0,0,60,80.5,52,0,1,0,0.0
0,0,58,52.9,155,0,1,0,0.0303
1,0,56,84.8,279,1,2,0,0.7017
0,1,57,83.3,308,0,3,1,0.4842
0,0,47,73.3,268,1,3,1,0.4717
0,0,51,60.3,333,0,1,0,0.0714
1,0,63,88.9,94,0,2,1,0.5628
0,0,27,73.1,327,1,3,1,0.4476
0,0,58,48.3,0,1,1,1,0.2479
1,1,18,95.5,359,0,3,1,0.755
0,1,29,87.2,114,1,3,1,0.5841
1,0,63,77.2,336,1,3,1,0.7329
1,1,46,69.0,40,1,2,0,0.8178
1,0,28,97.8,186,0,2,1,0.5793
1,1,58,87.6,268,0,2,1,0.8452
1,0,34,74.4,26,0,2,1,0.4884
0,0,37,80.9,122,0,3,0,0.0859
0,1,55,60.4,39,1,2,1,0.6182
0,0,23,55.8,218,1,1,1,0.3309
0,0,37,60.0,253,0,1,0,0.1241
0,0,27,61.1,185,1,1,1,0.3599
0,0,27,85.7,75,1,1,0,0.2274
0,0,48,52.7,51,1,1,0,0.229
0,1,43,87.8,204,1,1,1,0.6488
1,1,34,73.8,335,0,3,0,0.6928
0,1,31,66.2,289,1,2,0,0.4428
0,1,22,61.5,303,1,1,0,0.5666
1,0,20,73.2,336,1,1,1,0.7687
0,0,60,62.5,166,1,2,1,0.4004
1,1,37,68.6,262,0,2,1,0.6075
0,0,63,85.6,261,0,3,0,0.1036
0,1,32,79.4,225,0,1,1,0.3604
1,0,20,86.1,308,0,1,1,0.4597
0,0,20,84.2,0,0,1,0,0.0095
1,1,40,89.8,28,1,3,0,0.8022
1,1,26,56.1,91,1,2,1,0.9447
1,1,28,99.7,102,1,3,1,1.0
0,1,64,71.2,122,0,3,1,0.4551
1,1,61,84.5,101,0,1,1,0.7353
1,1,58,82.3,353,1,2,1,0.9319
0,1,30,76.1,212,0,1,1,0.4484
1,0,25,99.8,176,1,3,0,0.6875
1,1,39,57.0,314,1,3,1,0.8947
0,1,55,68.2,44,0,2,0,0.3009
0,1,44,52.0,278,1,2,0,0.464
0,0,43,55.0,287,1,2,0,0.2938
1,0,40,84.2,327,1,1,1,0.7413
1,0,56,45.3,330,0,3,1,0.6152
0,1,48,93.9,308,0,2,1,0.4621
1,0,46,79.8,275,0,2,0,0.4642
1,1,18,69.2,312,1,2,0,0.9257
0,1,27,63.2,65,0,1,1,0.3217
0,0,64,51.9,45,1,1,1,0.3933
0,1,63,95.7,29,1,1,0,0.3728
1,0,21,84.2,196,0,1,0,0.3451
0,0,48,63.5,262,0,2,0,0.1274
1,0,21,48.9,94,1,3,0,0.6021
0,0,46,62.9,42,0,3,0,0.1502
1,1,26,55.2,249,0,2,0,0.6707
0,0,32,88.2,334,1,3,1,0.4966
1,0,61,84.6,35,0,1,1,0.5234
1,1,58,72.4,128,1,1,0,0.857
1,1,20,93.7,6,0,1,1,0.738
1,0,32,54.9,43,0,2,0,0.4343
1,0,28,69.9,60,1,1,0,0.5875
1,0,23,84.1,25,1,1,0,0.6429
1,0,64,48.7,362,1,1,0,0.7224
0,1,24,65.5,362,1,3,1,0.6367
1,0,63,76.4,120,0,2,0,0.4899
1,1,21,65.2,157,0,2,0,0.6273
1,1,38,71.4,256,0,2,0,0.6348
1,1,18,78.4,62,1,3,1,0.9891
1,0,40,65.3,270,0,1,1,0.5611
0,0,30,50.8,310,1,2,1,0.4386
0,1,60,52.7,312,1,2,1,0.6176
0,0,45,74.0,116,1,1,0,0.2589
1,1,46,54.6,275,0,1,1,0.657
1,1,35,93.9,344,0,3,0,0.7034
1,0,40,90.9,177,1,2,0,0.709
0,0,45,64.2,116,1,2,0,0.3407
0,1,26,90.7,163,1,2,0,0.4592
0,1,60,74.3,242,0,3,0,0.3637
1,1,23,53.7,164,1,2,1,0.9642
1,0,33,78.8,173,1,2,1,0.8253
1,0,54,82.4,118,1,2,1,0.78
1,0,18,49.6,236,0,3,1,0.5998
0,1,39,62.3,154,0,2,0,0.3228
0,0,63,45.3,146,1,2,1,0.3531
0,1,40,62.4,82,1,3,1,0.6268
0,1,38,63.4,271,1,2,0,0.6066
0,0,48,79.7,309,0,1,1,0.1797
1,1,55,55.9,212,0,3,1,0.7608
0,1,45,46.7,224,1,1,1,0.6285
1,1,61,62.4,233,0,1,0,0.5994
1,0,44,90.4,350,1,2,1,0.72
0,1,56,67.0,161,0,2,0,0.3664
0,1,59,67.8,78,1,2,1,0.5556
1,0,59,70.8,178,0,3,0,0.4718
1,1,30,86.3,291,1,3,0,0.8788
1,0,49,71.4,126,1,3,1,0.8636
1,0,24,50.0,180,1,1,0,0.5078
0,1,50,56.4,89,0,3,0,0.3424
1,1,64,55.3,93,1,3,0,0.8
0,0,63,72.9,88,1,2,1,0.4328
0,1,30,46.6,267,1,1,0,0.4432
0,1,49,60.6,248,1,3,1,0.6209
0,1,24,78.4,180,0,2,0,0.2792
1,1,29,64.5,60,0,2,1,0.7301
1,0,57,83.9,146,1,3,0,0.6233
0,0,32,66.5,118,0,1,0,0.1032
1,1,38,98.9,183,1,1,1,0.8782
0,0,29,98.1,264,0,3,1,0.2154
0,0,30,89.0,280,1,3,0,0.2881
1,0,57,97.5,53,1,3,1,0.8085
1,1,59,56.3,111,1,1,0,0.7898
1,0,56,86.3,174,1,1,1,0.7845
1,0,19,62.7,296,1,2,1,0.6043
0,0,46,84.9,178,1,2,1,0.4318
0,0,65,65.6,49,0,1,0,0.0
0,0,46,60.9,116,0,2,1,0.1462
1,1,53,97.7,26,0,1,1,0.6867
1,1,55,56.5,310,1,2,0,0.8925
0,0,24,86.7,190,0,3,1,0.3673
1,1,47,82.1,362,1,1,1,0.8957
0,0,40,61.7,162,0,2,0,0.0557
0,1,45,70.2,5,1,3,1,0.5691
0,1,40,52.9,190,0,2,1,0.3731
1,1,53,95.7,17,1,2,0,0.8711
1,1,59,98.2,158,0,3,1,0.776
0,1,46,85.3,307,1,3,0,0.6249
1,1,21,91.7,143,0,1,1,0.7713
1,1,37,49.5,194,1,2,0,0.8783
1,0,22,66.1,229,0,3,0,0.4642
0,0,63,63.2,189,0,2,0,0.0023
1,0,28,76.1,336,0,3,1,0.5912
1,0,19,55.1,179,0,1,1,0.47
1,0,58,76.0,132,0,3,0,0.465
0,1,61,81.0,207,0,2,1,0.3792
0,1,41,52.3,144,1,2,1,0.5676
0,1,50,52.2,158,0,1,1,0.3543
1,0,39,46.9,271,1,1,1,0.6331
0,1,64,86.8,20,0,3,1,0.3777
1,1,23,63.2,168,1,3,1,1.0
0,0,41,57.4,294,0,2,1,0.2574
1,0,46,87.8,292,1,3,1,0.789
0,1,49,52.9,308,1,1,0,0.3926
0,1,64,68.5,329,1,3,1,0.6301
1,1,47,86.0,287,0,1,0,0.5955
0,1,63,76.6,280,0,2,1,0.4138
1,0,58,75.5,63,0,3,0,0.4664
1,0,20,53.7,358,1,1,0,0.6571
1,0,42,55.0,228,0,3,0,0.4115
1,1,45,77.0,101,1,1,0,0.7031
1,1,32,46.3,293,0,1,1,0.7016
1,0,34,92.8,246,1,1,1,0.6648
0,1,19,64.3,91,0,3,1,0.4221
0,1,44,67.9,334,0,1,0,0.2824
0,0,53,59.2,135,0,3,0,0.0561
0,0,31,93.2,0,1,1,1,0.3475
0,1,60,80.3,314,1,1,0,0.5109
0,0,49,69.7,290,0,3,1,0.3201
1,1,29,77.2,245,0,3,0,0.6268
1,1,40,65.9,239,1,3,0,0.8725
1,1,33,70.6,271,1,2,0,0.8239
0,1,61,64.7,141,0,2,0,0.3808
1,1,19,67.6,4,0,2,0,0.5293
1,1,24,62.3,335,0,1,1,0.7667
1,0,38,49.3,276,1,1,0,0.6006
1,0,48,47.1,313,1,1,0,0.5758
0,1,40,54.6,56,0,3,0,0.2977
1,1,42,58.8,138,1,2,1,0.9459
1,1,52,94.0,326,0,1,1,0.6344
1,0,52,78.6,120,0,3,1,0.5531
0,1,62,97.7,176,1,2,0,0.475
0,0,24,63.7,363,0,2,1,0.137
1,0,22,67.1,160,0,3,0,0.5132
1,1,49,84.6,151,0,1,0,0.5535
0,0,22,76.8,37,1,2,0,0.3348
0,0,42,74.0,334,0,1,0,0.0501
1,0,48,76.7,49,1,1,1,0.5826
0,1,37,77.1,234,1,1,0,0.5407
0,0,39,87.1,88,0,1,0,0.0
0,1,55,81.7,63,1,1,1,0.5116
1,0,30,97.7,208,0,1,0,0.3759
0,0,56,97.1,224,1,1,0,0.2365
0,0,19,68.2,166,1,3,0,0.3307
1,0,39,47.0,201,0,1,0,0.4688
1,0,26,45.6,141,0,1,1,0.4016
1,1,19,51.8,336,1,2,0,0.853
0,1,62,49.1,77,1,2,0,0.5288
0,0,49,65.5,9,0,1,1,0.1368
1,0,25,47.9,247,0,2,0,0.4652
1,0,33,79.4,43,1,3,1,0.8088
1,0,50,55.5,295,1,3,0,0.6137
1,1,28,73.3,108,0,3,0,0.6732
1,1,49,50.7,187,0,2,1,0.7831
0,0,25,90.5,69,1,3,1,0.4318
0,1,49,87.9,231,0,3,1,0.4019
1,0,38,66.3,30,1,2,1,0.6311
0,0,42,95.1,292,0,1,1,0.1878
1,1,37,55.2,185,1,1,0,0.7801
0,1,18,89.8,170,0,1,0,0.2863
0,0,38,75.0,108,1,2,0,0.2416
1,0,24,63.1,96,1,1,1,0.7654
1,0,42,49.6,326,0,3,0,0.5463
1,1,26,54.4,37,1,1,0,0.7256
1,0,39,92.5,263,0,3,1,0.6685
0,1,19,78.4,289,0,1,0,0.206
0,0,36,58.0,144,0,1,0,0.0834
1,1,23,72.3,16,0,1,0,0.573
0,1,22,50.9,93,0,2,1,0.3729
1,1,62,50.4,337,1,1,1,0.9841
1,0,27,94.9,52,0,3,0,0.4752
1,0,18,70.2,319,0,3,1,0.5311
1,0,43,64.9,108,0,1,0,0.372
1,1,43,97.2,56,1,2,1,0.9482
0,1,35,66.9,147,0,1,1,0.407
0,1,38,63.5,60,0,1,0,0.284
0,1,63,60.0,24,1,3,0,0.4928
1,1,29,76.1,77,0,2,1,0.7095
1,1,55,75.7,26,0,3,1,0.8536
0,1,31,45.9,98,1,2,0,0.5251
0,0,49,81.0,27,1,1,0,0.2273
1,1,56,88.4,133,1,3,0,0.8699
0,1,52,78.9,296,1,1,1,0.5213
1,1,34,92.8,314,0,1,0,0.6093
1,1,27,60.2,222,1,3,1,0.9513
1,1,52,55.6,333,1,1,1,0.91
0,0,33,83.4,188,1,2,0,0.3481
1,1,23,55.4,304,1,1,1,0.8611
1,1,21,50.0,363,0,2,1,0.7568
0,1,26,50.3,355,0,1,1,0.3346
1,0,46,87.3,260,0,2,0,0.465
1,1,24,46.6,266,0,3,1,0.854
0,1,33,60.9,341,0,1,0,0.3157
0,0,23,52.1,234,0,3,1,0.2432
1,1,61,86.5,39,1,3,1,1.0
0,1,20,72.7,113,0,2,1,0.4272
0,0,61,56.3,325,1,1,0,0.2563
1,0,31,86.3,166,0,3,0,0.3873
1,0,31,86.3,325,0,1,1,0.5861
1,1,26,73.8,109,1,2,1,0.8728
1,1,53,60.2,19,0,3,1,0.6944
1,1,40,77.2,229,0,2,1,0.7347
1,1,32,96.3,268,1,3,0,0.8576
0,1,24,47.8,304,0,2,1,0.3496
1,0,37,59.7,75,0,1,1,0.4893
0,1,36,60.7,264,0,3,0,0.3215
0,0,23,79.7,314,1,3,1,0.4672
1,1,56,80.8,115,1,1,1,0.8998
0,0,18,56.3,2,0,3,0,0.1164
1,0,24,56.9,10,1,2,1,0.7105
0,1,52,96.1,260,1,3,1,0.6522
0,0,42,86.6,151,1,3,0,0.2999
0,1,55,96.4,197,0,3,1,0.4206
0,1,40,90.6,81,1,2,1,0.5352
0,0,42,67.1,124,0,1,0,0.0067
0,0,55,51.7,229,1,2,0,0.3005
1,1,28,79.6,133,0,2,0,0.7265
0,1,51,64.4,85,0,3,1,0.433
1,1,48,68.4,297,1,3,0,0.8662
1,1,55,68.4,42,1,1,1,0.8156
0,0,63,96.5,203,0,3,1,0.2632
0,1,29,48.8,280,0,2,0,0.3625
0,0,26,55.6,17,1,3,0,0.3279
1,1,30,78.4,190,1,3,0,0.8988
0,1,37,93.6,222,0,1,0,0.1932
1,1,38,95.5,361,1,2,1,0.9724
0,0,39,75.7,256,1,2,1,0.3722
0,0,18,46.9,14,1,1,1,0.3659
1,0,57,65.0,181,0,2,0,0.3878
0,1,58,95.5,33,0,2,0,0.2676
1,1,34,72.5,179,0,3,1,0.812
0,0,62,85.0,1,0,1,0,0.0
0,1,21,59.8,150,1,1,1,0.5352
0,0,23,46.4,109,1,3,0,0.3584
0,0,62,76.8,306,0,1,0,0.1634
0,1,36,90.9,301,0,1,0,0.3107
1,0,47,99.5,352,0,3,0,0.5019
1,1,40,91.6,105,1,3,1,0.9334
1,1,49,75.5,254,0,2,0,0.6401
1,0,46,78.5,13,1,2,1,0.7514
1,1,25,90.3,272,0,3,0,0.6615
0,0,38,46.1,143,1,1,0,0.2302
0,0,34,97.3,206,1,3,1,0.364
0,0,34,74.2,106,1,3,0,0.4155
0,1,38,97.4,246,0,3,1,0.4821
0,0,32,87.0,222,0,2,0,0.0772
1,1,44,53.4,267,0,3,0,0.7544
1,0,42,54.1,224,0,1,1,0.5335
1,1,50,64.5,74,0,3,0,0.6142
1,0,19,59.5,42,1,3,1,0.7286
1,0,59,69.2,132,1,3,0,0.6177
0,1,33,78.2,282,0,2,0,0.3224
0,0,53,69.0,55,0,1,1,0.2486
0,0,25,48.1,207,1,1,1,0.3614
0,1,33,98.7,226,1,2,0,0.4663
1,1,24,68.4,103,0,2,1,0.7224
1,0,22,91.8,335,0,2,0,0.5476
0,0,40,49.1,67,0,1,1,0.1801
0,1,25,89.6,249,0,1,1,0.3757
0,0,20,54.5,90,1,3,0,0.2339
0,1,52,82.4,270,0,1,1,0.3822
0,1,53,81.4,25,1,2,0,0.4337
0,0,53,95.0,206,0,1,1,0.2313
1,1,32,62.6,251,1,1,0,0.7689
1,1,47,51.0,9,0,1,0,0.5428
1,0,32,92.6,97,0,1,0,0.4254
1,0,46,63.2,101,1,3,1,0.7678
0,0,21,57.8,135,1,2,0,0.2448
0,0,51,71.7,335,1,1,0,0.224
0,1,40,53.0,220,1,2,0,0.5882
0,1,52,61.3,31,0,2,0,0.2666
1,1,45,66.2,276,1,1,0,0.8264
0,0,48,60.2,95,0,3,0,0.1185
0,1,59,69.8,300,0,3,0,0.2489
1,0,50,66.2,267,0,3,1,0.6292
0,1,35,87.6,175,0,1,0,0.2259
1,0,22,95.5,102,0,1,0,0.3655
0,0,26,50.6,186,0,1,0,0.0614
1,1,37,90.3,329,1,1,1,0.8223
1,0,55,96.2,325,0,1,0,0.3401
0,1,26,82.8,36,0,2,1,0.4136
0,1,35,99.8,209,1,2,0,0.5284
1,1,32,63.4,254,0,1,0,0.5781
0,1,32,90.7,130,1,3,0,0.5735
1,0,31,82.1,324,0,2,0,0.5288
0,1,52,62.8,97,0,1,1,0.279
1,1,57,83.8,32,1,1,0,0.8047
0,1,60,73.0,35,1,2,1,0.5452
1,0,53,55.4,236,0,2,1,0.4266
1,1,64,54.6,2,1,1,1,0.8175
0,0,59,84.2,130,0,3,1,0.2359
0,1,37,84.2,219,1,1,1,0.5173
1,1,28,74.2,361,1,2,0,0.9213
1,1,58,72.6,181,0,2,1,0.7507
1,1,34,54.9,27,1,1,0,0.8931
0,1,58,68.6,25,0,2,1,0.2898
1,0,42,92.9,156,0,1,1,0.59
1,0,46,92.0,9,1,3,1,0.805
0,1,40,81.4,108,1,3,1,0.6068
1,1,26,99.9,317,0,1,0,0.6992
0,1,42,94.1,95,1,2,0,0.4737
1,0,58,53.0,145,0,2,0,0.5154
0,1,40,67.0,180,1,3,0,0.4834
0,0,19,52.3,209,1,2,1,0.4035
0,1,62,70.6,341,1,2,0,0.5081
0,1,18,87.7,144,1,1,0,0.3886
0,1,55,53.6,48,1,3,0,0.4623
0,0,23,93.4,153,0,3,1,0.2319
1,1,65,76.3,260,0,1,0,0.6097
0,0,61,86.2,328,1,1,1,0.3941
1,1,32,47.5,43,0,3,0,0.6134
0,0,24,50.2,235,0,3,0,0.0806
0,0,19,79.1,120,0,1,0,0.0219
1,1,47,91.1,247,0,3,0,0.6962
0,0,46,93.1,6,0,3,1,0.1903
1,1,29,82.9,19,1,2,1,0.8978
1,1,51,56.1,183,1,3,1,1.0
1,1,47,55.7,363,1,1,0,0.8554
0,1,53,93.5,199,0,2,0,0.3166
1,0,52,51.2,253,0,2,1,0.5475
1,1,19,82.7,244,1,3,0,0.8477
1,0,20,74.3,63,1,2,1,0.6624
0,1,59,68.2,298,0,1,0,0.258
0,0,29,69.2,299,0,1,1,0.1799
0,1,21,97.0,152,0,3,1,0.4644
0,0,24,92.4,16,0,3,1,0.1878
0,1,37,92.6,38,0,1,0,0.1794
1,1,36,67.4,152,0,1,0,0.5364
1,1,25,50.9,354,1,3,0,0.9088
1,0,20,99.9,294,1,1,0,0.6636
1,1,44,53.0,38,1,3,1,0.889
0,1,32,73.4,186,1,2,0,0.5499
0,0,25,59.6,237,0,2,1,0.1416
0,0,35,73.1,271,0,3,0,0.1015
0,1,46,61.8,308,1,3,1,0.6934
1,0,63,94.3,361,0,3,1,0.5753
1,0,53,98.3,156,1,1,0,0.5975
1,1,20,67.6,230,1,3,0,0.9013
0,0,26,48.9,193,1,3,1,0.4861
1,0,27,81.5,249,1,2,1,0.7464
1,0,57,65.7,265,1,3,0,0.6918
0,1,37,99.2,1,0,3,1,0.3916
0,0,19,49.9,140,0,2,1,0.1162
1,1,18,51.6,181,1,1,1,0.9724
0,1,44,83.5,1,1,3,0,0.3537
1,0,21,86.7,169,0,3,0,0.4883
1,1,65,70.9,269,1,3,0,0.9442
1,1,54,60.2,306,0,3,1,0.8569
1,1,49,62.0,363,0,2,1,0.7249
1,1,35,63.6,48,1,2,0,0.8432
0,0,31,57.4,284,0,2,0,0.0622
0,1,62,91.8,319,1,3,0,0.5093
0,1,65,48.6,278,0,1,1,0.4286
1,1,32,67.4,278,0,3,0,0.692
1,0,21,86.1,271,1,3,0,0.7002
0,0,36,45.2,43,0,1,1,0.1821
0,1,41,93.3,59,1,3,1,0.6615
0,1,47,83.8,198,1,2,1,0.5847
1,0,30,49.0,108,1,2,0,0.5483
0,0,28,94.2,64,1,1,1,0.3273
0,0,45,71.8,172,1,2,0,0.3211
1,1,28,80.9,352,0,1,1,0.6533
0,0,18,93.5,97,0,1,1,0.122
0,0,64,93.5,128,0,3,0,0.0971
1,1,59,67.5,267,1,2,0,0.8651
1,1,21,58.1,86,0,1,0,0.5632
0,0,55,59.2,88,0,3,1,0.2143
1,1,51,87.1,343,1,1,1,0.8729
0,1,29,96.1,228,1,2,1,0.6218
0,1,41,49.0,129,1,2,0,0.5057
0,0,54,45.8,131,1,3,0,0.4861
0,1,49,90.3,252,0,1,1,0.3175
1,1,36,66.3,109,0,2,1,0.7109
1,1,46,60.2,296,0,2,1,0.8228
1,1,55,55.4,293,0,2,1,0.677
0,1,46,64.1,214,0,2,0,0.4334
0,1,36,98.4,311,1,2,0,0.4845
0,1,37,98.7,203,0,1,1,0.2845
1,1,20,63.2,23,1,1,0,0.8081
0,1,57,98.0,92,0,3,0,0.3154
0,0,22,61.5,168,1,2,1,0.3398
0,1,40,92.0,27,0,3,1,0.3706
1,1,22,56.7,317,0,1,1,0.7607
0,1,47,90.5,189,1,1,0,0.3936
0,1,49,64.5,265,1,3,0,0.5691
1,1,41,55.8,284,1,1,0,0.789
1,1,59,96.4,62,1,2,0,0.9569
0,0,52,56.8,86,0,2,1,0.255
0,1,49,99.6,6,0,1,1,0.2701
1,1,62,51.0,154,1,2,1,0.9175
1,0,65,45.6,19,0,3,1,0.5973
1,0,61,92.9,251,1,1,1,0.5704
0,0,39,77.3,347,0,3,1,0.2017
1,1,38,68.2,49,1,1,1,0.866
0,1,45,49.5,188,1,2,0,0.4159
1,1,51,76.6,66,0,2,1,0.7265
0,1,33,66.7,364,0,2,0,0.2957
0,1,28,71.6,201,0,2,0,0.2523
1,1,50,79.7,98,1,3,1,1.0
1,0,61,80.2,148,0,3,0,0.5126
0,1,55,97.8,159,0,1,0,0.2967
1,1,36,81.0,303,1,2,0,0.8597
0,0,45,63.7,165,0,2,0,0.1059
0,1,46,63.1,27,1,3,1,0.6894
1,0,54,71.2,187,0,2,0,0.3833
0,0,20,59.3,325,1,2,1,0.3599
1,0,35,65.7,313,1,2,0,0.7146
0,0,35,91.3,197,0,3,0,0.1539
0,1,29,92.3,208,0,3,1,0.3998
1,1,35,79.5,265,0,2,1,0.7755
0,1,49,77.1,257,1,3,0,0.4785
0,1,59,68.5,256,0,2,1,0.4219
0,1,53,80.0,335,1,1,1,0.5453
1,1,36,89.3,345,0,2,1,0.8404
1,0,21,85.6,232,1,2,1,0.7643
0,0,28,47.0,203,0,1,1,0.1619
0,0,20,85.2,72,0,2,0,0.0623
0,0,44,84.6,12,0,2,1,0.1836
1,0,64,50.4,70,1,1,0,0.6357
0,1,33,53.3,0,1,2,0,0.4529
0,1,61,88.3,158,1,1,0,0.5536
1,0,35,75.7,215,1,1,1,0.705
1,0,47,90.2,194,0,2,0,0.4708
0,1,41,55.2,311,1,2,1,0.6265
1,1,23,46.7,3,0,2,1,0.5996
0,1,64,53.9,252,0,1,1,0.4195
1,1,51,69.9,283,1,1,0,0.9407
1,1,29,73.8,299,0,3,1,0.8113
1,0,59,92.2,29,0,1,0,0.4067
1,0,40,84.4,291,0,3,1,0.6031
0,0,53,99.5,105,0,1,0,0.0
0,1,57,49.3,121,0,2,0,0.2854
1,0,32,52.2,195,1,2,1,0.7541
0,0,33,49.6,202,1,2,1,0.4345
0,0,62,74.6,259,1,3,1,0.4564
0,1,64,59.7,266,0,2,0,0.3304
1,1,31,82.6,240,0,1,1,0.6966
1,1,32,52.3,52,1,2,0,0.881
0,1,29,50.7,123,0,2,0,0.3561
0,0,60,70.3,87,1,1,0,0.2606
0,0,52,65.7,309,0,3,1,0.2603
0,1,42,90.6,243,0,2,1,0.3677
1,1,31,91.1,339,1,3,1,1.0
0,1,19,51.5,44,0,3,1,0.4056
0,0,35,89.7,63,0,2,0,0.0522
0,1,52,76.0,185,1,1,0,0.4428
0,0,26,72.7,12,1,3,1,0.4086
0,1,28,50.2,208,1,1,1,0.5673
1,1,43,85.7,51,1,3,0,0.9272
1,1,20,48.3,337,1,2,1,0.9346
1,0,22,60.3,106,1,1,0,0.6223
1,1,49,50.2,8,0,1,0,0.5341
1,0,58,74.2,111,0,3,1,0.5128
0,0,27,80.5,119,1,1,0,0.1561
1,1,55,94.0,66,0,2,0,0.6797
1,0,23,85.4,81,0,1,0,0.4423
1,1,28,97.9,201,1,1,1,0.7763
0,1,34,86.9,184,0,3,0,0.3333
0,1,19,61.4,356,0,1,1,0.3603
0,1,58,75.1,156,0,1,0,0.2694
0,0,41,70.2,115,1,2,1,0.3871
1,0,22,76.1,113,0,1,0,0.3877
1,1,38,76.5,132,1,2,0,0.7822
1,1,23,83.6,247,1,1,0,0.7844
0,0,21,49.6,110,0,1,0,0.0154
1,0,26,86.1,231,0,2,1,0.529
1,0,22,52.9,58,1,1,0,0.6317
0,0,21,46.4,290,1,1,0,0.3598
0,1,26,73.5,260,1,3,1,0.5964
1,0,35,77.0,49,0,3,0,0.4902
1,0,60,46.9,315,1,1,0,0.5279
1,1,33,73.3,270,1,2,1,0.8683
1,1,19,74.4,363,1,3,0,0.9079
1,0,46,47.9,102,1,1,1,0.7373
1,1,65,84.1,151,1,3,0,0.8966
0,0,59,56.6,20,0,1,1,0.1115
0,1,53,88.7,257,0,2,0,0.3684
1,0,29,62.1,210,0,3,1,0.5491
0,1,58,71.3,81,1,3,1,0.5927
1,0,62,94.1,9,1,1,1,0.6991
1,1,54,89.3,164,0,2,0,0.6624
0,0,51,88.0,150,0,2,0,0.0311
0,1,52,53.8,172,0,2,1,0.3359
1,1,57,47.6,64,1,1,0,0.8338
0,1,23,78.3,249,1,2,1,0.5802
1,1,54,67.6,316,0,2,1,0.7958
0,1,53,95.0,117,0,1,0,0.1877
1,0,37,64.2,133,1,2,1,0.716
0,1,33,67.6,17,1,2,0,0.5249
1,1,25,73.9,346,1,3,1,1.0
0,0,61,88.8,254,0,2,0,0.0746
0,0,39,59.8,167,0,3,1,0.1178
0,1,22,96.8,16,1,3,1,0.636
1,1,22,74.7,9,0,3,0,0.6624
0,1,62,91.3,229,0,3,0,0.348
0,0,28,73.9,30,1,2,0,0.2119
1,1,60,87.5,214,1,3,1,0.9738
1,0,36,47.8,305,0,3,1,0.5968
0,0,56,89.0,339,1,3,0,0.4244
0,0,34,73.8,150,0,2,0,0.1477
0,1,54,69.7,44,0,1,0,0.2932
0,1,55,51.1,206,1,3,0,0.5399
1,1,35,85.8,138,0,3,0,0.6255
0,1,26,52.2,333,0,1,0,0.2676
1,0,34,55.6,268,1,2,0,0.5904
1,1,58,52.0,213,1,3,0,0.8738
0,0,50,45.4,161,1,2,0,0.2463
1,1,37,81.4,356,1,3,0,0.8983
0,0,35,59.9,202,0,2,1,0.1902
1,1,41,53.2,9,0,2,0,0.5704
1,1,30,62.6,349,0,3,1,0.8259
1,0,57,72.4,75,0,3,1,0.4966
0,1,45,72.7,233,0,2,1,0.5303
1,1,63,65.2,232,1,3,1,1.0
1,0,20,72.2,225,1,1,1,0.6542
1,0,53,68.5,216,1,2,1,0.7598
1,0,28,90.2,291,0,1,1,0.5154
1,0,56,46.6,3,1,3,0,0.6435
1,1,38,92.7,148,0,1,0,0.5804
0,1,54,58.4,188,1,1,1,0.6053
1,0,19,84.7,93,1,2,1,0.6902
1,1,23,67.3,37,1,1,1,0.9442
0,1,22,61.2,75,1,3,1,0.6892
1,0,64,78.8,294,1,2,1,0.7137
1,0,60,87.3,88,0,3,0,0.5047
0,1,49,69.7,309,0,3,1,0.4786
0,1,54,70.7,317,0,1,1,0.2801
1,0,57,48.2,274,0,3,0,0.5725
1,0,28,95.8,1,0,1,1,0.4601
1,0,34,91.6,149,0,2,1,0.5437
1,1,31,66.9,93,1,2,1,1.0
0,0,19,87.1,312,1,1,0,0.315
1,0,56,62.2,99,1,2,1,0.7202
0,1,35,85.2,258,0,2,0,0.3422
1,0,50,73.4,278,0,2,0,0.5127
0,0,47,70.3,3,0,2,0,0.0692
1,0,32,48.1,77,1,1,1,0.6593
0,1,46,98.1,197,1,1,1,0.5776
0,1,43,91.1,325,1,3,1,0.6038
0,0,18,88.6,164,1,3,1,0.4751
0,1,34,61.8,6,1,2,0,0.4232
0,0,56,60.9,0,1,1,0,0.1975
1,1,65,76.5,87,0,1,1,0.7453
1,1,19,91.5,179,0,1,1,0.7086
1,0,32,96.4,9,1,3,1,0.7731
0,0,39,59.8,133,1,2,0,0.3189
0,1,37,78.4,109,0,1,1,0.3133
1,1,46,84.8,124,1,3,0,0.8427
0,1,42,57.5,206,0,1,1,0.4351
0,1,60,67.4,300,1,1,1,0.6072
0,0,41,55.3,139,1,3,0,0.3011
0,1,51,83.4,102,1,3,0,0.528
1,0,60,92.5,110,1,1,0,0.5891
1,0,38,93.3,69,0,2,0,0.4696
1,1,65,81.9,109,0,2,0,0.6402
0,1,19,64.1,223,1,3,1,0.6252
1,1,33,81.4,223,0,1,1,0.6595
0,0,57,92.5,218,1,3,0,0.3623
1,0,38,79.4,238,0,1,1,0.4989
1,1,54,67.7,118,0,1,0,0.6486
0,1,25,95.6,330,1,1,0,0.3906
1,1,31,90.9,213,0,3,1,0.7535
0,0,63,93.5,35,1,3,1,0.4358
1,0,39,94.7,342,0,3,0,0.4964
1,1,35,66.7,356,1,3,0,0.8678
1,0,22,92.3,278,0,2,1,0.612
1,0,59,76.4,255,1,1,1,0.7663
1,0,64,47.1,154,0,3,1,0.5328
1,0,62,80.0,270,1,1,0,0.6128
0,1,47,70.9,41,1,2,0,0.4241
1,1,48,60.1,28,0,3,0,0.6415
1,1,26,98.4,182,0,2,0,0.6314
0,0,48,48.0,202,0,3,0,0.1054
0,1,48,97.0,48,1,1,0,0.4753
1,1,58,53.8,326,1,2,1,0.9979
1,0,26,65.7,330,0,2,1,0.62
0,0,54,67.9,53,0,3,1,0.2265
1,0,23,85.2,221,0,1,1,0.4319
1,1,59,56.9,351,1,1,0,0.8317
1,1,43,99.2,359,0,1,1,0.7711
0,0,27,86.2,36,1,1,0,0.2446
1,1,23,88.4,204,1,3,0,0.9203
0,1,50,50.9,279,1,2,1,0.6604
1,0,62,71.2,54,1,3,1,0.6859
0,0,47,97.0,222,1,1,0,0.2974
0,1,57,59.9,107,1,2,1,0.6011
1,1,41,53.0,205,1,2,0,0.9273
0,0,45,71.7,171,1,1,1,0.3267
0,0,62,96.2,89,1,3,1,0.4708
1,0,55,71.8,5,0,3,0,0.4465
0,0,46,67.3,286,0,1,1,0.1828
0,1,61,80.8,170,1,2,0,0.4913
0,1,32,96.5,362,0,2,0,0.4024
0,1,25,47.7,267,0,3,1,0.3918
1,1,40,53.4,192,0,2,0,0.6566
1,1,60,52.3,243,1,1,1,0.9747
1,0,26,49.7,179,1,2,1,0.8425
0,0,28,61.6,247,0,3,1,0.1849
1,0,23,57.6,69,1,3,1,0.8099
0,0,64,75.2,220,1,1,0,0.2503
1,1,29,63.0,29,1,3,0,0.9001
0,1,51,67.3,118,1,1,1,0.5162
1,0,38,96.8,204,0,2,1,0.6092
0,1,49,53.6,221,0,2,0,0.2803
0,0,53,66.4,125,0,2,0,0.1324
0,1,42,59.1,54,0,1,1,0.3384
0,1,52,75.2,38,1,3,1,0.5371
1,1,51,85.5,337,1,1,1,0.9419
0,1,36,89.9,261,1,2,1,0.5503
0,1,54,73.3,183,1,2,0,0.4754
0,1,34,92.0,7,1,2,1,0.7034
1,1,33,88.2,310,1,2,1,0.9753
1,0,33,53.6,360,1,2,1,0.7695
1,0,61,58.5,15,1,1,0,0.5231
0,1,21,81.9,63,1,2,1,0.4812
0,0,47,98.6,252,1,1,0,0.2269
1,0,51,65.7,10,0,1,1,0.4554
0,0,22,57.6,87,0,2,1,0.1317
1,0,50,92.8,210,1,2,0,0.611
0,0,63,56.0,3,1,2,1,0.2921
0,1,26,83.4,130,1,1,1,0.5322
1,1,34,46.9,270,0,3,0,0.5953
0,1,29,46.0,359,1,1,0,0.49
0,0,41,69.8,67,0,2,0,0.0241
0,0,29,81.1,336,1,1,0,0.2688
1,1,32,52.8,8,0,3,1,0.7699
0,0,33,87.0,24,1,3,1,0.3478
0,1,40,52.1,64,0,3,0,0.2467
0,1,35,74.4,103,1,1,1,0.5598
0,0,39,62.0,65,0,3,1,0.16
1,0,63,86.4,182,1,3,1,0.7389
1,0,61,89.2,172,1,1,1,0.6799
1,1,48,48.6,288,1,2,1,1.0
0,1,60,55.6,21,0,3,1,0.4884
1,1,32,94.1,41,0,1,1,0.6402
1,1,38,67.9,203,0,3,0,0.6248
0,0,25,71.2,154,0,1,1,0.0788
0,1,57,54.2,10,1,2,0,0.4976
0,0,53,99.7,297,1,1,1,0.4039
1,1,59,95.8,77,1,1,1,0.9526
0,1,55,45.1,103,0,3,0,0.4181
1,1,23,75.3,277,1,1,0,0.8157
0,1,34,93.0,136,0,2,0,0.2188
1,1,57,68.7,206,0,1,0,0.6589
0,1,62,69.0,250,0,1,0,0.2211
0,0,64,65.9,224,1,1,0,0.1936
1,1,53,46.6,56,0,2,1,0.798
0,0,45,88.5,338,0,2,1,0.0919
1,0,64,70.1,286,0,1,0,0.4764
0,1,40,74.2,273,0,1,1,0.3906
1,1,48,59.1,167,0,1,0,0.5812
1,1,63,88.1,356,1,3,0,0.9271
0,0,28,88.7,172,0,2,0,0.1157
0,0,37,75.4,97,0,1,0,0.008
0,0,49,94.8,341,0,1,1,0.1591
1,0,34,51.4,259,0,2,0,0.5843
1,1,59,88.3,172,1,3,1,1.0
1,0,55,75.7,173,0,1,1,0.6152
1,0,23,57.7,211,1,2,1,0.7348
1,0,18,52.3,194,0,3,1,0.541
1,0,54,61.6,264,0,2,0,0.4739
1,1,21,92.1,271,0,2,0,0.6261
0,1,48,88.3,306,1,1,0,0.4825
1,1,28,80.5,307,1,2,1,0.9127
0,1,34,50.0,136,0,1,0,0.2461
1,1,24,97.5,82,1,3,0,0.7972
1,0,52,61.8,43,1,1,0,0.5793
1,0,19,78.4,206,1,2,0,0.6687
0,0,57,89.2,116,0,2,0,0.0965
1,0,54,52.3,4,1,2,1,0.7437
1,0,54,80.9,220,1,1,1,0.6765
1,1,27,46.8,282,1,3,0,0.8781
0,0,29,50.6,113,1,3,1,0.3591
0,1,34,84.8,249,1,2,1,0.6341
1,1,63,53.5,300,1,1,1,1.0
1,1,43,69.4,89,0,2,1,0.7207
1,0,22,58.7,27,0,1,0,0.3608
0,0,22,68.2,31,1,3,1,0.2865
1,0,55,49.2,216,1,1,1,0.6806
1,1,64,86.5,308,0,1,1,0.7634
1,1,44,49.3,70,1,2,1,0.9424
0,0,22,91.1,251,0,1,0,0.1142
1,1,25,81.4,29,1,3,1,1.0
1,1,48,67.9,255,0,3,0,0.6644
0,1,50,92.7,308,0,3,0,0.2946
1,0,38,55.2,158,1,2,1,0.7749
1,1,52,59.6,8,1,1,0,0.7885
1,0,38,52.5,322,1,1,0,0.5748
0,0,32,66.0,155,0,2,0,0.0245
0,1,53,99.3,213,0,3,0,0.3728
1,1,19,53.9,153,0,3,0,0.6807
0,1,47,90.7,82,0,2,1,0.3136
1,0,45,80.9,100,0,2,0,0.4389
1,0,34,45.9,9,1,3,1,0.6956
0,1,61,97.0,335,0,3,1,0.4797
0,1,37,98.4,279,0,1,1,0.4192
0,0,57,95.9,280,1,3,1,0.4871
1,1,46,72.6,179,1,3,1,0.9922
1,0,22,57.1,89,0,1,1,0.5078
1,1,42,66.5,128,0,2,1,0.7273
1,1,27,78.8,308,1,1,1,0.8826
0,1,36,65.8,106,1,1,1,0.6076
1,0,58,83.9,279,0,3,0,0.5209
0,1,65,88.8,282,0,2,0,0.2643
1,1,18,56.5,106,1,3,1,0.8852
1,0,64,67.3,154,1,2,1,0.7107
0,0,51,97.7,343,1,1,0,0.347
0,0,31,58.7,231,0,2,1,0.2232
1,0,42,64.1,294,0,3,1,0.6021
0,0,43,47.0,332,0,2,0,0.1783
1,0,38,63.3,83,1,2,1,0.6251
1,0,33,65.4,357,0,2,0,0.4616
1,0,27,50.5,75,0,3,1,0.6217
1,1,49,45.1,260,1,1,1,0.8687
0,1,61,76.6,336,0,1,1,0.3356
0,1,62,61.6,229,0,2,1,0.3875
0,1,37,46.0,271,1,2,1,0.5771
0,0,26,92.3,220,1,2,0,0.2776
1,0,51,77.1,180,1,1,1,0.7161
1,0,48,54.4,201,0,3,1,0.5492
0,0,36,92.6,284,0,2,0,0.0891
0,0,64,58.9,117,0,2,1,0.1414
0,1,48,57.5,116,0,2,1,0.3729
1,1,47,94.2,196,1,1,1,0.9199
0,0,64,54.9,193,0,1,0,0.0654
1,1,41,93.3,291,1,3,0,0.8595
0,0,50,89.2,103,0,2,1,0.1433
0,0,35,62.0,173,1,2,1,0.3713
1,1,38,46.9,300,1,1,0,0.8037
1,1,48,49.5,102,0,1,1,0.6412
0,0,56,51.0,8,0,2,0,0.0194
0,1,59,94.0,163,1,2,1,0.6145
1,0,58,67.2,4,1,2,0,0.4996
1,0,60,46.8,334,0,1,0,0.458
1,1,21,75.6,328,1,2,1,0.9787
1,0,43,56.4,88,0,3,0,0.5061
1,0,50,57.9,177,0,1,1,0.5032
0,1,61,53.8,283,0,3,0,0.3966
1,0,50,86.9,26,0,3,1,0.599
0,0,37,45.0,365,1,1,0,0.403
1,1,58,69.1,174,1,2,1,1.0
1,1,25,49.8,160,1,3,0,0.8318
0,1,53,75.4,114,1,2,0,0.6422
0,0,25,64.0,96,1,3,1,0.489
1,0,48,46.6,165,1,1,1,0.6946
1,1,39,70.4,135,0,2,0,0.5715
1,1,59,76.4,163,0,3,0,0.6479
0,0,64,58.6,362,1,3,1,0.4298
0,1,36,87.1,201,0,1,0,0.2889
1,0,37,65.4,168,0,3,1,0.5277
0,0,40,86.2,135,1,1,1,0.3498
1,1,41,76.8,157,0,3,1,0.8063
0,0,60,92.8,300,0,2,1,0.1592
1,1,41,75.1,226,0,1,1,0.7079
1,0,53,55.2,365,0,3,1,0.5599
1,0,26,90.2,301,0,3,0,0.5806
0,0,57,88.1,348,0,2,1,0.1795
1,1,33,98.5,271,1,3,0,0.903
1,0,44,50.1,323,0,1,1,0.4721
0,0,62,77.5,49,1,3,1,0.3652
0,1,54,72.0,323,0,3,0,0.3248
1,1,30,81.9,1,0,2,1,0.6534
1,0,19,98.9,330,1,2,1,0.7693
1,1,29,74.3,74,0,3,1,0.6843
1,0,58,82.7,246,1,2,1,0.7532
0,0,50,64.1,214,0,3,0,0.1327
1,0,40,61.4,229,1,3,0,0.6886
0,0,31,63.4,241,1,1,0,0.3071
1,0,56,47.1,187,0,3,0,0.5263
1,0,47,60.7,128,0,1,0,0.3575
1,1,63,54.5,96,1,1,1,0.9164
0,0,51,70.2,364,1,3,1,0.4503
0,0,26,70.3,164,0,2,1,0.2371
0,1,32,87.1,176,0,3,0,0.2988
1,0,41,72.6,116,0,3,0,0.3797
0,0,65,70.5,209,1,2,0,0.2849
1,0,58,57.7,272,0,2,0,0.4518
1,0,42,91.9,326,1,1,1,0.7865
1,1,53,50.0,50,1,3,0,0.8999
1,0,49,99.0,264,0,2,0,0.3903
1,1,64,71.2,63,1,2,1,0.983
1,1,38,55.2,340,1,1,0,0.7836
1,1,59,64.5,228,1,3,0,0.8388
1,0,56,45.8,348,0,2,0,0.4719
0,0,23,54.2,297,1,1,0,0.2835
1,1,64,63.4,236,0,1,1,0.7083
0,1,42,75.5,224,0,1,0,0.257
1,0,19,52.1,116,1,1,1,0.6344
1,0,48,82.2,249,0,3,1,0.579
1,0,47,91.4,69,0,3,0,0.5201
1,0,32,76.5,344,0,2,0,0.4596
0,0,35,61.3,34,0,2,1,0.2608
0,1,49,51.7,272,0,2,0,0.3039
0,1,31,45.9,43,1,2,0,0.4305
0,1,35,85.2,359,0,2,0,0.271
0,0,52,79.6,344,0,1,0,0.1347
0,1,39,71.2,106,0,3,0,0.329
1,0,31,50.6,228,1,1,0,0.5442
1,1,55,56.4,251,0,3,1,0.7916
0,0,31,89.8,43,0,1,0,0.0661
0,1,51,71.4,48,1,1,1,0.4751
0,1,39,98.0,59,0,2,1,0.3632
1,0,33,100.0,257,1,3,1,0.7426
1,0,65,89.0,64,0,3,0,0.4363
1,1,33,59.2,113,0,3,1,0.7157
1,1,33,57.7,258,0,2,1,0.655
1,0,57,58.9,348,1,2,1,0.6948
0,0,55,99.3,161,1,2,0,0.3383
1,0,35,63.4,163,1,2,1,0.7103
0,1,40,83.9,14,0,1,1,0.4258
1,1,63,97.7,36,1,3,0,0.8023
0,0,65,90.1,137,1,2,0,0.298
1,1,57,77.9,264,1,2,1,0.9646
1,0,35,54.3,305,0,2,1,0.5576
1,1,63,54.6,45,1,2,0,0.8809
1,0,39,72.1,105,1,3,0,0.6008
1,0,57,97.4,80,1,1,0,0.6496
0,1,47,94.7,302,1,1,1,0.5572
1,0,65,54.1,273,0,2,0,0.4762
1,0,59,60.8,112,1,1,1,0.691
1,1,59,77.4,207,1,2,1,1.0
1,1,35,71.3,306,0,2,0,0.6139
1,1,35,51.6,364,1,3,1,0.9252
1,1,58,65.3,240,1,1,1,0.9516
1,0,18,97.5,88,0,1,1,0.5026
1,0,65,97.3,182,0,2,0,0.4589
1,0,59,75.8,271,1,3,0,0.7498
0,0,32,79.9,254,0,2,1,0.2131
0,0,22,57.2,343,1,3,0,0.3332
1,1,44,85.8,244,0,1,0,0.6154
1,1,34,47.9,267,1,3,0,0.9848
1,0,58,57.1,98,0,1,0,0.4132
1,1,49,45.3,58,0,1,0,0.6298
1,1,55,66.2,72,0,1,0,0.5533
0,1,43,91.8,111,1,2,0,0.5242
1,1,19,99.0,164,0,2,1,0.7192
0,1,45,81.7,287,1,3,0,0.4523
1,0,62,86.0,210,1,2,0,0.656
1,1,40,59.5,21,0,2,0,0.6258
1,0,37,73.6,353,1,3,0,0.7162
1,0,53,85.5,82,1,1,1,0.6813
0,0,59,72.4,241,1,3,0,0.3855
0,0,39,49.9,11,1,2,1,0.3836
0,0,28,85.7,4,1,1,0,0.2173
0,1,45,57.1,281,1,3,0,0.5922
0,0,62,50.4,115,0,1,0,0.0675
1,0,39,71.3,346,1,2,0,0.6714
1,0,34,49.1,19,1,2,1,0.6953
0,1,48,79.6,188,0,3,0,0.4247
1,1,28,80.2,135,0,1,0,0.5523
1,1,53,59.1,335,0,2,1,0.7448
1,1,31,98.0,57,1,1,1,0.8736
0,0,52,90.3,172,0,3,1,0.2143
0,0,40,51.0,192,1,3,1,0.4563
0,0,46,86.2,4,0,3,1,0.222
0,0,40,64.4,158,1,2,1,0.4162
1,0,61,86.3,278,1,2,0,0.6503
1,1,53,89.0,139,0,2,0,0.6935
1,0,33,53.3,3,1,2,0,0.5784
1,1,56,81.4,292,0,3,1,0.7478
1,0,37,92.5,74,1,2,0,0.5658
1,1,42,62.8,233,0,2,1,0.7266
0,1,36,49.4,103,1,2,0,0.4858
1,1,43,46.5,136,0,3,0,0.6406
1,0,49,51.1,281,0,3,0,0.4634
1,1,38,45.2,230,0,2,0,0.7037
1,0,26,63.0,282,1,1,0,0.5876
1,0,60,61.5,237,1,1,1,0.7
0,1,36,51.1,234,0,2,1,0.4177
1,1,38,80.8,189,1,2,0,0.7592
1,1,35,99.6,177,1,2,1,0.881
0,1,23,94.6,344,0,3,0,0.3851
0,0,52,58.9,337,0,1,0,0.0
1,0,31,87.3,221,0,3,0,0.4064
1,0,26,96.5,213,1,1,1,0.6295
0,1,52,94.9,212,1,3,0,0.5115
1,1,19,93.7,358,0,3,1,0.7352
0,1,23,88.3,92,0,2,1,0.3369
0,1,52,61.1,45,1,2,0,0.5306
0,0,42,49.6,254,0,2,1,0.1912
1,0,26,71.8,190,1,3,0,0.687
0,0,48,48.0,325,0,2,0,0.1289
0,1,24,99.9,144,0,3,1,0.4728
1,1,45,64.7,343,0,3,1,0.7729
0,1,19,97.7,103,0,2,0,0.2768
0,1,18,87.5,63,0,2,1,0.3638
1,1,54,67.6,156,1,3,0,0.8211
1,0,41,51.5,307,0,1,0,0.4174
1,1,52,58.0,349,0,1,1,0.7464
1,0,24,82.0,127,1,3,0,0.7107
1,1,55,90.6,23,0,2,1,0.6758
1,0,46,98.9,124,0,2,0,0.488
1,1,18,52.3,174,0,2,0,0.6207
1,1,47,53.6,100,0,3,0,0.7252
1,0,63,47.3,50,0,2,0,0.4221
1,1,49,59.3,257,1,1,1,0.9324
1,1,27,90.2,148,1,1,0,0.7845
1,1,51,55.9,167,0,2,0,0.7177
1,0,28,75.1,104,1,3,1,0.7196
1,1,65,69.6,68,0,1,0,0.6441
0,1,54,62.9,34,1,2,1,0.5159
1,1,44,79.0,162,0,2,0,0.605
1,1,65,72.6,338,0,1,1,0.8143
0,1,27,63.4,207,0,3,0,0.36
0,0,55,82.9,152,1,3,1,0.4343
0,0,39,60.4,79,1,1,0,0.2542
1,0,41,80.4,30,1,3,1,0.8097
0,0,25,97.6,224,1,2,1,0.4157
1,1,23,85.1,254,1,3,0,0.8865
1,1,21,68.0,208,1,1,1,0.9349
0,0,22,86.1,179,0,1,0,0.048
0,0,23,89.5,304,0,1,0,0.0551
0,0,64,62.9,143,1,2,1,0.3505
1,0,49,83.8,229,0,2,0,0.3954
0,0,55,68.9,313,0,2,0,0.1326
0,1,37,90.0,305,0,1,1,0.367
0,0,57,61.2,333,1,3,0,0.2642
0,1,62,96.6,63,1,2,1,0.5555
0,1,53,76.6,307,1,1,1,0.5899
0,0,31,64.4,39,0,1,1,0.104
0,1,64,68.1,242,1,2,1,0.6143
0,1,36,64.1,360,0,3,0,0.2375
1,1,28,53.0,244,0,2,0,0.728
0,1,56,48.8,309,0,3,1,0.4559
1,0,18,62.7,96,0,1,1,0.4003
0,1,52,70.2,144,0,1,1,0.1817
1,1,36,64.9,55,0,1,1,0.703
1,0,50,45.8,29,1,3,1,0.7069
1,0,49,76.8,107,0,2,0,0.4465
0,0,53,53.0,213,0,2,0,0.1379
1,1,41,56.6,220,0,3,1,0.7413
1,0,60,51.6,103,0,2,1,0.5675
0,1,24,73.6,180,1,3,0,0.5696
0,0,24,50.2,126,0,2,1,0.2063
1,1,63,59.1,197,1,2,1,1.0
0,0,64,69.8,342,0,3,1,0.201
0,0,22,54.2,32,1,2,1,0.3029
0,1,31,69.5,333,1,1,0,0.3968
1,0,62,63.9,233,1,1,0,0.6184
1,0,43,92.3,35,0,3,0,0.4769
0,1,18,88.7,17,1,2,1,0.6006
1,0,30,99.6,306,0,3,1,0.5891
0,0,40,74.1,231,1,3,1,0.4474
0,1,37,76.6,265,1,2,1,0.6194
0,1,24,97.1,294,0,1,0,0.2954
0,0,23,67.0,48,1,1,1,0.3655
0,0,26,75.6,57,0,2,0,0.1197
1,1,45,65.8,331,0,1,1,0.6666
0,1,27,75.0,357,0,3,0,0.3123
1,0,52,49.4,150,1,3,1,0.7949
0,1,24,88.1,134,1,3,0,0.4355
0,0,42,99.2,300,1,1,0,0.2676
1,0,47,48.6,365,1,2,1,0.8178
1,1,60,89.1,344,1,2,1,1.0
1,1,43,58.3,310,0,3,1,0.8245
1,1,61,55.9,123,1,3,0,0.8866
0,1,29,83.1,182,0,3,1,0.4721
0,0,30,47.4,204,1,1,0,0.2821
1,1,57,70.5,146,1,2,0,0.869
1,0,21,45.1,108,0,2,0,0.5257
1,0,18,75.5,149,0,1,1,0.5064
1,0,23,70.4,232,0,2,1,0.5367
1,0,19,95.4,266,1,3,1,0.8526
1,0,63,84.6,130,1,2,1,0.7282
1,1,44,51.9,146,0,2,0,0.6608
1,1,35,64.5,90,0,1,1,0.7346
0,0,59,96.2,218,1,2,0,0.24
0,1,46,84.9,33,0,3,1,0.4031
1,1,50,77.7,10,0,1,1,0.6588
0,0,20,75.7,260,0,1,0,0.0498
1,0,37,66.9,70,1,1,1,0.7351
0,1,21,77.2,163,1,3,0,0.4648
1,0,35,87.4,260,1,2,0,0.6388
0,1,25,52.0,183,0,1,1,0.3718
1,1,39,98.3,132,0,3,1,0.7637
0,0,58,58.2,282,1,3,0,0.3566
0,1,39,69.6,348,1,3,1,0.6759
1,1,36,46.2,344,0,2,1,0.7963
0,0,45,75.3,233,1,3,0,0.3869
0,0,19,66.0,353,0,2,0,0.2323
0,1,26,58.7,14,1,1,0,0.481
0,0,52,99.2,104,1,1,1,0.3452
1,1,39,68.5,353,1,2,1,0.9879
1,0,43,67.8,19,1,3,1,0.7364
1,0,51,70.5,247,1,1,0,0.6724
0,1,24,51.4,161,1,2,1,0.6031
1,1,47,66.6,126,0,3,1,0.8474
0,1,42,63.5,33,0,1,0,0.2211
0,0,26,70.6,114,0,2,1,0.1687
0,1,44,92.1,218,1,3,1,0.6196
1,0,18,55.6,241,1,3,0,0.6575
1,0,50,78.4,20,1,3,1,0.7807
0,1,25,47.1,224,0,2,0,0.3101
0,1,49,62.4,166,1,2,1,0.6065
1,0,57,71.0,295,0,3,1,0.4914
0,1,36,49.1,171,1,3,0,0.4744
0,0,53,74.9,163,0,3,1,0.2184
1,0,62,62.1,310,0,3,1,0.5985
1,0,39,99.6,216,0,3,0,0.56
0,1,56,79.7,198,1,3,1,0.5795
1,0,43,58.4,49,0,1,0,0.3337
0,0,20,50.6,329,1,3,0,0.2921
0,1,63,47.2,329,0,2,1,0.417
1,1,26,50.0,293,0,2,1,0.7928
0,1,52,82.4,279,1,2,1,0.577
1,0,24,92.0,363,0,2,0,0.4743
1,1,32,53.6,58,0,1,0,0.5321
1,0,21,67.1,172,1,1,0,0.5433
0,0,54,64.5,153,0,2,0,0.0651
1,0,45,80.4,221,0,2,1,0.5897
0,1,26,55.0,218,0,2,1,0.3616
0,0,52,97.4,82,0,2,0,0.0689
1,0,65,85.1,266,0,2,0,0.4065
0,1,65,97.5,127,0,1,0,0.1971
1,0,42,60.3,185,1,1,1,0.7312
1,1,26,77.3,229,0,1,1,0.6859
1,1,50,85.3,271,0,3,1,0.7172
0,1,34,84.1,0,1,2,0,0.3942
1,1,29,46.2,296,0,2,0,0.7073
1,0,26,99.9,14,1,3,0,0.5685
1,0,22,96.0,79,0,2,1,0.5837
0,0,64,51.6,173,0,3,1,0.2558
0,0,43,74.9,31,0,3,0,0.0823
1,1,62,62.3,38,1,3,0,0.8913
1,0,36,93.3,192,1,3,1,0.7662
1,1,52,83.4,239,0,2,0,0.6701
0,0,19,57.3,72,0,3,1,0.1162
0,0,62,46.9,92,0,2,0,0.0866
0,1,24,61.0,88,1,3,0,0.494
1,0,26,47.1,253,1,1,0,0.5932
0,0,39,52.8,233,0,2,1,0.2432
1,1,59,80.0,138,1,3,1,1.0
0,0,50,86.0,197,1,3,0,0.3919
1,0,33,70.7,289,1,3,0,0.7478
0,0,60,78.0,305,1,1,1,0.3337
0,1,41,53.6,171,0,2,1,0.4235
0,1,25,62.4,13,1,1,0,0.416
0,0,47,84.2,327,0,1,1,0.1545
1,0,43,65.1,152,0,1,0,0.5118
1,0,62,64.2,195,1,2,0,0.5433
1,1,65,55.7,177,1,1,1,0.9317
0,0,52,77.7,94,1,2,1,0.4002
1,1,62,89.5,340,1,2,1,1.0
0,1,34,70.8,236,1,3,0,0.573
0,0,55,51.4,310,0,1,1,0.2014
0,1,27,91.1,77,0,1,0,0.2646
1,1,58,48.9,243,0,1,1,0.678
0,1,34,70.9,219,0,2,1,0.3998
0,1,24,59.4,219,1,2,0,0.5388
0,1,19,96.5,206,1,2,0,0.4613
0,0,28,85.6,183,1,1,0,0.2772
1,1,20,76.2,114,1,2,0,0.8751
1,1,63,81.7,123,0,2,0,0.6173
1,1,37,74.3,237,0,2,0,0.7273
1,1,30,53.1,107,1,3,1,0.9934
1,1,40,84.0,46,0,2,1,0.644
0,0,34,72.1,197,0,1,0,0.0651
1,0,46,79.9,50,1,2,0,0.5846
1,1,60,47.5,193,1,3,1,0.9254
1,0,56,52.8,69,0,2,1,0.4783
1,1,49,77.4,86,1,2,0,0.924
1,0,52,70.3,74,1,3,0,0.6203
0,0,52,57.5,192,1,1,1,0.3523
1,1,51,58.2,219,0,3,0,0.6964
0,1,38,79.7,277,1,2,1,0.5695
1,1,33,48.2,332,0,2,0,0.6209
0,1,40,68.9,232,1,2,0,0.4673
0,0,28,73.8,227,1,2,1,0.3687
1,1,31,61.9,43,1,1,0,0.8158
1,0,20,90.1,296,0,2,1,0.5146
1,1,24,48.1,254,0,2,1,0.8282
0,1,57,92.6,249,1,3,0,0.5234
0,0,62,84.8,272,1,1,0,0.3517
1,1,28,69.5,172,0,3,1,0.7705
0,1,50,95.8,235,1,2,1,0.5246
1,0,36,83.6,45,0,2,1,0.4912
0,0,62,96.2,220,1,2,1,0.4235
1,1,58,71.0,142,0,1,0,0.5507
0,0,40,69.9,232,1,2,0,0.2965
1,1,40,74.2,265,0,3,1,0.8038
0,0,46,48.6,189,1,3,1,0.4447
0,1,23,95.0,182,1,1,1,0.5868
1,0,56,81.7,313,1,2,1,0.7713
0,0,22,79.0,356,1,2,1,0.3652
0,0,49,96.0,190,1,2,1,0.379
1,1,57,99.7,138,1,1,1,0.9028
1,1,43,54.0,34,0,1,1,0.7103
1,1,31,86.2,351,1,2,0,0.8281
0,0,35,76.9,341,1,3,0,0.3447
0,0,38,70.4,131,1,1,1,0.447
1,0,42,98.8,321,1,1,1,0.7739
0,0,37,91.8,72,0,3,0,0.154
0,1,41,83.3,162,0,3,1,0.4193
0,0,20,66.0,293,1,2,1,0.4163
1,0,39,81.6,222,1,2,1,0.7479
1,1,25,74.2,184,1,2,1,0.966
1,1,63,58.7,94,1,2,0,0.7678
1,0,63,69.8,288,1,1,1,0.6829
0,0,46,56.7,171,1,3,0,0.2532
1,0,24,72.5,308,0,2,0,0.4962
1,1,23,84.6,147,0,3,0,0.7065
0,0,23,47.0,318,0,2,0,0.0778
1,0,29,87.1,178,0,3,0,0.4392
0,0,39,46.1,141,1,2,0,0.3227
0,1,64,73.5,290,1,3,0,0.5752
0,0,43,76.5,109,0,2,1,0.2628
0,1,42,86.9,300,0,1,0,0.2333
0,1,36,86.9,160,1,2,0,0.4829
1,1,53,68.0,60,0,3,0,0.6645
0,1,52,48.7,348,0,2,1,0.4426
1,1,30,83.1,71,1,1,1,0.9414
1,0,42,73.1,114,0,1,1,0.493
0,0,65,63.3,205,1,2,1,0.4057
0,1,62,57.9,333,0,3,0,0.3299
1,1,49,51.6,305,1,3,0,0.8198
0,0,47,61.2,41,1,3,1,0.3633
1,1,38,70.2,19,1,3,1,0.9292
0,0,59,71.3,91,0,1,1,0.1738
0,0,62,77.1,67,0,1,1,0.0372
0,1,57,64.9,134,0,2,1,0.4138
1,0,61,95.6,65,0,3,0,0.488
0,0,25,72.3,328,1,2,1,0.3888
0,0,58,68.3,150,0,1,0,0.1491
1,1,59,47.6,35,1,2,0,0.8341
1,0,24,77.9,139,0,2,0,0.4477
1,0,20,78.2,222,1,3,1,0.7723
0,0,54,77.1,204,1,1,1,0.2699
1,1,20,93.8,294,1,1,0,0.7911
1,1,35,87.0,348,0,2,1,0.7248
1,1,59,92.7,69,0,1,1,0.7258
0,1,26,48.3,158,1,3,1,0.5953
0,0,41,62.5,183,0,2,1,0.2068
0,0,24,62.5,17,1,1,1,0.2546
1,0,50,81.1,58,0,3,1,0.6262
0,0,42,69.7,322,0,1,0,0.1132
0,1,59,87.8,223,0,3,1,0.4293
1,1,51,66.1,108,0,2,1,0.7073
0,1,55,57.2,130,1,3,0,0.5595
0,0,38,61.0,29,0,1,0,0.0114
1,1,55,55.0,191,0,2,0,0.6166
1,1,57,55.9,197,0,1,1,0.6989
1,0,35,56.9,241,1,2,1,0.8228
1,0,56,45.9,90,1,1,1,0.6643
1,0,50,84.4,1,1,2,1,0.7508
1,1,45,67.0,275,1,2,0,0.8159
1,0,42,46.2,96,1,3,1,0.6576
1,1,31,65.4,284,1,2,0,0.8753
0,1,37,94.8,264,0,2,1,0.3595
0,0,56,73.1,3,1,3,0,0.2856
0,1,37,99.3,237,1,2,1,0.6412
0,1,24,74.7,39,0,1,1,0.2932
0,0,21,98.0,328,0,3,1,0.2242
1,1,48,56.1,281,0,3,1,0.8206
1,1,47,60.9,240,0,2,1,0.7267
1,1,54,83.5,102,1,3,1,0.9683
0,0,38,99.3,296,1,1,0,0.2666
0,1,18,90.4,297,1,2,0,0.5002
1,0,20,75.5,60,1,2,0,0.6145
1,0,30,49.7,61,0,2,0,0.4474
0,1,24,65.0,225,1,1,1,0.4687
0,0,23,49.8,254,1,1,0,0.2548
1,1,23,62.1,252,0,1,1,0.6785
0,0,51,59.2,276,0,3,1,0.2718
0,0,49,66.4,158,0,3,0,0.1812
1,1,33,91.1,238,1,2,1,0.9483
1,0,55,53.3,42,1,2,0,0.6141
0,1,25,61.8,362,0,2,0,0.3412
1,1,38,59.4,313,0,3,1,0.7992
1,1,28,61.3,151,1,1,0,0.7961
0,1,40,64.8,300,1,1,0,0.4865
0,1,23,58.4,79,0,2,1,0.3607
1,0,63,96.8,136,1,1,0,0.6379
0,1,32,68.1,212,1,3,1,0.7166
1,1,28,51.3,164,1,1,1,0.8971
1,1,44,70.7,164,0,2,0,0.6605
0,1,32,55.1,196,0,2,1,0.295
1,0,62,56.9,301,0,1,1,0.4375
0,0,55,60.7,261,0,2,0,0.1134
0,0,21,51.9,47,0,2,1,0.1546
0,0,31,84.7,126,1,3,0,0.2812
0,1,62,88.6,135,0,3,1,0.4409
1,1,27,66.7,31,1,1,0,0.773
1,1,46,82.9,100,1,2,0,0.8526
1,1,29,66.4,76,0,1,1,0.7
0,1,57,54.0,194,0,3,1,0.464
1,1,37,66.8,200,0,3,0,0.6708
1,1,54,75.6,67,0,3,0,0.6582
0,1,19,47.3,27,0,1,0,0.2226
0,1,37,81.0,56,1,3,0,0.4843
1,1,29,85.8,202,0,2,1,0.7665
1,0,55,92.3,54,1,3,1,0.7106
0,0,47,50.7,82,0,1,0,0.0972
0,1,64,45.0,105,0,3,1,0.3654
0,1,35,49.0,250,1,1,1,0.5511
1,0,27,95.8,341,0,2,0,0.4427
1,1,24,87.1,331,0,3,0,0.7239
0,1,59,90.9,359,1,1,0,0.5437
0,1,22,73.4,132,0,2,1,0.4003
1,1,65,74.0,356,0,2,1,0.8429
0,1,46,61.4,191,0,3,1,0.3915
0,0,52,91.4,31,0,2,0,0.0575
0,1,56,90.6,97,0,2,1,0.3106
1,0,29,66.6,267,1,1,1,0.6643
1,1,27,63.1,106,1,1,0,0.8444
0,1,54,85.6,65,0,1,0,0.2321
1,1,19,46.4,51,1,3,1,0.9332
0,0,20,92.3,198,1,2,1,0.3493
1,0,31,69.5,287,0,3,1,0.6234
1,1,64,69.3,231,0,3,1,0.761
0,0,37,81.8,162,1,1,0,0.1978
0,0,62,80.5,240,1,2,1,0.4008
1,0,21,59.6,21,1,3,0,0.6783
1,1,43,96.9,216,0,3,0,0.6714
0,0,64,99.2,174,1,3,0,0.2975
0,0,32,73.9,278,1,3,1,0.441
0,0,26,75.9,171,1,1,0,0.1885
0,1,20,75.5,8,0,3,1,0.4336
0,0,19,71.7,361,1,1,1,0.4015
1,0,56,97.0,58,0,2,1,0.5753
0,1,58,58.5,116,0,3,1,0.374
0,1,47,50.9,100,0,1,1,0.2683
0,1,54,96.1,244,1,1,0,0.3923
1,0,34,56.7,285,0,3,1,0.5391
1,1,20,86.2,339,0,1,1,0.6697
1,1,26,56.2,299,1,3,1,1.0
0,0,25,97.8,176,0,1,1,0.133
0,1,26,88.5,15,0,1,0,0.2231
1,0,34,95.5,120,0,2,1,0.5029
1,1,41,97.3,213,0,3,0,0.6706
0,1,25,49.6,229,0,2,1,0.4312
1,0,31,68.8,329,0,1,0,0.5057
1,0,33,80.6,83,1,3,0,0.706
0,0,35,89.1,180,1,2,0,0.2928
1,0,41,58.3,232,0,3,1,0.5669
0,1,56,95.3,322,0,3,0,0.4045
1,1,64,57.2,41,1,2,1,0.8752
1,0,44,92.6,72,1,2,0,0.6257
0,1,45,73.2,254,0,2,1,0.3432
1,0,24,73.3,347,0,1,0,0.4893
0,1,51,65.6,352,0,2,1,0.4843
1,0,44,50.7,187,1,2,0,0.5775
1,0,51,64.1,289,1,1,0,0.5545
0,0,56,68.5,239,1,2,0,0.2741
0,0,36,71.3,317,0,3,1,0.2713
1,1,23,85.7,95,1,3,0,0.8227
0,0,47,64.4,75,0,3,0,0.0726
0,0,45,67.4,1,0,1,1,0.1645
0,1,29,94.8,177,0,2,1,0.4033
0,1,32,86.4,111,1,3,1,0.6103
1,0,62,46.3,203,1,1,0,0.6134
1,1,56,89.7,237,0,1,0,0.6286
0,1,56,99.4,25,0,1,1,0.377
1,0,32,96.7,340,0,1,0,0.4716
1,0,53,91.0,107,1,1,1,0.6712
1,0,20,79.6,164,1,3,0,0.6663
1,1,18,60.3,54,0,1,1,0.66
1,1,24,81.0,355,0,2,1,0.7856
1,1,26,83.3,273,1,3,0,0.8369
0,0,18,60.5,279,0,1,1,0.1142
1,0,22,59.0,29,0,3,1,0.53
1,1,64,66.8,16,1,3,1,0.8466
0,0,53,80.3,297,1,2,1,0.2236
0,1,27,61.1,80,1,1,1,0.5623
1,1,19,75.6,363,0,2,1,0.7887
1,0,40,94.5,26,0,1,0,0.3364
1,0,56,61.2,182,1,1,0,0.5987
1,1,46,98.1,3,1,3,0,0.9229
0,0,36,71.0,162,0,1,0,0.0455
0,0,55,50.5,331,1,3,0,0.4059
0,0,64,48.0,71,1,2,1,0.3398
0,0,37,63.6,75,1,1,1,0.3494
0,0,29,59.2,239,0,1,1,0.1871
0,0,28,91.4,289,1,2,1,0.3785
1,1,52,85.6,291,0,2,1,0.7382
1,0,24,93.7,259,1,3,0,0.6742
1,1,40,77.4,10,0,2,0,0.5745
0,1,34,69.0,58,0,1,0,0.2486
1,1,65,59.9,258,1,3,1,1.0
0,0,19,77.1,201,0,2,1,0.2499
0,1,22,79.0,267,0,1,1,0.4649
1,0,38,66.6,112,1,1,0,0.5747
1,1,30,96.5,72,0,1,0,0.5646
1,1,28,80.2,235,1,2,0,0.8771
1,1,41,91.1,5,1,3,0,0.9176
0,0,50,79.1,88,0,2,0,0.1308
1,1,44,62.4,113,0,3,0,0.6966
0,1,52,85.5,364,0,2,0,0.2746
0,0,35,57.7,334,0,1,1,0.1409
1,1,38,77.8,320,1,2,0,0.885
0,1,21,67.1,310,1,3,0,0.5623
1,1,58,53.2,167,1,2,0,0.8313
0,1,49,67.7,337,0,3,1,0.4684
0,1,60,62.1,51,1,2,1,0.5774
0,1,28,51.2,299,1,3,1,0.6786
1,0,20,90.3,350,1,1,0,0.6024
1,1,38,72.4,61,0,1,0,0.5202
1,0,60,64.0,83,0,3,1,0.4971
1,0,31,72.8,235,0,1,0,0.3792
0,0,23,86.5,352,0,3,0,0.1191
1,0,46,46.0,329,1,3,1,0.7933
0,1,48,75.1,156,0,1,0,0.2119
1,1,64,71.4,146,1,2,1,0.8813
0,0,45,94.1,122,0,3,0,0.0399
0,0,60,75.6,286,1,2,0,0.3149
0,1,53,52.6,181,0,2,0,0.2902
0,1,45,66.4,98,1,1,0,0.4562
0,1,36,79.2,189,1,3,0,0.5021
0,0,20,47.5,305,0,2,1,0.2977
1,0,29,93.7,250,0,2,1,0.4919
0,0,53,48.7,314,0,1,0,0.0792
1,1,41,46.7,197,0,1,0,0.4998
1,0,29,45.1,246,0,2,1,0.5704
1,0,41,82.6,264,0,2,0,0.4142
0,1,18,70.1,56,0,1,0,0.1739
0,1,45,50.7,282,0,1,1,0.3943
0,1,33,92.1,57,1,1,0,0.3802
0,1,38,56.1,336,1,3,0,0.5041
0,1,47,62.9,323,0,1,1,0.4261
1,0,51,54.8,185,1,1,0,0.6162
0,0,43,96.0,279,1,1,0,0.2521
1,1,52,86.7,335,0,3,0,0.7027
0,0,48,84.8,61,0,3,1,0.1877
0,1,33,47.4,80,1,1,1,0.5762
1,0,59,73.7,245,0,1,0,0.4086
1,1,46,76.6,248,1,3,1,0.9363
0,1,46,66.0,356,0,3,0,0.2741
0,0,26,62.7,2,1,2,1,0.4229
1,1,31,91.9,235,0,3,0,0.6114
0,1,25,46.3,50,1,3,0,0.544
0,1,19,79.4,104,0,1,1,0.3038
0,0,28,66.7,98,1,1,0,0.2135
0,0,19,81.6,322,1,1,0,0.3393
0,1,64,55.9,79,0,3,0,0.2767
0,0,35,58.1,300,1,2,1,0.3938
1,0,22,77.3,170,1,1,1,0.7644
0,1,24,98.9,154,0,2,0,0.3179
1,0,40,98.6,29,1,2,1,0.7535
0,1,36,58.7,98,1,3,0,0.472
1,1,36,50.6,145,1,3,0,0.8258
0,1,65,77.5,234,0,1,0,0.2929
1,1,36,68.1,351,1,3,0,0.898
1,0,62,86.9,98,0,2,0,0.4275
0,1,57,74.0,189,1,3,0,0.4642
1,0,45,73.1,276,0,3,1,0.5527
1,0,28,80.6,256,1,2,1,0.666
0,0,28,52.0,202,0,3,0,0.1338
0,1,26,82.2,24,1,3,1,0.6244
1,1,31,71.9,174,1,1,1,0.9531
0,1,51,90.1,200,0,2,0,0.2217
1,1,46,52.6,294,1,3,0,0.9239
0,1,38,61.5,282,1,2,0,0.5017
1,1,65,97.3,92,1,3,0,0.9144
1,1,22,75.4,49,0,1,0,0.4999
1,0,50,96.1,218,0,3,0,0.5583
1,0,26,82.9,155,1,3,1,0.7605
0,1,20,96.0,56,0,2,1,0.384
1,1,31,62.5,230,1,3,1,0.9397
0,0,35,50.0,337,0,2,1,0.1633
0,1,29,89.1,206,0,1,0,0.2865
1,0,40,89.2,271,0,2,0,0.4368
1,0,31,79.0,214,1,3,1,0.8601
1,1,33,76.9,183,1,2,0,0.827
1,1,54,95.3,290,0,1,0,0.6646
0,0,37,54.7,301,0,3,0,0.1301
1,0,37,78.9,66,0,1,0,0.2499
1,1,32,47.7,246,0,1,0,0.5957
0,0,58,52.7,15,1,3,0,0.3391
0,1,42,69.0,334,0,3,1,0.453
1,1,34,90.2,210,0,2,1,0.7199
1,1,29,85.3,73,0,3,1,0.771
1,1,62,98.6,304,0,2,0,0.7217
1,0,59,47.5,17,1,1,1,0.7386
1,1,56,66.0,21,1,2,0,0.7466
1,1,24,53.7,105,1,3,1,0.9656
1,0,25,47.0,118,1,2,1,0.7411
1,0,41,59.5,15,0,3,1,0.4971
1,0,64,58.4,183,1,1,1,0.6688
1,1,42,68.1,2,1,2,1,0.8687
0,0,38,52.7,122,0,2,1,0.1386
0,0,50,71.9,242,1,2,1,0.3231
1,1,27,95.6,290,1,2,0,0.8467
1,0,39,86.2,104,1,1,0,0.6323
1,0,36,91.3,102,1,3,0,0.6325
1,0,46,89.3,207,1,2,0,0.7267
1,0,20,66.4,148,1,1,0,0.6677
0,1,56,84.0,192,0,3,1,0.4106
1,1,21,86.5,312,0,1,1,0.7131
0,1,54,56.3,221,0,2,0,0.3601
1,0,48,92.3,46,0,2,1,0.4875
1,0,23,70.2,303,1,1,0,0.6368
1,0,45,45.9,166,1,2,0,0.686
1,1,27,80.4,86,1,2,0,0.8029
1,0,29,82.2,225,1,1,1,0.71
1,1,63,75.3,119,1,3,0,0.8033
1,1,19,56.7,247,0,1,1,0.6597
1,0,20,71.5,352,0,1,0,0.5072
0,0,18,67.0,143,0,2,0,0.1053
1,0,52,98.6,232,1,3,1,0.8166
1,1,41,90.4,349,0,2,1,0.7843
1,0,64,86.9,2,1,1,1,0.6897
1,0,65,55.0,236,0,3,0,0.4561
1,0,51,63.2,316,0,3,0,0.5809
0,0,37,65.9,257,1,2,1,0.3376
1,0,33,72.1,25,0,3,1,0.4937
0,1,47,46.7,17,1,1,1,0.504
0,0,64,77.6,321,0,3,0,0.1636
1,1,56,64.7,295,1,1,1,0.9321
0,1,42,75.9,130,0,1,1,0.3103
1,0,22,45.5,16,1,1,0,0.5684
0,1,46,62.7,257,0,2,1,0.3793
1,1,54,87.3,69,1,2,0,0.8377
0,0,45,72.6,184,0,2,1,0.1684
1,1,58,88.4,48,1,3,0,0.9398
0,1,40,83.4,312,1,3,0,0.5281
0,1,49,92.0,311,0,3,0,0.3283
1,1,63,45.4,75,1,2,0,0.8621
0,0,35,59.4,276,1,1,0,0.2978
0,1,58,75.2,15,1,1,1,0.5922
0,0,52,96.8,5,1,2,1,0.4151
0,1,60,82.4,33,1,1,1,0.5261
1,1,41,70.1,58,0,1,0,0.6485
0,0,64,52.2,66,0,2,1,0.1554
1,1,45,72.1,254,0,1,1,0.6631
1,1,53,69.3,296,1,2,0,0.8552
0,0,38,87.8,156,1,3,1,0.4404
0,0,22,67.7,31,1,1,1,0.3483
1,0,43,62.5,9,1,2,0,0.6404
1,0,40,49.9,191,1,3,1,0.7367
1,0,61,47.6,218,0,1,0,0.4435
0,0,50,69.2,348,1,3,0,0.4167
0,0,43,64.1,76,0,1,0,0.0048
0,0,39,75.5,19,0,3,0,0.1473
1,1,37,84.2,155,1,3,0,0.8904
0,0,19,47.2,26,1,1,1,0.3707
1,1,58,72.3,152,0,2,0,0.598
1,1,35,92.4,284,0,3,1,0.7958
1,1,22,70.0,115,1,2,0,0.8343
1,0,49,73.7,249,1,3,1,0.7827
1,0,63,71.8,44,0,3,0,0.4677
0,1,28,66.4,285,0,1,0,0.2991
1,0,38,51.1,293,0,3,0,0.5606
0,0,39,51.9,287,0,3,0,0.1903
1,0,20,54.8,305,0,2,0,0.5044
0,0,26,88.6,70,1,2,0,0.3429
0,1,19,60.1,162,1,2,1,0.5989
1,0,63,97.1,75,1,1,0,0.5496
0,1,45,89.6,342,0,2,0,0.3228
0,0,51,82.6,4,1,1,1,0.3561
1,1,27,84.6,106,1,1,0,0.8393
1,1,36,47.6,118,1,2,1,0.96
1,0,46,76.3,286,0,3,0,0.4803
0,0,19,96.8,96,1,3,0,0.3733
0,1,65,47.2,180,1,2,0,0.5065
0,1,23,61.0,0,0,3,1,0.3896
1,0,61,47.8,85,1,1,1,0.6082
0,0,24,76.3,64,0,2,0,0.0985
1,0,53,51.4,102,0,1,0,0.3392
1,0,25,71.4,23,0,2,0,0.3697
0,1,36,84.6,150,0,3,0,0.3433
0,0,27,54.0,302,0,3,1,0.2652
1,0,50,86.5,252,1,1,0,0.5619
1,0,54,48.3,6,1,3,0,0.6311
0,1,55,53.2,3,1,3,0,0.4971
1,0,44,60.4,250,1,1,1,0.7585
1,1,46,88.8,181,0,1,1,0.6792
0,0,36,91.8,103,1,1,1,0.3862
1,1,35,57.1,51,1,2,0,0.7811
0,1,40,50.3,81,0,1,0,0.1812
0,0,18,91.6,335,0,2,1,0.2669
0,1,60,80.7,47,0,2,0,0.3451
1,1,20,53.7,350,1,2,1,1.0
0,0,27,75.7,216,0,1,1,0.1982
0,1,24,93.0,321,0,2,1,0.4159
0,0,43,48.8,365,0,3,0,0.1782
0,0,33,49.6,181,0,1,1,0.1843
0,0,56,60.0,242,1,1,0,0.3557
0,1,62,80.9,219,1,2,0,0.4607
1,1,49,54.8,207,0,1,0,0.5829
1,1,29,89.9,126,1,2,1,0.8892
1,1,61,86.3,181,1,1,0,0.8758
1,0,25,75.9,355,0,2,0,0.4658
0,1,25,51.4,295,0,1,1,0.3382
1,0,62,99.4,34,1,1,0,0.4916
1,1,28,72.0,279,0,2,1,0.7139
1,1,50,69.9,162,1,3,1,0.9843
0,1,42,99.8,349,0,1,0,0.1942
0,0,34,92.5,202,1,3,0,0.2825
0,0,48,70.1,364,1,3,0,0.3517
1,0,36,68.0,161,1,1,0,0.5949
0,0,62,50.3,229,1,1,1,0.3056
0,1,32,96.0,358,0,2,1,0.3756
0,1,61,91.4,348,0,2,1,0.4019
1,1,52,62.1,3,1,3,1,0.9684
0,1,56,86.4,360,0,2,0,0.3445
1,0,19,87.0,77,0,2,1,0.5212
1,0,51,57.5,151,1,2,1,0.8018
0,0,42,78.8,357,1,2,0,0.2912
0,1,55,59.0,115,1,1,0,0.3961
0,1,21,88.4,353,1,2,1,0.5247
0,1,33,53.5,35,1,3,1,0.6366
1,1,49,81.8,334,1,1,1,0.9247
1,1,32,62.9,290,1,1,1,0.8498
1,1,59,47.0,284,0,3,0,0.7019
1,1,31,51.8,35,0,1,0,0.6322
0,0,58,81.0,323,1,1,1,0.3902
1,0,32,58.2,54,0,3,1,0.5254
1,1,24,79.7,48,1,2,0,0.7669
0,1,24,67.8,312,1,1,0,0.4883
1,1,25,83.1,354,0,2,0,0.6669
0,1,36,72.1,342,1,3,0,0.6675
0,0,35,62.0,54,0,1,1,0.0912
0,0,34,53.0,311,1,2,1,0.4286
1,1,35,63.8,329,1,3,1,0.9677
0,0,36,79.9,259,0,1,1,0.1349
0,0,57,85.7,364,1,1,0,0.228
0,1,30,53.8,129,1,2,1,0.6355
1,0,28,81.5,87,1,1,0,0.6457
1,1,24,54.9,319,1,2,1,1.0
0,1,44,57.2,339,0,2,0,0.2907
1,1,54,74.2,269,0,1,1,0.7449
1,1,22,60.9,359,0,3,1,0.8621
1,0,25,81.4,360,0,1,1,0.4182
1,1,27,97.6,125,0,3,0,0.6925
1,1,54,53.2,326,0,2,1,0.8066
0,0,43,76.4,184,1,2,1,0.4256
1,1,32,95.8,364,0,1,1,0.692
1,0,33,54.7,29,0,1,0,0.344
1,0,46,65.2,207,1,1,0,0.627
1,1,45,51.8,7,0,2,1,0.7198
0,1,27,80.3,141,1,1,0,0.4958
0,0,57,81.8,303,1,3,1,0.4842
1,0,21,81.5,211,0,3,0,0.4531
0,1,63,74.8,283,1,2,0,0.4276
1,1,57,86.0,131,1,2,0,0.77
1,1,31,47.0,355,0,1,1,0.6805
0,1,61,97.7,322,1,1,1,0.5531
0,1,50,57.2,101,0,3,1,0.4279
1,1,35,51.7,282,1,3,1,0.9732
1,1,29,96.8,74,1,2,1,0.8681
0,1,27,90.7,99,1,1,0,0.4764
1,0,38,87.1,231,0,1,0,0.4006
1,0,50,50.8,290,1,1,0,0.5912
0,0,31,89.4,235,0,1,1,0.1275
0,0,26,78.5,268,0,3,1,0.2511
0,1,43,85.3,54,0,1,1,0.3278
1,1,32,98.8,253,1,3,1,0.9563
1,1,38,55.7,214,1,2,0,0.7888
0,0,39,72.7,298,1,1,1,0.3457
0,0,63,86.4,328,0,3,0,0.1564
1,1,58,68.9,323,0,3,1,0.8231
1,0,60,48.0,298,0,3,1,0.6352
1,1,22,51.1,295,0,1,0,0.5906
0,1,61,78.1,158,1,3,1,0.5485
0,0,33,60.7,258,0,3,0,0.1624
1,0,52,52.6,227,0,2,0,0.455
1,1,22,63.7,144,1,1,0,0.7353
1,0,43,56.1,79,1,3,0,0.6963
1,1,43,46.3,38,0,3,0,0.5139
0,1,22,53.3,193,1,1,0,0.4107
0,1,53,93.6,196,0,1,1,0.4413
0,1,41,45.7,96,1,3,1,0.7519
0,0,32,87.6,245,1,1,1,0.4123
0,1,47,86.4,332,1,1,1,0.5622
1,0,22,76.0,75,0,1,1,0.5115
0,1,57,56.5,252,1,1,0,0.3663
0,0,65,93.3,277,0,1,1,0.1492
0,1,39,71.1,7,0,3,1,0.3201
1,1,50,54.5,363,1,3,1,1.0
1,0,22,68.6,198,0,2,1,0.5829
0,1,49,55.7,251,0,2,1,0.432
0,1,65,65.7,17,1,1,0,0.4757
0,1,40,72.3,241,1,1,1,0.539
0,1,27,64.8,252,0,3,0,0.3326
1,0,53,81.1,3,0,2,0,0.3832
0,0,34,96.5,236,0,1,1,0.1675
0,1,44,64.1,178,0,1,1,0.3529
0,1,62,64.6,11,1,2,1,0.5866
0,1,25,85.6,292,0,2,1,0.3519
1,0,57,74.2,257,1,1,1,0.7191
0,1,61,68.6,258,0,2,0,0.3019
0,0,23,89.8,84,0,2,0,0.0874
0,0,24,94.0,294,1,2,0,0.2605
0,0,43,77.5,332,1,3,1,0.415
0,0,34,55.2,111,1,1,1,0.3071
1,1,54,70.6,205,0,2,1,0.8422
1,1,40,72.7,221,1,2,1,1.0
0,0,44,68.8,17,0,1,1,0.1323
1,0,57,59.4,12,0,3,1,0.5739
0,1,36,71.0,269,1,1,1,0.647
0,1,44,69.6,40,0,2,0,0.3523
0,1,42,56.5,39,0,2,0,0.2919
0,1,57,94.7,88,0,1,1,0.304
0,0,42,93.7,100,1,3,0,0.3741
0,1,38,86.8,218,0,1,0,0.2749
1,0,42,67.1,214,0,1,0,0.3957
0,1,24,65.4,303,0,1,1,0.4087
1,0,52,84.4,9,0,3,1,0.519
1,1,23,78.4,216,1,1,0,0.7362
1,1,57,78.0,120,1,1,0,0.8636
0,1,32,51.8,309,0,1,0,0.2981
0,1,41,79.0,162,0,2,0,0.3302
0,0,21,94.6,151,0,3,0,0.0284
0,1,24,49.7,304,0,2,0,0.3292
0,1,47,63.7,83,1,2,1,0.5926
1,0,34,73.0,201,1,1,0,0.5936
1,0,55,82.7,49,1,2,0,0.6066
0,0,47,49.9,148,1,1,1,0.3283
1,0,62,93.0,219,1,1,1,0.7921
1,1,56,47.2,154,1,1,0,0.8464
0,1,26,92.2,96,0,2,0,0.2667
0,1,36,46.5,323,0,3,0,0.3121
0,1,30,53.4,98,0,1,0,0.2457
1,0,64,89.0,339,1,3,0,0.696
1,1,54,92.3,185,0,3,0,0.6232
1,0,36,99.0,133,0,2,0,0.4902
1,1,23,51.4,315,0,1,1,0.7136
1,0,29,74.0,336,1,2,0,0.6663
1,0,32,49.2,146,1,3,1,0.8105
1,0,64,53.6,112,0,3,0,0.5442
0,0,20,54.6,16,0,3,0,0.1078
1,0,21,48.5,365,1,1,0,0.5621
0,0,54,94.1,33,1,1,1,0.3675
0,0,55,51.9,61,0,2,1,0.1831
1,0,23,79.6,195,1,3,1,0.7501
1,1,45,79.4,86,1,1,1,0.9143
0,0,25,55.9,122,0,3,0,0.0844
1,1,48,99.9,253,0,1,0,0.5411
0,0,38,64.1,126,0,2,1,0.1905
1,1,62,94.8,337,1,3,0,0.849
1,1,46,97.2,161,0,1,0,0.5916
0,0,32,97.2,315,0,2,1,0.2389
0,1,41,86.4,171,1,2,1,0.4848
0,1,38,59.0,300,1,1,0,0.4558
0,1,40,51.6,330,0,2,0,0.2642
1,0,48,76.3,358,0,1,1,0.4575
0,0,51,64.8,251,0,3,0,0.1361
0,0,45,90.7,8,1,2,0,0.2424
0,0,49,86.0,250,1,3,1,0.4649
1,1,39,60.2,238,0,1,0,0.6363
1,1,20,45.9,34,0,3,1,0.7823
0,1,26,58.1,265,1,2,0,0.4065
1,1,23,76.2,103,1,2,0,0.8373
0,0,18,49.3,156,0,2,0,0.0966
1,0,39,81.2,173,1,2,0,0.5779
0,0,21,81.9,197,1,1,0,0.2536
0,0,62,54.3,210,0,3,0,0.1404
1,1,25,77.8,217,1,1,0,0.8144
0,1,54,78.4,200,1,2,0,0.5246
0,1,59,71.3,232,1,3,0,0.5544
0,0,36,97.4,115,1,2,0,0.314
1,1,61,50.9,300,0,3,0,0.624
1,1,18,67.4,76,1,3,1,0.9239
0,1,58,93.6,217,1,2,1,0.5757
0,1,41,66.2,52,0,1,0,0.2317
0,1,65,68.4,83,1,2,1,0.4963
1,1,34,81.8,257,0,3,0,0.6756
0,0,49,81.6,131,1,1,0,0.2876
0,1,31,46.3,198,1,1,0,0.3917
0,0,34,70.1,274,1,1,0,0.1943
1,0,49,63.3,354,0,1,1,0.5925
0,0,50,79.5,82,1,3,0,0.3301
1,1,47,75.6,248,0,3,1,0.8803
0,1,64,80.8,68,0,2,0,0.2824
0,0,51,81.0,141,1,3,0,0.3131
0,1,45,59.0,139,1,2,0,0.4478
1,1,41,58.6,339,0,3,0,0.8133
0,1,31,65.4,273,0,2,0,0.3634
0,0,51,58.3,256,0,1,1,0.1918
0,1,64,82.6,362,0,1,1,0.397
1,1,18,78.2,3,0,3,1,0.6923
0,0,39,56.9,267,0,1,1,0.1699
0,0,50,93.6,356,0,2,1,0.1598
0,1,61,70.3,334,0,2,1,0.3968
1,1,64,52.0,307,0,1,0,0.6305
1,0,35,56.7,354,1,1,1,0.7407
1,0,64,74.7,89,0,1,0,0.3442
1,0,56,63.6,14,0,3,1,0.5775
1,1,29,91.8,135,0,2,1,0.7302
0,1,27,72.2,219,0,3,0,0.3676
1,1,19,95.3,285,1,3,1,1.0
1,1,19,50.6,181,0,2,0,0.7025
1,1,23,81.8,126,1,2,0,0.7942
1,1,37,93.7,125,1,2,0,0.9324
1,0,55,61.1,194,1,3,1,0.7205
1,1,45,52.5,197,1,2,1,0.9262
0,1,59,70.1,350,0,1,0,0.2903
0,0,20,97.9,217,1,2,0,0.3243
1,0,65,79.8,7,0,3,1,0.5357
1,0,54,80.4,230,0,1,0,0.4113
1,0,54,81.9,190,0,1,0,0.5087
1,0,59,47.2,92,1,3,1,0.7299
0,0,42,69.5,144,1,3,1,0.3688
1,0,40,49.3,15,0,2,1,0.4542
0,0,30,62.4,112,1,1,0,0.218
0,0,41,90.2,300,1,2,1,0.2409
0,1,20,81.1,195,1,1,0,0.46
0,1,55,99.8,305,0,3,1,0.5268
1,1,45,54.5,204,1,1,0,0.8083
0,0,43,66.8,315,0,1,1,0.2372
1,1,37,89.5,67,1,1,0,0.7732
1,0,44,56.9,126,1,2,1,0.8216
0,0,18,53.5,159,1,1,0,0.2755
0,0,27,68.5,335,0,2,0,0.1109
0,0,27,66.1,344,1,1,1,0.3314
1,1,18,98.9,341,0,2,1,0.7725
0,1,49,70.1,151,0,2,0,0.3762
1,0,49,92.4,283,1,1,1,0.6261
1,1,60,93.8,150,1,3,0,0.8652
1,1,44,53.7,62,0,3,0,0.6401
1,0,30,84.3,183,0,1,0,0.3393
0,1,34,60.3,212,1,1,0,0.4252
0,1,45,50.2,72,1,3,1,0.6507
0,1,42,93.1,321,1,2,0,0.4837
0,0,53,61.1,283,0,3,1,0.2946
0,1,64,64.0,153,1,3,0,0.505
0,1,19,62.8,187,1,3,0,0.5217
1,0,49,56.0,59,0,2,0,0.469
0,1,49,68.9,255,0,3,1,0.4286
1,1,23,68.6,182,1,1,1,0.9224
1,0,48,67.5,24,0,1,0,0.3621
1,0,26,95.4,24,0,2,0,0.4049
1,1,60,63.7,313,1,1,0,0.8658
0,0,33,46.7,37,1,2,0,0.2348
0,1,42,54.8,301,0,3,0,0.2871
1,0,57,84.7,99,0,3,1,0.5487
1,0,45,77.5,146,1,1,0,0.6021
0,0,34,97.3,279,1,1,1,0.3225
1,1,48,83.2,54,0,3,1,0.8289
0,1,40,55.7,71,0,3,0,0.3193
1,0,48,51.6,242,1,1,1,0.6759
1,0,43,73.6,126,1,2,0,0.6601
0,1,21,81.6,320,0,2,0,0.3581
0,0,56,54.1,253,0,2,1,0.1466
0,0,60,78.1,67,1,1,1,0.367
0,0,60,92.6,152,1,2,0,0.2617
0,1,60,85.0,148,1,2,0,0.5109
0,1,32,81.5,225,1,3,0,0.6344
0,0,54,88.4,325,0,3,1,0.2067
1,0,55,50.7,179,0,3,1,0.5881
0,1,40,56.2,309,1,3,0,0.4419
1,1,22,47.1,2,1,3,1,1.0
0,0,58,53.0,288,0,1,1,0.0672
0,0,60,95.2,200,1,2,0,0.3025
1,0,42,57.2,6,0,2,0,0.4685
1,1,47,81.4,360,1,1,0,0.8284
1,0,43,83.0,154,1,2,0,0.619
1,1,20,80.5,256,0,2,0,0.6453
0,0,21,75.5,167,0,2,1,0.1741
0,0,64,71.7,162,0,3,0,0.0398
0,0,35,68.1,336,1,3,1,0.3231
0,1,54,95.4,294,1,1,0,0.5301
0,1,28,45.5,10,0,3,0,0.2609
1,0,28,47.9,356,0,2,0,0.4642
0,0,53,72.1,300,1,1,0,0.2115
0,0,33,63.2,130,0,2,0,0.0689
1,1,60,67.5,204,1,2,1,0.9849
1,0,42,99.9,315,0,1,0,0.4003
1,0,18,87.6,91,0,2,1,0.5931
0,1,43,93.3,313,1,1,0,0.4831
1,1,62,65.3,110,1,1,1,0.8999
1,0,47,58.2,289,0,2,0,0.472
1,1,23,87.2,246,1,2,1,0.9634
1,1,44,89.4,60,1,2,0,0.8542
1,1,36,75.2,109,1,2,0,0.8224
0,1,55,94.3,231,0,1,0,0.2204
0,1,62,98.2,124,0,3,1,0.481
1,1,60,70.9,202,1,2,0,0.8939
1,1,36,57.2,270,1,1,0,0.8384
1,1,56,73.4,259,0,3,0,0.733
1,0,61,99.4,22,1,1,0,0.5257
1,0,49,61.1,199,0,3,1,0.5267
1,1,65,79.0,79,0,3,0,0.6884
0,1,18,83.2,271,0,3,0,0.2717
1,0,42,56.8,343,0,2,0,0.5536
1,0,64,77.4,52,0,3,1,0.5229
1,0,30,62.3,265,1,3,0,0.6124
1,0,27,92.0,52,1,1,1,0.6535
0,0,35,84.3,271,1,2,1,0.3586
1,1,53,90.4,227,0,1,1,0.7201
0,1,39,56.0,179,0,2,0,0.306
1,0,23,46.9,312,1,2,1,0.7138
1,1,44,91.8,199,1,2,0,0.8445
1,0,25,66.3,191,0,3,0,0.436
1,0,41,54.9,22,0,2,1,0.5708
0,1,37,50.1,39,1,2,1,0.5187
1,1,39,73.4,335,1,2,1,1.0
0,1,26,53.3,229,0,2,0,0.2947
0,1,57,76.2,17,0,1,0,0.27
1,0,56,85.0,221,0,3,1,0.5208
0,1,36,74.4,163,0,2,1,0.3773
0,0,18,94.7,359,0,3,1,0.3471
1,1,28,53.6,168,1,3,0,0.8464
1,1,58,72.2,0,0,2,1,0.7354
1,0,59,54.0,336,1,2,1,0.7425
1,0,27,93.2,347,0,3,0,0.4743
1,0,18,96.3,253,0,3,1,0.645
1,1,44,67.0,198,0,1,0,0.6804
0,0,34,61.8,211,0,3,1,0.1353
1,1,61,60.4,169,0,2,0,0.6125
0,0,61,92.3,151,0,3,0,0.0691
1,0,34,82.5,64,1,2,0,0.6418
0,1,56,93.4,17,0,1,1,0.3579
0,1,60,51.5,89,0,2,1,0.3408
0,0,19,71.2,13,0,2,1,0.1408
1,0,65,82.2,18,0,3,0,0.4612
0,1,40,94.3,81,0,3,0,0.2977
1,1,58,66.0,248,0,2,1,0.7975
0,0,27,62.2,108,0,1,0,0.0115
1,0,59,95.2,6,1,2,1,0.7445
1,1,47,47.6,319,1,2,0,0.8497
0,0,52,71.4,1,1,2,0,0.3211
1,0,42,70.2,262,1,2,1,0.7698
1,1,34,53.0,27,1,1,0,0.7177
1,0,63,66.7,347,1,2,0,0.6136
0,1,36,84.7,336,1,2,0,0.4623
1,1,35,65.2,285,1,2,1,0.9437
1,0,35,62.0,253,0,3,0,0.4684
0,1,63,88.0,84,1,3,1,0.6172
0,1,52,99.4,200,1,1,1,0.6323
1,1,27,87.9,291,1,1,0,0.8529
0,0,40,91.5,277,1,2,1,0.3946
1,0,62,96.7,334,0,1,1,0.4973
0,0,39,89.1,77,1,2,1,0.427
0,1,61,98.9,209,0,1,0,0.2956
0,1,26,86.1,125,1,3,1,0.7106
0,0,49,81.4,9,1,2,0,0.308
1,0,43,83.1,239,0,2,1,0.5422
0,1,46,94.5,277,0,3,0,0.3851
1,0,59,82.6,307,0,1,0,0.5151
1,1,36,86.9,169,1,2,1,0.9135
1,0,65,56.9,168,0,3,1,0.535
0,0,46,95.2,303,0,1,1,0.122
0,0,52,69.6,324,0,1,1,0.1711
0,0,29,53.9,256,0,1,1,0.1426
0,1,25,89.0,352,0,2,0,0.3106
1,0,42,64.6,249,0,3,1,0.5729
0,1,44,55.1,183,0,2,0,0.3184
1,1,64,59.1,228,1,1,1,0.9605
0,0,60,46.9,326,0,2,1,0.2279
0,1,62,50.0,202,1,1,0,0.4715
1,1,23,77.6,171,0,1,0,0.6157
0,0,30,92.6,80,1,3,0,0.2679
0,0,28,69.7,48,0,2,0,0.1042
1,0,55,79.4,214,0,3,1,0.5896
0,0,23,89.5,176,1,2,1,0.2765
1,0,22,64.6,94,1,2,0,0.6468
1,0,24,81.0,117,1,2,0,0.6265
0,1,36,64.3,97,0,1,0,0.2741
1,1,60,80.3,73,1,3,0,0.8882
1,0,23,57.0,36,0,3,0,0.5197
0,1,42,98.8,329,0,3,1,0.4098
0,1,26,49.2,186,0,1,0,0.1819
0,1,37,72.8,265,0,2,0,0.3732
1,0,42,60.7,234,0,2,0,0.4991
1,0,25,78.0,357,0,1,1,0.4988
0,0,54,68.6,308,0,2,0,0.0858
1,0,55,61.9,330,1,2,1,0.7667
1,1,19,58.8,339,0,3,0,0.6985
0,0,39,55.0,306,0,1,0,0.0309
0,0,53,88.1,70,0,2,0,0.1139
0,0,21,57.2,148,1,1,0,0.2634
1,1,65,87.5,363,1,1,1,0.8631
1,1,18,71.7,261,1,2,0,0.8557
0,1,65,49.0,286,0,2,1,0.4371
1,0,50,54.1,139,0,1,1,0.4748
0,0,41,94.1,356,1,1,0,0.2704
0,1,22,78.2,304,0,2,0,0.3155
0,1,65,55.1,30,1,3,1,0.5087
1,1,52,83.7,264,1,2,0,0.843
1,0,59,90.3,154,0,1,0,0.421
1,0,43,63.2,115,1,1,1,0.7045
1,1,60,75.6,208,0,2,0,0.7127
1,1,58,61.1,114,1,2,1,0.9682
1,1,60,49.4,50,0,1,1,0.6696
0,0,43,67.0,71,1,1,0,0.2386
0,0,58,86.3,127,1,1,1,0.3683
0,1,22,70.2,248,0,3,0,0.2009
0,1,61,67.3,317,1,3,1,0.5641
1,0,35,65.1,313,1,1,1,0.724
0,1,42,70.2,142,1,1,0,0.5429
0,0,65,62.5,166,0,2,0,0.0791
0,0,58,78.7,69,1,1,1,0.3937
1,1,57,48.5,7,0,3,1,0.6794
0,0,55,89.4,162,1,1,0,0.2318
0,0,63,54.5,62,1,3,1,0.3714
0,0,38,79.8,286,1,2,1,0.4203
0,0,41,69.7,233,0,3,0,0.1757
1,0,45,87.5,217,1,2,0,0.6355
1,0,63,90.4,343,0,3,1,0.5779
0,1,21,56.2,252,1,3,0,0.6029
0,0,25,82.2,193,0,3,1,0.3357
1,0,50,55.4,296,1,3,1,0.769
1,0,20,51.8,256,1,3,1,0.7806
1,0,37,96.2,329,1,2,0,0.675
1,0,52,54.0,241,1,1,0,0.6362
0,1,56,57.5,288,0,2,0,0.3178
1,0,60,52.2,107,1,1,1,0.597
0,0,64,70.9,36,0,2,1,0.1928
1,1,24,95.6,312,0,3,1,0.8898
0,0,44,59.5,10,0,1,0,0.0
1,1,22,74.8,83,1,1,1,0.8147
0,1,54,67.6,217,0,2,1,0.3322
1,0,18,63.5,237,0,1,1,0.5473
1,1,39,76.5,46,0,3,1,0.6667
0,1,24,75.7,344,0,1,1,0.4377
0,0,25,64.8,131,0,2,1,0.1315
1,0,61,91.8,210,1,1,0,0.6531
0,1,47,47.9,204,1,2,0,0.4655
0,1,45,49.7,82,1,3,0,0.4747
1,0,43,99.5,76,1,2,1,0.7518
1,0,51,86.1,139,1,2,0,0.6647
1,0,49,89.2,127,0,1,1,0.4624
0,0,39,78.1,65,1,2,1,0.3886
1,0,37,68.1,241,1,2,0,0.6828
1,1,31,79.6,150,0,2,1,0.6434
0,1,40,50.1,54,1,2,1,0.5706
0,1,20,86.7,146,1,2,1,0.5823
1,1,36,74.7,66,0,2,0,0.5337
0,0,31,97.6,150,1,1,1,0.3535
0,1,57,80.1,3,1,1,1,0.5309
1,1,56,53.3,17,1,2,0,0.8603
0,1,54,71.3,11,1,2,1,0.5915
0,0,52,48.2,255,0,2,0,0.1719
0,0,18,86.0,34,1,3,1,0.4233
1,0,36,72.6,42,1,2,0,0.5736
0,0,32,65.3,77,1,1,0,0.2213
1,1,42,98.3,350,0,1,0,0.6814
1,1,18,96.7,322,1,2,1,1.0
0,1,48,97.4,319,1,1,1,0.6139
1,1,54,57.2,348,1,1,1,0.9729
1,1,60,85.1,358,1,3,1,1.0
1,1,63,97.0,51,0,2,0,0.6313
0,1,39,76.4,16,0,1,0,0.2277
1,1,37,56.8,210,0,1,0,0.6639
1,0,58,90.0,226,0,2,1,0.5638
1,1,64,93.4,32,0,1,1,0.5871
1,1,60,83.7,327,0,3,0,0.7139
1,0,22,61.1,336,1,2,0,0.7082
1,1,32,55.5,300,1,1,0,0.7811
1,1,19,79.3,76,1,2,0,0.7999
0,0,29,71.6,67,1,1,0,0.2432
0,0,24,81.8,49,0,3,0,0.1768
0,1,19,51.1,157,1,1,0,0.4389
1,0,25,52.5,197,0,3,0,0.4616
1,0,26,65.0,257,0,2,1,0.5762
0,0,44,59.2,33,1,3,0,0.3148
1,0,45,79.1,211,0,2,0,0.4122
1,1,54,65.2,271,1,1,1,0.9229
0,0,32,82.6,63,0,1,1,0.1447
1,0,36,87.3,154,0,1,1,0.5677
0,1,47,55.3,320,0,1,1,0.3298
0,0,30,95.6,268,1,2,1,0.4075
1,0,62,88.3,39,1,2,0,0.6498
0,0,23,79.5,159,1,1,0,0.3088
1,1,47,95.0,322,0,2,1,0.7308
1,0,18,59.6,13,0,2,1,0.6115
0,0,59,68.2,119,0,2,0,0.0
1,0,55,49.7,313,0,1,1,0.4522
1,0,42,70.1,347,1,3,0,0.7083
0,0,52,72.9,45,1,3,1,0.3243
1,0,43,78.9,345,1,2,0,0.6324
1,1,30,48.5,109,0,3,1,0.7898
0,0,36,46.8,218,1,3,1,0.5014
1,1,27,68.1,120,0,2,1,0.7471
1,1,62,55.4,288,0,2,1,0.7751
1,1,24,86.7,45,0,2,1,0.7565
0,1,32,81.8,337,1,1,0,0.3999
0,0,40,62.9,53,0,3,1,0.2379
0,0,53,47.5,321,0,3,1,0.2442
1,0,60,55.0,53,1,2,0,0.584
0,0,48,83.0,3,0,1,1,0.0857
0,0,25,99.5,239,0,2,1,0.1953
0,0,47,63.0,79,1,1,0,0.285
0,1,51,89.1,200,0,3,0,0.3817
1,0,50,92.7,201,0,2,1,0.5379
0,0,18,47.6,255,1,2,1,0.4539
1,1,33,95.4,198,0,3,1,0.7229
0,0,28,70.6,72,0,1,1,0.121
1,1,44,98.0,175,1,1,0,0.8929
0,0,39,74.6,218,0,3,0,0.1897
1,0,57,57.9,223,0,1,0,0.3736
0,1,36,98.6,282,0,3,1,0.4758
1,0,61,58.4,280,0,3,0,0.46
0,0,23,93.5,92,1,3,1,0.3978
1,1,65,54.5,151,1,1,0,0.8014
0,0,57,82.1,79,1,2,1,0.3108
1,0,56,67.6,207,1,3,0,0.6935
0,0,37,98.5,91,1,1,0,0.3145
1,0,20,55.2,19,0,3,0,0.4452
0,1,18,67.5,52,0,1,0,0.213
0,1,40,80.2,82,0,3,0,0.282
0,1,55,98.8,73,0,1,1,0.2344
1,1,20,61.7,129,1,3,0,0.7465
0,1,51,66.8,258,0,3,0,0.4285
0,0,34,70.4,358,1,3,0,0.3269
0,0,65,58.9,183,0,1,1,0.1124
1,1,44,90.0,65,1,2,1,0.8813
1,1,56,50.1,152,0,3,1,0.7678
0,0,40,83.8,364,1,1,0,0.2709
0,1,55,74.4,195,1,1,0,0.4795
1,1,28,58.3,14,1,1,0,0.7208
1,0,32,72.1,209,0,2,0,0.4672
1,0,43,90.6,134,0,2,1,0.5639
0,1,28,69.5,81,1,2,1,0.5633
0,1,24,51.7,70,1,3,0,0.5505
1,0,64,47.2,296,0,3,0,0.5562
0,1,65,87.8,171,1,1,0,0.4427
1,1,25,63.2,122,0,1,0,0.5971
1,0,22,96.2,288,1,3,0,0.706
1,1,34,78.9,209,0,1,0,0.6441
1,1,40,69.0,63,1,1,0,0.8303
0,1,19,76.0,62,1,2,1,0.6091
1,0,44,70.1,7,1,3,0,0.6876
0,0,38,94.8,244,1,2,0,0.3089
0,0,24,70.2,164,0,1,0,0.0954
1,1,55,50.7,92,0,3,1,0.8003
0,1,43,77.8,283,0,2,1,0.3988
0,1,47,79.3,308,0,3,0,0.4079
0,0,29,87.1,198,1,1,0,0.1886
1,1,65,96.3,123,0,1,1,0.7075
1,0,28,69.4,54,0,1,1,0.5112
1,1,34,64.4,189,0,3,1,0.7749
0,1,27,72.0,142,1,3,1,0.71
0,0,65,94.5,309,0,2,1,0.2042
1,1,33,98.9,316,0,3,1,0.8629
0,1,32,98.4,96,0,2,0,0.2537
1,0,32,57.6,309,0,2,1,0.5496
1,1,37,72.3,196,1,2,0,0.8563
1,1,21,59.3,284,0,3,0,0.6823
0,1,49,65.2,80,1,3,0,0.4521
0,1,39,46.7,108,0,3,1,0.4332
1,0,52,53.8,282,1,2,0,0.6594
1,1,31,66.8,208,1,1,1,0.8828
1,0,47,65.1,114,0,2,0,0.3224
0,1,48,60.3,240,0,2,1,0.3228
1,1,27,57.7,278,0,2,1,0.6803
1,1,23,86.2,305,1,3,1,0.9887
0,0,44,61.2,330,1,2,1,0.4673
0,1,28,83.9,203,0,2,1,0.3573
0,1,53,65.3,200,1,2,1,0.6241
1,0,27,89.1,343,0,1,0,0.3788
0,0,33,54.2,154,0,3,0,0.109
1,1,41,53.7,314,0,2,1,0.7452
1,0,38,82.4,264,0,2,0,0.4556
1,0,57,95.3,288,0,1,1,0.5126
0,1,58,52.9,69,1,3,0,0.512
1,0,53,49.1,178,1,2,1,0.7815
0,1,59,96.4,167,0,3,0,0.3487
0,0,62,51.5,5,1,2,0,0.2783
0,0,40,58.8,131,1,2,1,0.3938
1,1,38,96.1,258,1,3,1,0.9461
0,1,49,89.2,140,0,1,1,0.3292
1,1,34,63.9,281,0,2,1,0.7589
1,0,34,97.5,289,0,3,0,0.4987
0,1,38,76.2,204,1,2,1,0.535
1,1,21,49.0,180,1,2,1,0.8335
0,1,40,83.7,46,0,1,0,0.238
0,0,42,74.6,331,1,1,1,0.3295
0,1,49,76.5,135,1,3,1,0.688
0,1,23,99.7,232,0,2,1,0.4321
1,0,31,53.4,201,1,2,1,0.7735
0,1,58,81.1,31,1,3,1,0.5374
1,1,55,70.2,276,1,2,0,0.8982
1,1,59,60.0,191,0,2,1,0.7115
0,1,55,83.1,90,0,3,0,0.3506
1,0,58,81.8,344,1,1,1,0.7737
0,1,62,92.1,70,1,2,0,0.398
0,1,33,93.3,297,1,1,0,0.4242
0,1,49,75.9,34,1,1,0,0.5111
1,1,33,62.9,219,1,1,0,0.7391
0,1,36,74.1,198,1,3,1,0.654
1,0,54,64.8,105,1,3,1,0.7113
0,1,60,60.3,331,1,3,0,0.6037
1,1,38,75.3,51,0,1,0,0.5792
0,1,32,81.2,16,0,1,1,0.3319
1,0,43,77.5,341,1,1,1,0.7873
0,1,47,97.5,8,1,2,0,0.5518
1,0,57,61.4,179,1,1,1,0.7022
0,1,32,65.5,2,0,2,0,0.2933
1,1,60,81.7,277,1,1,1,0.9198
0,0,30,78.0,181,1,2,1,0.4804
1,1,44,45.1,291,1,2,0,0.9302
0,1,40,62.2,166,0,3,1,0.4283
0,0,51,59.0,250,0,3,1,0.2663
0,1,51,91.2,273,1,1,1,0.6247
1,1,40,92.6,80,1,3,0,0.8279
1,1,61,60.6,26,1,2,1,0.9122
0,0,37,50.6,117,0,3,1,0.2666
1,0,26,56.3,226,0,3,1,0.5146
0,1,37,54.7,351,1,2,1,0.6471
0,1,64,58.1,194,1,1,1,0.5875
0,0,56,57.9,140,0,1,0,0.0171
1,1,31,71.4,272,0,2,1,0.809
0,1,43,62.6,316,0,3,1,0.464
1,0,44,75.8,242,1,1,0,0.5839
1,0,51,63.9,16,0,2,0,0.3486
0,0,46,89.8,183,0,1,0,0.0354
1,1,49,97.3,47,0,2,1,0.6768
1,1,58,67.2,15,1,3,1,0.9271
1,0,62,47.7,192,1,1,0,0.5884
0,1,22,58.2,282,1,2,0,0.5649
0,1,21,50.6,13,0,1,1,0.2693
1,1,40,64.0,347,0,3,1,0.7442
1,1,38,80.5,227,1,1,1,0.8931
0,0,50,73.5,115,0,2,0,0.2117
0,1,58,58.4,305,1,3,1,0.5633
1,0,41,87.2,223,0,2,0,0.3455
0,1,33,52.2,28,1,3,0,0.5677
0,0,49,57.6,27,1,1,0,0.2115
1,0,36,82.2,45,1,3,1,0.7154
0,1,43,55.8,59,0,3,1,0.4269
1,0,20,82.3,354,1,3,0,0.7332
1,1,52,98.7,147,1,3,0,0.9116
1,1,56,90.7,51,0,2,1,0.7519
1,0,35,53.8,149,0,3,0,0.4355
0,0,24,73.6,323,0,2,0,0.1439
0,0,49,68.2,143,0,2,1,0.2064
0,0,41,99.5,148,1,1,1,0.4206
0,1,33,98.0,171,1,1,1,0.6302
1,1,41,52.0,317,1,3,0,0.8482
0,0,21,95.0,148,0,3,0,0.205
1,0,62,55.6,103,1,1,1,0.6746
1,0,49,62.6,138,0,1,1,0.4308
1,1,59,64.4,119,1,2,0,0.9162
0,0,51,60.8,36,0,3,0,0.1458
1,1,36,91.9,171,0,1,1,0.6076
1,1,31,63.1,123,0,1,1,0.6749
0,0,55,89.9,277,0,2,1,0.1689
1,1,30,99.7,211,0,2,1,0.717
0,1,39,91.2,193,1,1,0,0.5529
0,1,48,64.0,20,0,3,1,0.3921
1,0,61,84.1,240,0,2,0,0.4257
1,0,61,74.4,144,1,2,0,0.6873
0,1,47,88.3,291,0,3,1,0.4159
0,0,40,53.4,141,1,1,1,0.4721
1,1,29,80.1,164,1,1,0,0.8159
1,0,60,87.6,133,0,3,0,0.5169
1,1,31,86.9,177,1,3,0,0.9716
1,0,53,98.0,84,0,2,0,0.3877
1,0,62,48.2,204,0,1,1,0.5502
1,1,25,64.0,37,0,1,1,0.6612
1,0,41,71.2,334,1,1,0,0.6394
1,1,20,62.0,165,0,3,0,0.5781
1,0,31,62.0,23,1,3,1,0.7265
1,0,28,54.7,17,0,1,0,0.4539
0,0,62,89.7,348,0,3,0,0.1887
0,0,55,94.9,159,0,3,0,0.1068
0,1,45,49.5,326,0,3,0,0.3502
0,1,40,53.5,221,1,1,0,0.5012
1,1,35,57.6,101,0,1,0,0.6361
0,1,37,73.0,345,0,1,1,0.4017
1,0,50,88.5,327,0,2,0,0.5121
1,0,19,48.9,88,0,1,0,0.3868
1,1,56,80.0,157,0,2,0,0.565
1,1,54,53.2,87,0,3,0,0.6136
1,1,43,98.4,132,1,3,0,0.8458
0,1,19,94.4,259,1,3,1,0.5383
0,0,20,97.2,178,1,1,1,0.3017
0,1,37,50.8,310,0,2,1,0.3605
1,0,27,71.8,288,0,1,0,0.3575
0,0,59,54.1,114,0,1,1,0.0662
0,0,38,78.0,348,1,3,0,0.4341
1,0,57,57.8,286,1,2,0,0.7022
1,0,26,87.4,363,0,1,0,0.4196
0,0,19,80.4,82,1,2,1,0.3864
1,0,45,76.4,236,1,1,1,0.6948
1,1,20,90.4,238,0,3,0,0.661
0,1,33,72.5,65,0,1,1,0.388
0,0,21,59.8,147,1,2,0,0.2978
1,1,40,79.1,203,1,3,1,0.9265
1,0,47,97.6,113,0,1,0,0.4559
0,1,55,78.1,340,1,2,1,0.6346
0,1,30,79.6,188,1,2,1,0.6369
0,1,23,96.4,291,0,3,1,0.4494
1,1,27,73.3,83,0,3,1,0.7653
0,1,34,99.8,363,1,1,0,0.4764
0,1,25,53.8,275,1,3,1,0.6639
0,1,26,74.5,99,0,1,1,0.2877
1,1,51,56.7,301,0,2,1,0.7849
1,0,34,69.9,273,0,3,0,0.4082
0,0,60,54.4,197,1,2,1,0.3629
1,0,39,57.2,352,1,2,1,0.8372
0,1,20,56.6,33,0,1,0,0.1832
0,0,58,62.6,78,1,3,0,0.2822
0,0,57,52.4,130,1,1,0,0.2254
1,1,46,89.5,71,0,3,0,0.6196
0,0,56,57.1,242,1,1,1,0.3544
1,0,44,67.9,138,1,1,1,0.7096
1,1,56,45.9,173,1,1,0,0.8774
0,1,57,50.8,16,1,2,0,0.5204
1,0,54,94.3,46,0,3,0,0.4857
0,1,20,91.0,29,1,2,1,0.5639
0,1,36,91.3,39,0,2,0,0.2367
0,0,51,67.6,198,1,1,1,0.3889
0,1,31,52.8,331,1,1,0,0.4993
1,0,38,50.9,340,0,2,1,0.5879
0,1,19,78.3,155,1,3,1,0.6019
0,1,27,90.6,283,1,1,0,0.4793
0,0,59,94.5,58,1,2,0,0.2858
0,1,34,60.9,335,1,3,1,0.6163
1,1,19,62.7,329,1,3,0,0.9509
1,0,44,50.5,213,1,2,0,0.5663
0,1,18,87.6,262,1,2,1,0.5693
1,1,53,60.2,323,0,3,1,0.7503
0,1,50,71.5,23,0,3,0,0.284
0,1,39,96.1,353,0,2,0,0.287
0,0,52,86.4,296,1,2,1,0.3783
1,1,51,47.9,238,0,3,0,0.723
0,1,35,45.4,53,1,1,1,0.5521
1,1,53,88.3,269,1,3,1,0.9452
1,1,20,75.4,171,0,3,1,0.7996
0,1,61,84.6,304,1,3,1,0.6635
1,0,33,53.6,318,0,3,1,0.4989
0,1,28,93.0,208,0,1,0,0.2382
1,0,27,87.5,44,0,2,1,0.5533
1,0,59,94.0,327,0,3,1,0.6136
1,0,38,63.8,361,1,2,1,0.796
1,0,42,60.2,249,0,2,0,0.4096
0,1,52,53.3,6,0,2,0,0.287
0,0,23,96.2,258,1,3,1,0.3469
0,1,63,54.7,87,0,3,1,0.4018
0,1,61,51.6,188,1,3,0,0.6123
0,0,25,55.6,29,0,1,1,0.1813
0,0,51,87.4,4,0,2,1,0.1766
0,1,58,93.9,359,1,1,1,0.5544
1,0,63,89.6,199,0,1,0,0.473
1,1,18,76.0,6,0,3,0,0.6505
0,0,20,99.7,166,1,2,0,0.2695
0,1,55,48.8,170,0,2,0,0.3572
1,1,44,92.7,27,0,3,0,0.6569
1,0,30,68.5,107,1,3,1,0.7824
0,0,60,70.0,146,0,1,0,0.0
0,0,64,52.0,283,1,3,1,0.4139
1,0,36,46.8,98,1,1,0,0.6332
1,1,36,62.4,75,0,2,1,0.724
1,0,23,54.6,91,1,1,1,0.69
1,1,64,71.6,229,0,3,0,0.6273
1,1,31,53.1,197,1,2,0,0.8878
0,1,22,52.6,146,0,1,1,0.3349
1,1,60,93.2,63,0,1,1,0.7037
0,0,62,95.7,346,1,2,0,0.3826
1,0,62,98.0,49,1,1,1,0.7763
0,1,53,82.4,9,0,1,1,0.2948
0,1,26,87.4,224,0,1,1,0.3489
0,0,40,91.0,81,0,3,1,0.2403
0,0,49,81.2,181,0,3,0,0.0911
0,1,46,63.2,9,1,3,1,0.651
1,1,62,53.6,359,1,1,0,0.8655
0,1,45,58.1,234,0,2,1,0.4295
1,0,57,91.2,309,0,1,1,0.515
0,0,28,83.3,325,0,1,0,0.0819
1,0,36,70.1,232,1,3,1,0.8074
0,1,18,46.6,234,0,3,0,0.342
0,0,26,59.6,33,0,1,1,0.0628
1,1,19,85.1,42,1,3,0,0.9237
1,0,21,73.2,132,0,1,1,0.5088
1,1,46,69.0,112,0,3,1,0.7663
1,0,21,62.3,53,1,1,1,0.7519
1,1,18,78.4,141,0,1,1,0.6977
0,1,45,98.2,48,0,2,1,0.3228
0,1,35,94.6,266,1,3,0,0.5211
0,0,63,46.7,158,0,2,1,0.2492
1,0,30,71.5,137,1,3,1,0.7208
0,1,57,63.1,20,1,3,1,0.5079
1,1,23,73.1,253,1,3,0,0.8557
0,1,60,78.3,301,0,2,0,0.3306
1,1,64,56.0,222,1,3,0,0.9391
1,1,56,88.0,202,1,1,1,0.9215
0,1,39,71.1,106,0,1,0,0.2296
1,1,47,99.6,73,0,3,1,0.6889
0,1,44,46.4,19,0,3,0,0.276
0,1,25,55.4,276,1,3,1,0.5429
1,0,60,82.9,56,0,3,0,0.5117
0,1,45,83.2,56,0,3,0,0.2541
1,1,19,77.0,68,1,3,1,0.9203
1,1,37,98.5,197,1,2,1,0.8804
0,1,28,67.8,151,1,1,0,0.4459
1,0,31,67.9,207,0,3,0,0.4926
1,1,41,95.1,187,1,2,1,0.9969
0,1,30,74.6,150,0,2,0,0.2837
1,1,25,64.5,46,1,3,0,0.8205
1,1,61,84.5,207,0,2,0,0.6934
1,1,38,79.1,242,1,1,0,0.8338
1,0,39,61.9,179,1,3,1,0.7726
0,1,26,61.4,140,0,3,0,0.2983
0,1,59,66.8,236,1,1,0,0.4196
0,1,60,48.9,7,1,2,0,0.4988
0,0,28,96.8,101,1,3,1,0.411
0,0,33,55.1,159,1,1,1,0.2787
0,0,26,55.7,144,1,1,1,0.3408
1,0,20,80.6,4,0,3,1,0.5968
1,1,53,84.8,327,1,1,1,1.0
1,1,59,85.5,93,1,3,0,0.8498
1,0,30,65.6,216,1,2,0,0.6851
1,0,18,93.0,171,1,3,0,0.6534
0,1,61,74.9,323,0,3,0,0.3495
0,0,28,69.1,137,0,1,0,0.0683
1,1,41,89.6,303,0,1,0,0.6953
0,0,22,58.4,155,0,2,1,0.2441
0,0,19,92.3,260,0,3,1,0.2666
0,0,34,74.6,299,0,2,1,0.1668
0,0,34,94.5,158,1,1,0,0.28
0,0,37,56.1,271,1,2,1,0.4792
1,0,32,96.5,122,1,3,1,0.7949
1,1,21,82.8,278,1,3,1,1.0
0,1,28,79.0,348,0,3,1,0.455
0,1,40,68.2,20,0,1,0,0.2204
0,1,18,97.6,278,0,1,0,0.2983
1,0,59,69.4,207,0,3,1,0.5681
0,1,64,72.4,117,0,1,1,0.271
0,0,21,88.0,122,0,2,1,0.2511
0,0,55,60.7,200,0,2,1,0.2275
0,0,19,61.0,337,1,3,1,0.3479
1,1,62,87.6,300,0,1,0,0.5016
1,0,44,52.1,327,0,3,1,0.5852
0,0,51,90.3,90,1,2,1,0.4096
1,0,30,79.4,80,0,2,0,0.3975
0,0,64,74.6,215,1,1,1,0.3179
1,1,35,57.6,276,0,2,0,0.647
0,0,28,88.3,0,1,1,1,0.3259
1,1,22,89.3,143,1,1,1,0.8911
0,0,46,71.6,249,0,2,1,0.1431
0,1,42,66.4,170,1,2,0,0.4985
0,1,31,58.5,133,1,3,1,0.6187
0,1,65,86.5,75,1,1,1,0.4686
1,1,63,80.2,111,1,3,0,0.8891
1,1,58,56.4,249,0,1,1,0.6986
1,1,55,88.7,266,1,2,1,0.9134
1,1,58,93.5,95,1,1,1,0.905
0,0,54,48.3,240,0,3,1,0.2173
1,0,28,87.5,275,0,1,0,0.4026
1,1,61,91.9,276,1,2,1,0.9135
1,1,49,99.5,291,1,3,1,1.0
1,1,23,58.1,37,0,1,0,0.6481
0,0,23,65.4,311,0,1,1,0.1722
0,0,64,98.1,346,1,1,0,0.2472
1,0,39,50.2,266,0,1,1,0.5631
1,1,20,73.8,273,1,1,0,0.8244
0,1,36,72.9,80,1,2,0,0.4082
0,1,51,78.4,97,0,2,0,0.2907
1,0,58,63.2,44,1,3,0,0.6221
1,1,58,95.9,153,0,1,0,0.6429
1,1,24,59.9,314,0,2,0,0.5626
1,1,33,80.7,133,0,2,0,0.6291
0,0,55,72.3,42,0,1,0,0.0949
0,1,26,59.7,93,1,3,1,0.595
0,1,30,55.4,179,1,1,0,0.4512
0,0,51,97.6,358,1,3,0,0.3126
0,0,63,75.9,255,1,3,1,0.4258
0,0,54,78.2,241,1,2,1,0.3292
1,0,60,88.1,223,0,3,0,0.419
0,1,64,49.5,16,1,2,1,0.5043
1,1,23,84.3,332,1,2,0,0.9331
0,1,55,54.1,116,0,1,0,0.1746
1,0,65,85.7,45,0,1,1,0.449
0,0,21,52.8,168,0,3,1,0.1455
0,0,22,90.8,140,0,1,0,0.1282
1,0,23,82.5,213,1,1,1,0.6864
1,1,30,66.2,224,0,3,1,0.7092
1,1,63,64.7,177,1,1,0,0.7702
1,0,41,53.2,47,0,2,0,0.3757
0,1,45,94.7,98,0,1,1,0.3922
0,1,30,51.5,282,0,1,1,0.3606
0,0,59,71.0,261,1,1,0,0.2103
0,1,35,58.0,57,1,2,0,0.5457
0,1,24,99.8,252,1,3,1,0.6623
1,1,21,77.2,190,0,2,1,0.6983
0,0,48,53.2,0,1,3,0,0.3197
0,0,41,81.7,234,0,2,1,0.1216
1,0,39,99.5,283,1,1,0,0.5344
0,0,38,78.3,284,0,2,1,0.1479
1,1,65,70.2,351,1,3,1,1.0
0,0,59,61.1,155,1,1,1,0.429
0,1,43,50.1,90,0,3,0,0.258
0,1,47,57.6,209,0,1,0,0.264
1,0,52,75.4,323,1,1,1,0.8125
1,0,40,86.5,229,1,2,1,0.7858
1,0,62,93.3,252,1,3,0,0.6555
0,0,57,88.7,242,0,2,1,0.2454
1,1,47,51.9,40,0,3,0,0.7001
0,1,36,87.5,361,1,2,0,0.4738
0,1,49,77.0,122,1,1,1,0.43
1,0,36,70.8,196,1,3,0,0.6353
1,0,39,76.5,149,0,3,0,0.4588
1,0,21,45.4,239,0,2,1,0.4898
0,0,62,48.7,312,0,3,1,0.224
1,1,29,73.9,277,0,2,1,0.8403
0,0,32,54.5,321,0,2,1,0.2316
0,1,32,75.0,42,0,3,1,0.3473
1,1,27,64.5,33,0,2,1,0.6613
0,1,36,94.9,113,0,3,1,0.4614
1,0,25,97.2,1,1,1,1,0.6751
0,0,48,98.9,237,1,2,1,0.421
0,1,26,94.4,246,0,1,0,0.2844
0,0,46,99.2,58,0,2,0,0.0714
1,0,24,83.8,35,0,3,0,0.5741
0,0,25,97.8,231,0,2,1,0.1763
0,1,58,80.3,7,1,2,0,0.4025
0,1,34,89.5,160,1,3,1,0.63
1,1,32,52.3,288,1,1,0,0.8216
0,1,33,82.5,17,1,3,0,0.52
0,1,24,96.2,63,1,1,0,0.4196
1,0,59,74.7,60,0,1,1,0.4707
0,0,36,55.3,82,0,2,1,0.2426
1,1,55,74.0,9,0,2,0,0.6656
1,1,42,83.9,105,0,1,1,0.686
1,1,29,87.3,232,1,3,1,0.9995
0,1,49,73.8,221,1,1,1,0.5856
0,0,64,57.0,277,1,2,1,0.4015
0,1,27,96.0,38,0,3,0,0.2395
0,0,41,87.5,357,1,3,0,0.2319
0,1,21,59.9,320,0,2,1,0.445
0,0,60,89.6,285,1,3,1,0.4194
1,0,54,64.1,132,1,3,1,0.8378
1,0,62,62.2,242,1,1,0,0.5474
1,1,59,92.5,281,0,1,0,0.6433
0,1,56,93.0,119,1,2,1,0.5241
1,1,60,66.9,62,0,1,0,0.6012
1,1,21,45.5,173,0,3,1,0.7435
0,0,53,55.3,30,0,2,1,0.0736
0,1,54,95.0,230,1,2,1,0.6335
1,1,42,94.4,168,1,2,1,0.9607
1,1,58,69.9,139,1,3,1,0.9937
0,1,47,61.7,272,1,1,0,0.5345
1,1,18,61.7,145,0,3,0,0.7087
1,0,46,94.3,193,1,3,0,0.657
0,0,33,62.9,347,0,1,0,0.1826
1,0,54,73.1,243,0,1,0,0.4463
0,1,54,85.2,294,1,3,1,0.5904
0,1,24,56.5,73,0,1,0,0.229
1,0,57,59.0,135,0,3,1,0.5364
1,1,50,64.7,90,1,1,0,0.89
0,0,39,81.0,25,0,3,0,0.1511
0,0,60,90.0,75,1,1,0,0.2572
1,0,44,75.1,34,1,2,0,0.6016
0,0,46,52.3,312,0,1,0,0.1755
1,0,33,69.5,206,1,3,0,0.7397
1,1,38,52.0,276,0,1,1,0.6989
0,1,28,49.9,164,1,1,1,0.5608
1,1,38,77.4,123,1,3,0,0.8939
1,1,26,97.6,221,1,1,0,0.7746
0,0,44,91.1,272,1,2,0,0.266
1,0,56,87.6,353,1,2,1,0.8662
0,0,39,85.0,96,0,2,0,0.077
0,0,32,94.3,81,1,2,0,0.2616
1,1,60,86.4,24,0,1,1,0.7278
0,0,40,79.5,360,1,2,0,0.2634
0,0,46,65.1,60,0,1,1,0.1423
1,0,56,50.6,93,0,2,0,0.4951
1,1,33,70.4,292,0,2,0,0.5793
1,0,20,95.9,364,0,3,1,0.567
1,0,33,77.1,245,0,1,0,0.405
0,0,25,55.1,140,1,1,0,0.2146
0,1,43,80.7,252,0,1,1,0.4257
0,1,59,70.6,295,0,3,1,0.5024
1,0,26,96.2,169,0,1,1,0.5292
0,1,52,53.9,339,1,3,0,0.5422
1,1,24,84.2,325,1,1,0,0.9073
1,0,25,82.5,237,1,2,0,0.6284
1,1,52,99.1,169,1,3,1,0.9799
0,1,65,76.1,350,0,3,1,0.4601
0,0,63,92.9,298,1,3,1,0.4178
1,0,56,46.4,195,1,1,0,0.6002
1,1,53,51.8,344,1,2,1,0.9092
1,0,23,64.0,155,0,3,1,0.6285
1,1,24,79.1,98,1,3,0,0.7647
0,0,29,69.7,296,0,1,1,0.1773
0,1,56,56.1,316,1,1,1,0.5406
1,0,18,77.4,132,0,2,1,0.5268
0,1,60,76.2,352,1,3,0,0.4484
1,1,60,73.8,138,0,3,1,0.823
1,1,42,50.0,263,0,3,0,0.6689
1,1,29,96.0,148,0,3,1,0.7997
1,1,44,77.6,260,1,3,1,0.9866
0,1,40,59.5,33,0,2,0,0.2609
1,1,36,82.8,8,1,3,1,0.9716
0,1,38,62.5,293,1,1,1,0.5142
1,0,38,72.8,42,0,3,0,0.4562
1,1,41,63.8,95,0,3,1,0.692
0,0,30,93.4,11,1,3,0,0.2502
0,0,59,99.7,354,1,3,0,0.3218
0,1,53,53.9,139,0,3,1,0.3817
1,0,32,46.3,286,1,2,0,0.6654
1,0,18,57.1,266,0,1,0,0.3507
0,0,51,77.4,353,0,2,1,0.2465
0,0,59,54.6,282,1,1,1,0.4813
1,0,48,89.6,20,1,1,0,0.6369
1,0,49,67.5,268,1,1,0,0.6419
0,1,53,78.6,249,0,3,1,0.4058
0,1,46,70.1,44,1,2,1,0.5817
1,0,27,94.7,174,0,1,0,0.4353
1,1,38,46.9,280,0,1,1,0.7777
1,0,53,85.1,76,0,3,0,0.5454
1,0,41,80.9,232,1,3,1,0.7512
1,0,44,80.7,319,1,2,1,0.683
0,1,38,67.8,197,1,1,1,0.5844
1,1,35,45.9,354,0,1,1,0.7247
0,1,21,82.9,254,1,1,1,0.5188
1,0,64,90.6,155,0,2,0,0.4081
1,1,35,49.7,3,1,3,0,0.799
1,1,26,69.3,83,1,3,1,0.9704
1,0,47,53.9,196,0,2,0,0.5426
0,1,52,78.6,213,0,3,1,0.4333
1,1,62,88.2,279,0,1,0,0.6043
1,1,47,81.7,144,1,1,1,0.9584
1,1,56,62.5,56,0,2,0,0.64
0,0,63,52.7,153,1,3,1,0.4495
1,0,23,88.7,99,1,2,0,0.728
1,0,31,62.8,199,1,2,1,0.6547
0,0,63,46.2,7,1,3,0,0.2333
1,0,46,76.4,9,0,2,1,0.5036
0,0,49,58.6,123,1,1,1,0.4182
0,1,31,91.3,269,0,2,0,0.2928
1,0,37,52.9,346,1,1,0,0.6709
1,0,26,68.9,26,0,1,0,0.3201
0,1,29,58.9,4,1,2,1,0.6076
1,1,31,82.9,334,1,1,0,0.8342
1,0,40,75.2,132,1,2,0,0.5977
0,1,65,88.5,341,0,2,0,0.3792
0,1,51,70.2,139,1,3,0,0.5615
1,0,33,45.3,263,0,2,1,0.5591
1,1,35,56.8,314,0,1,0,0.6192
1,1,58,100.0,226,0,2,1,0.6706
1,0,57,67.3,59,0,2,1,0.504
0,0,50,79.1,79,0,3,1,0.14
1,1,22,94.8,54,1,3,0,0.86
1,1,56,46.1,93,1,1,1,0.9145
1,0,27,81.3,40,0,1,1,0.5179
0,0,39,60.9,9,1,1,0,0.238
0,1,60,60.4,225,1,1,1,0.6439
1,1,61,57.4,115,0,3,0,0.5954
0,0,50,90.3,339,0,2,0,0.1142
0,0,48,65.5,106,0,3,1,0.2772
1,0,23,48.7,6,0,3,0,0.4823
0,1,53,50.3,20,1,3,1,0.5747
0,0,20,53.2,251,1,2,1,0.4374
1,0,21,94.4,330,0,2,1,0.5376
0,0,44,68.5,100,1,3,0,0.3171
0,1,55,95.4,214,0,2,0,0.3293
1,1,42,90.0,43,0,3,0,0.5828
1,1,54,91.1,222,1,3,0,0.9317
0,0,44,60.8,209,0,1,1,0.2043
1,0,58,59.9,343,1,3,1,0.7075
1,0,53,75.8,213,1,3,1,0.6098
0,0,63,68.0,292,1,3,0,0.2356
0,1,64,73.0,238,1,1,1,0.5686
1,1,53,47.9,64,1,2,1,1.0
1,0,63,98.4,253,1,1,1,0.7605
1,0,59,48.2,5,0,2,0,0.4746
0,0,24,54.8,293,1,1,0,0.3179
0,0,47,82.3,220,1,2,0,0.3176
0,0,64,53.6,312,1,1,0,0.1667
1,1,46,50.9,202,0,3,0,0.7379
0,0,57,53.4,69,1,2,0,0.2475
0,1,58,48.4,64,0,1,1,0.2868
1,1,22,58.8,251,1,1,1,0.8992
0,0,23,59.9,182,1,1,1,0.4005
1,1,61,72.4,111,0,2,1,0.7335
1,1,24,69.1,251,0,3,0,0.6916
1,0,56,71.1,290,1,1,1,0.7216
1,0,49,78.9,279,1,2,0,0.7228
1,0,32,57.7,293,1,2,0,0.5703
0,0,30,52.4,2,0,3,1,0.2004
1,1,35,93.3,178,1,3,0,0.9064
1,0,27,79.9,188,1,3,0,0.6872
1,1,57,48.3,167,1,2,1,1.0
1,1,28,97.9,53,1,2,1,0.9344
0,1,57,83.1,65,1,3,1,0.591
0,0,57,53.3,114,0,1,1,0.1162
0,1,64,98.3,315,0,3,1,0.3628
0,1,19,65.1,270,1,3,1,0.6048
1,0,44,99.1,213,1,3,1,0.7179
1,1,62,50.7,109,0,3,0,0.6593
1,1,61,53.8,182,0,1,0,0.5131
0,0,25,81.2,259,1,1,1,0.373
1,1,55,46.2,23,0,3,0,0.6322
0,1,33,46.0,338,1,2,0,0.573
1,1,41,88.6,93,1,2,0,0.858
1,0,40,54.2,255,1,1,1,0.7773
0,1,31,95.5,213,0,3,0,0.3322
1,0,44,68.4,358,1,2,0,0.7123
1,0,27,93.1,39,0,1,1,0.4913
1,0,45,68.0,282,0,1,0,0.3793
1,1,42,74.2,36,0,1,1,0.6636
1,1,19,62.4,256,0,1,0,0.6464
0,1,62,81.2,203,0,3,0,0.352
1,1,50,62.5,210,0,1,0,0.6243
1,0,63,57.3,122,0,2,0,0.4374
0,1,52,49.5,294,0,3,0,0.3518
1,1,64,48.2,285,0,1,1,0.6801
1,0,58,61.8,275,0,2,0,0.462
1,1,30,85.5,243,0,2,1,0.7338
1,0,22,56.3,249,0,2,1,0.5423
1,0,22,61.5,142,1,3,1,0.6734
1,0,39,94.8,248,0,3,1,0.6037
0,0,51,80.2,319,1,2,0,0.2426
0,1,18,95.6,66,0,3,1,0.343
1,0,34,95.1,121,1,1,1,0.72
1,0,26,48.5,234,0,1,0,0.3325
1,1,27,97.5,281,0,1,0,0.6607
1,0,32,47.8,219,1,3,1,0.7412
1,0,62,95.9,125,0,3,1,0.5955
0,1,46,75.1,261,1,3,0,0.4687
1,0,42,74.3,237,0,2,1,0.5232
0,1,38,84.2,31,0,1,1,0.3756
1,1,34,93.4,202,0,2,1,0.7322
0,0,44,78.9,272,1,2,1,0.3572
0,1,45,68.4,173,1,1,0,0.4795
0,0,40,51.2,308,1,3,0,0.2151
0,1,56,88.4,237,0,2,0,0.3557
1,1,53,52.1,355,1,2,1,0.9092
1,0,20,85.0,109,0,3,0,0.54
1,0,50,74.0,70,0,3,0,0.4958
1,1,24,66.2,143,1,1,1,0.8879
1,0,22,78.7,205,1,2,1,0.7663
0,0,43,87.5,356,0,1,1,0.0911
1,0,34,96.8,240,0,2,1,0.5101
0,1,34,59.6,90,0,1,0,0.2209
1,0,64,97.1,157,1,1,1,0.7226
0,1,20,97.9,206,1,3,1,0.6263
1,1,20,89.7,56,1,2,0,0.8092
0,1,51,93.5,55,1,1,0,0.4174
0,0,25,83.1,166,1,3,0,0.3131
1,0,62,47.2,126,1,3,0,0.6658
0,0,23,76.6,17,0,3,1,0.238
0,0,54,86.1,74,1,2,0,0.2957
1,0,62,96.8,277,1,1,0,0.6432
0,0,39,76.4,258,0,2,0,0.1784
0,1,50,88.7,23,0,2,0,0.294
1,1,24,83.8,307,0,3,0,0.6977
0,0,57,60.4,66,1,2,0,0.3124
0,1,36,53.5,122,0,2,1,0.3751
0,1,65,86.3,286,1,1,1,0.5727
0,1,63,57.9,52,1,3,0,0.5733
1,0,27,58.5,120,0,3,0,0.4752
1,1,40,80.4,185,1,1,0,0.8434
1,1,19,88.4,286,0,2,1,0.8183
1,1,38,77.0,243,1,1,0,0.9065
1,0,41,93.7,75,0,1,0,0.3045
1,1,65,56.6,83,1,2,0,0.7449
0,0,30,58.9,363,1,3,0,0.2935
0,0,22,80.0,311,0,1,0,0.0
0,0,35,90.6,291,0,2,1,0.3795
1,0,28,74.7,306,1,3,0,0.7489
1,1,54,45.6,146,1,1,1,0.8764
0,1,49,82.2,336,1,1,0,0.4857
0,1,45,89.7,359,0,3,0,0.3086
1,1,39,60.2,4,0,1,1,0.6229
0,1,62,48.0,100,0,1,1,0.2357
1,1,45,73.5,99,0,2,0,0.5406
0,1,18,47.3,172,1,1,0,0.496
1,1,23,67.9,107,1,1,1,0.8696
0,0,28,46.0,269,1,2,1,0.3569
1,0,59,57.4,27,1,2,1,0.8126
0,1,50,66.4,244,0,3,1,0.4532
1,0,33,51.1,264,0,3,0,0.5478
0,0,30,51.3,314,0,3,0,0.1087
0,0,38,90.5,37,0,2,1,0.2271
0,1,65,47.3,92,1,1,0,0.4746
1,0,64,82.9,152,1,1,1,0.6341
0,0,56,89.8,327,0,1,0,0.0781
0,1,63,52.2,47,1,1,1,0.4421
1,1,41,55.7,129,1,2,0,0.8217
0,1,60,80.3,5,1,3,1,0.5618
0,0,44,62.4,60,0,3,1,0.229
0,0,62,71.2,257,1,3,1,0.4169
0,1,54,91.0,338,0,2,1,0.475
0,1,20,52.6,268,0,3,0,0.3239
0,1,29,79.1,304,1,2,1,0.6171
0,1,24,96.8,244,0,1,0,0.2869
1,1,37,48.2,7,0,2,0,0.6
0,0,32,48.3,264,0,2,1,0.2652
1,1,18,75.5,150,0,3,1,0.8147
0,0,27,97.8,199,0,1,0,0.0791
1,1,31,57.1,328,0,2,0,0.6362
1,0,32,63.2,267,0,2,0,0.3957
0,0,51,50.4,216,0,2,0,0.097
1,1,42,64.9,337,0,2,1,0.7566
0,0,48,47.4,209,0,3,0,0.0861
1,0,27,66.4,362,1,3,1,0.7848
1,1,54,75.6,170,1,3,0,0.8127
1,0,23,98.6,100,0,1,0,0.4777
1,0,23,90.0,59,0,3,0,0.5073
0,0,45,90.2,322,1,2,1,0.3471
0,1,55,57.5,28,0,2,1,0.3833
1,1,31,49.8,152,0,1,0,0.5042
1,0,30,78.2,65,1,1,0,0.5764
0,0,30,73.7,238,1,2,0,0.2887
1,1,27,73.4,4,1,3,1,0.9119
1,1,33,51.0,123,0,3,0,0.6246
0,0,56,72.2,94,1,2,1,0.3911
1,0,52,53.3,4,1,1,1,0.6601
1,0,32,68.2,84,1,2,0,0.6582
1,1,40,48.4,239,0,1,0,0.6827
0,0,54,92.1,48,1,3,1,0.4237
1,0,25,45.7,25,1,3,1,0.8212
1,0,43,96.7,326,0,2,0,0.4235
0,1,39,92.5,97,0,3,1,0.4131
0,0,22,86.4,269,0,2,0,0.1587
0,0,51,99.0,273,0,2,0,0.0934
0,0,44,48.0,312,0,1,1,0.1903
0,1,36,80.3,235,0,2,0,0.248
1,0,60,91.7,208,0,2,1,0.6289
1,0,60,52.0,24,1,3,1,0.7154
1,1,52,77.2,325,1,1,0,0.8374
1,0,62,66.7,132,0,1,0,0.3666
1,1,37,69.0,180,1,1,1,0.8463
0,1,64,95.2,84,1,3,1,0.6326
0,1,55,74.6,245,0,1,0,0.3538
0,1,30,50.1,38,1,3,1,0.5666
0,1,35,96.5,250,1,1,1,0.5148
1,1,35,55.2,113,1,2,0,0.8027
0,0,18,94.1,266,1,1,1,0.3517
1,1,49,98.4,101,1,3,0,0.884
1,0,42,93.3,226,1,3,0,0.5851
0,1,38,82.2,253,1,2,1,0.6576
1,0,44,85.9,226,0,2,0,0.5167
0,0,28,83.5,248,0,3,0,0.1527
0,1,65,70.3,280,1,1,1,0.5166
0,0,18,60.1,157,1,2,0,0.3425
0,0,36,60.7,1,0,2,1,0.1429
0,1,49,85.2,211,1,1,1,0.5708
1,0,25,79.4,35,0,3,0,0.4523
1,0,36,77.2,36,1,2,1,0.6614
1,1,33,80.9,257,1,2,1,1.0
0,0,52,87.6,239,0,3,1,0.1669
1,0,19,86.2,363,0,1,0,0.4337
1,1,29,50.8,90,1,1,0,0.803
1,0,46,65.0,95,1,2,0,0.6326
0,0,27,59.5,186,0,3,1,0.2377
0,1,39,74.6,259,1,1,1,0.5692
1,0,51,48.4,218,1,3,1,0.7995
1,1,38,86.9,349,1,2,0,0.8147
1,1,54,50.9,194,0,1,0,0.551
1,0,22,59.9,45,1,3,1,0.8119
0,0,23,88.1,364,0,3,1,0.2736
1,1,49,47.8,357,1,2,1,0.9576
1,1,20,81.3,64,1,1,0,0.8579
1,1,27,95.8,226,1,2,0,0.8738
0,1,22,79.0,55,1,2,0,0.5107
0,0,41,84.2,203,0,1,1,0.2355
1,1,37,88.6,34,0,3,0,0.6614
0,0,54,57.2,118,1,3,1,0.3974
0,0,48,77.0,237,1,3,0,0.3115
0,0,64,62.0,100,1,1,0,0.1418
1,0,34,58.7,278,0,2,0,0.4028
0,0,41,55.6,224,1,3,0,0.3684
1,0,35,77.2,333,0,3,1,0.5547
0,0,43,88.7,43,0,1,1,0.1186
0,0,59,93.2,0,1,1,1,0.3693
1,1,24,68.6,218,0,2,0,0.6533
1,0,60,65.5,215,1,2,1,0.7556
0,0,31,82.8,139,0,3,0,0.1866
0,0,58,87.9,275,1,3,1,0.4749
1,1,19,58.9,111,0,1,1,0.5945
0,0,47,61.4,242,1,2,0,0.3804
1,0,34,74.3,353,0,3,1,0.5826
1,0,37,69.4,5,0,1,0,0.4158
1,0,27,83.8,276,1,2,1,0.7645
0,1,41,72.7,102,1,2,0,0.4396
0,1,61,51.1,300,0,2,0,0.329
1,0,29,54.1,69,0,1,1,0.4628
0,0,44,94.6,360,0,2,1,0.1973
1,1,32,57.5,186,0,1,0,0.645
0,1,26,47.8,157,0,1,0,0.2175
0,1,35,85.2,137,1,1,0,0.3537
0,1,65,82.6,330,0,2,1,0.369
0,1,24,78.0,256,0,3,1,0.4983
1,1,45,72.6,82,0,3,1,0.809
0,0,63,98.3,73,0,1,0,0.0683
1,0,53,51.6,13,1,1,0,0.6039
0,1,20,73.1,130,1,3,0,0.6176
1,1,61,76.0,195,0,2,1,0.8067
0,1,33,46.2,167,0,3,1,0.3846
1,0,53,67.7,211,0,3,0,0.5019
0,1,21,88.1,206,0,2,0,0.3262
1,0,52,70.9,134,1,1,0,0.5662
0,0,26,93.1,107,1,3,1,0.435
0,1,63,80.5,258,1,1,1,0.5293
0,1,29,87.1,118,0,2,1,0.3795
1,0,27,89.2,218,0,2,1,0.5371
1,0,63,82.9,164,0,2,1,0.6022
0,0,61,86.2,348,0,2,0,0.1639
1,1,61,83.2,153,1,2,0,0.7917
0,1,19,75.3,346,0,1,0,0.3829
0,1,36,76.2,24,0,2,1,0.4028
0,0,30,55.4,42,1,1,1,0.2679
1,1,59,90.5,114,0,2,1,0.6846
1,1,50,62.2,349,0,1,1,0.6663
0,1,18,74.5,43,0,2,0,0.2486
1,0,45,58.7,211,0,2,1,0.6326
1,1,57,83.3,284,1,1,0,0.8196
0,1,23,98.6,237,1,3,1,0.6468
0,1,20,89.1,225,0,2,0,0.3956
1,1,62,79.1,217,1,1,1,0.8678
0,1,42,76.2,346,0,1,0,0.2978
0,0,61,71.9,245,1,3,1,0.4883
1,0,33,56.3,312,1,2,0,0.6151
1,0,60,64.1,363,1,3,0,0.7415
1,0,21,67.4,136,0,1,0,0.4143
0,0,25,97.0,277,0,2,1,0.1366
0,1,56,68.4,69,0,3,0,0.3546
1,0,33,77.2,5,0,2,0,0.4341
1,0,61,95.7,154,1,1,0,0.6093
0,1,55,73.5,255,1,3,1,0.6532
1,0,40,58.8,121,0,1,1,0.5806
1,0,23,66.0,117,1,1,1,0.7004
0,0,60,65.7,307,1,3,1,0.4021
0,0,61,84.3,325,1,3,1,0.3799
1,1,33,61.3,208,0,3,1,0.7401
1,1,33,85.2,348,0,1,0,0.5856
0,0,40,93.9,80,1,2,1,0.3446
0,0,33,63.5,329,0,2,1,0.2028
0,1,53,52.4,106,0,2,1,0.4193
0,0,29,80.1,135,1,2,1,0.3377
1,1,54,64.8,13,0,2,1,0.6741
0,1,26,74.4,30,1,2,0,0.4622
0,0,35,79.9,178,0,3,1,0.2238
1,0,26,67.4,93,0,2,0,0.4688
1,0,65,95.9,81,1,1,1,0.7056
1,0,38,67.0,179,0,1,0,0.4303
0,0,18,61.9,248,0,2,1,0.2082
1,0,40,93.7,240,1,1,1,0.6466
0,0,22,52.5,164,0,1,1,0.0769
0,0,36,51.8,285,0,2,1,0.0974
1,0,52,96.5,29,1,3,0,0.5931
0,0,50,56.5,355,1,3,0,0.3324
1,1,63,53.2,303,1,2,0,0.8715
1,0,35,74.4,166,1,3,1,0.6506
0,0,57,47.6,282,1,3,1,0.3966
0,1,31,79.1,201,1,2,1,0.5663
0,1,37,69.9,93,1,1,0,0.4185
1,0,30,80.2,14,1,3,1,0.7248
1,1,33,60.6,299,0,2,0,0.5863
1,0,58,94.8,47,0,1,1,0.4767
0,1,48,59.9,150,1,3,1,0.5735
1,1,56,80.1,113,0,2,1,0.7943
1,1,52,97.0,13,1,3,0,0.9068
1,0,37,67.0,309,1,3,1,0.7485
0,1,18,53.9,347,0,2,0,0.2765
0,1,57,48.8,170,1,1,0,0.5443
0,1,63,98.0,60,0,2,1,0.3034
1,1,30,87.0,17,1,1,1,0.8878
1,1,24,95.5,229,1,2,0,0.9213
0,1,62,83.4,85,0,2,0,0.2319
0,0,39,63.8,200,1,3,1,0.3469
1,0,24,51.8,145,1,1,1,0.6753
1,0,37,96.1,56,0,1,0,0.3767
1,1,54,71.9,84,1,1,0,0.8021
0,1,53,66.8,270,1,3,0,0.5418
0,1,21,76.8,200,0,2,1,0.4127
0,0,23,50.9,105,1,3,1,0.2824
0,1,63,62.0,313,1,2,1,0.6115
1,1,20,80.1,129,0,2,1,0.6972
1,1,20,50.5,13,1,2,0,0.8829
1,1,20,52.4,20,1,2,0,0.8559
0,1,53,73.1,44,1,2,1,0.6206
0,1,26,79.3,33,1,3,0,0.5534
1,0,33,55.3,70,1,1,0,0.5994
0,0,33,46.8,251,0,2,0,0.0768
0,0,29,97.7,334,0,3,0,0.1373
1,1,55,46.5,230,1,3,1,1.0
0,0,37,45.1,11,1,3,1,0.3863
0,1,48,62.8,122,1,3,1,0.6201
1,1,47,57.2,262,1,3,0,0.8804
1,0,38,76.5,68,0,2,0,0.4122
1,1,20,94.2,110,1,1,0,0.8606
0,0,38,71.5,358,0,2,1,0.1889
1,0,45,87.5,245,1,2,0,0.5936
1,0,45,95.0,97,1,1,0,0.6302
0,1,22,55.4,280,1,2,0,0.4971
0,1,24,71.9,321,1,1,0,0.448
1,1,22,80.3,306,1,2,0,0.8342
1,0,26,63.3,200,1,1,0,0.5928
0,0,64,85.7,161,0,3,1,0.185
0,0,38,83.8,159,0,1,1,0.2328
0,1,37,68.2,139,0,2,0,0.3402
1,1,55,49.8,252,1,2,0,0.7866
0,1,57,45.6,302,1,1,0,0.4435
1,1,54,65.3,165,0,3,0,0.6543
1,0,34,49.5,248,0,2,0,0.3337
1,1,59,88.0,265,0,3,1,0.7525
0,1,45,63.4,354,1,1,0,0.5051
0,0,48,81.6,40,1,1,0,0.2278
1,1,50,64.1,54,1,1,0,0.8543
1,1,49,88.8,228,0,3,1,0.8012
0,0,49,93.9,223,1,3,0,0.4006
1,1,65,91.1,247,1,1,0,0.8502
0,0,40,71.6,198,0,1,0,0.0532
1,1,38,49.6,114,0,1,0,0.5475
0,0,42,65.4,252,0,3,0,0.0758
1,1,50,68.3,201,1,3,0,0.8929
1,0,20,97.8,42,0,3,0,0.5015
1,1,23,76.1,165,1,1,1,0.9131
0,1,45,80.2,154,1,3,1,0.6432
0,0,19,88.0,287,1,2,1,0.4401
0,0,49,76.3,114,1,3,1,0.3954
1,0,43,77.9,326,1,3,1,0.8182
1,1,22,58.5,175,0,2,0,0.6675
0,0,28,48.2,281,0,3,0,0.083
0,1,27,84.7,57,0,1,0,0.2494
0,0,32,91.7,331,0,2,0,0.1328
1,1,35,67.7,181,1,1,1,0.9267
0,1,31,75.2,113,0,2,1,0.3958
0,0,45,61.9,173,1,3,1,0.4629
1,1,47,69.8,255,0,2,0,0.7615
0,0,30,56.5,89,1,3,1,0.4219
0,0,37,86.8,140,1,3,0,0.3983
0,0,19,72.1,357,1,1,1,0.2973
0,1,42,75.1,5,0,2,1,0.3745
0,1,61,47.0,229,1,2,0,0.4192
1,1,60,79.2,339,0,3,0,0.6711
0,1,29,56.1,314,1,1,0,0.5608
0,0,42,66.1,218,1,1,0,0.3033
0,1,21,67.7,66,1,3,0,0.5145
0,0,59,69.7,151,0,1,1,0.2112
1,1,29,57.5,270,1,1,0,0.8329
0,1,24,91.8,225,0,3,1,0.4109
1,1,55,68.5,62,0,1,0,0.5068
0,1,57,78.7,305,0,3,0,0.363
0,0,49,78.8,351,1,1,1,0.3332
0,1,60,78.4,20,1,3,0,0.5022
1,0,23,75.8,0,0,2,0,0.411
0,0,44,90.2,254,0,1,1,0.1492
0,1,52,89.7,224,1,1,0,0.48
0,1,38,67.9,125,1,1,0,0.5407
0,0,37,80.0,266,1,1,0,0.2781
0,1,36,50.7,201,1,1,0,0.4565
1,1,50,50.0,107,1,3,0,0.8534
0,0,21,71.4,357,0,1,1,0.1833
1,1,36,94.5,87,1,3,0,0.9149
1,1,45,80.7,176,0,2,0,0.4727
1,1,39,81.8,355,1,2,1,0.9523
0,0,41,53.7,128,1,3,1,0.301
1,0,63,69.9,320,1,2,1,0.7366
0,0,47,67.0,319,0,3,0,0.1464
1,1,46,88.1,272,0,1,1,0.7711
0,1,27,52.6,138,0,3,1,0.4575
0,0,49,74.7,124,0,2,0,0.151
0,1,26,95.1,9,1,3,0,0.4837
0,0,42,94.1,65,1,2,0,0.2297
0,0,33,91.9,287,1,3,0,0.3099
1,1,32,65.6,15,1,2,1,0.9509
0,0,65,96.8,250,1,1,0,0.3374
1,1,35,89.3,281,0,3,0,0.7099
0,1,40,91.8,359,1,1,1,0.5581
0,1,59,96.3,230,0,1,1,0.2959
0,0,20,96.5,329,0,1,0,0.0666
0,1,24,58.2,252,0,2,1,0.4352
0,1,56,52.0,99,0,2,1,0.3171
0,1,28,83.0,93,0,1,0,0.3459
0,1,41,76.0,4,0,3,0,0.2904
0,0,52,63.0,6,1,2,1,0.4177
0,0,42,82.6,64,1,2,1,0.3219
1,1,45,48.4,218,1,1,1,0.8901
1,1,29,47.6,267,1,2,1,1.0
1,0,40,64.5,207,0,3,0,0.4193
0,1,34,55.7,175,1,2,1,0.6182
1,1,58,84.5,199,0,2,1,0.7005
0,0,54,97.1,280,0,3,0,0.0927
0,0,35,81.4,9,1,3,0,0.2974
0,1,26,81.0,253,0,2,0,0.2683
1,0,62,45.4,167,1,3,0,0.6882
1,0,52,73.2,288,1,2,1,0.7443
0,1,53,89.9,102,1,3,1,0.5772
0,1,35,81.0,15,1,1,0,0.426
1,0,37,57.5,327,1,2,0,0.7375
1,1,38,91.7,32,1,1,1,0.841
1,1,64,98.0,34,1,2,1,0.8678
1,0,37,60.3,182,1,3,0,0.6254
1,1,23,56.4,101,0,1,1,0.6488
1,0,26,63.6,331,1,2,1,0.7162
1,0,60,48.5,78,0,3,1,0.4942
1,1,46,93.0,16,0,3,1,0.7962
1,0,46,96.1,282,1,1,0,0.6307
0,1,30,79.8,20,1,2,0,0.4669
0,1,53,87.0,16,1,1,0,0.5556
0,1,44,81.8,75,1,2,1,0.6066
0,1,64,65.8,43,1,3,0,0.6836
1,0,61,79.8,27,0,3,1,0.6184
0,1,23,91.0,24,1,3,1,0.5426
0,0,56,89.5,200,1,2,0,0.2274
0,1,49,49.5,302,0,2,1,0.3823
1,1,60,70.4,100,0,3,1,0.746
1,0,61,66.9,278,0,2,0,0.5186
1,0,45,86.4,74,0,2,0,0.4062
0,1,62,72.6,305,0,3,0,0.3362
0,0,18,64.2,64,1,3,0,0.2504
0,0,60,83.8,254,1,2,0,0.3345
0,0,48,71.0,271,0,2,1,0.2587
1,1,47,59.1,123,0,1,0,0.6389
1,1,35,94.0,49,1,2,1,0.9299
0,1,46,51.2,12,0,1,0,0.2862
0,0,59,46.0,335,0,2,1,0.2393
1,1,55,52.9,245,0,1,1,0.7564
0,1,40,54.0,207,0,1,0,0.2226
1,0,39,74.6,34,1,3,1,0.7401
1,1,19,79.4,113,0,2,0,0.6632
1,1,22,69.7,31,0,3,1,0.731
0,1,59,56.2,252,0,3,1,0.5365
1,0,32,52.3,342,0,2,1,0.5847
0,0,49,72.1,247,0,3,0,0.1626
0,1,63,76.1,155,1,3,0,0.5739
1,1,23,61.7,364,1,3,1,1.0
0,0,31,57.1,321,1,3,0,0.3675
0,0,41,49.4,350,1,1,1,0.3524
1,0,38,46.4,352,1,2,0,0.648
0,1,31,50.8,302,0,2,1,0.4079
0,1,29,85.8,117,0,3,0,0.2612
0,0,21,63.9,34,1,2,0,0.3519
0,0,61,46.5,355,1,1,0,0.225
0,1,38,72.9,319,0,3,1,0.39
0,0,34,74.5,217,1,3,1,0.4302
0,1,46,68.6,267,1,3,1,0.6592
0,0,33,51.1,180,1,1,0,0.2216
0,1,35,86.5,43,1,2,1,0.5469
0,0,55,82.9,173,0,1,0,0.0435
1,1,58,66.7,266,1,2,0,0.8548
0,0,61,65.9,197,1,1,0,0.2924
1,1,28,53.6,344,1,1,0,0.793
0,1,49,86.4,301,1,3,1,0.6201
0,1,45,78.0,314,0,3,0,0.3621
0,0,33,49.7,98,0,3,0,0.1724
1,1,51,65.8,209,0,1,1,0.7576
0,1,47,94.7,199,0,1,1,0.3797
0,1,55,69.9,307,1,2,1,0.5058
0,0,39,62.9,303,0,1,1,0.1311
0,0,22,80.4,333,1,2,0,0.2731
1,0,26,56.2,146,0,3,0,0.5207
0,1,30,73.8,211,0,3,1,0.3758
1,0,56,81.8,357,1,1,0,0.5554
0,1,40,92.0,31,1,2,1,0.5904
0,0,44,83.1,345,0,2,1,0.2388
1,0,49,66.1,155,0,3,1,0.5335
1,0,48,87.2,75,1,1,1,0.6715
0,1,50,94.4,201,1,2,1,0.6741
1,1,59,71.3,226,1,2,1,0.8788
0,0,43,45.2,288,1,2,1,0.3541
0,0,35,93.5,141,1,3,0,0.3499
0,1,29,54.1,103,1,1,1,0.5532
1,1,20,51.9,214,1,2,0,0.8426
1,1,22,61.9,308,1,1,1,0.8481
0,1,31,65.9,107,0,2,1,0.3335
0,0,64,89.0,297,1,3,0,0.3251
0,0,29,66.4,291,1,1,0,0.3681
1,0,21,47.7,24,0,2,1,0.4934
1,1,33,80.0,228,1,3,0,0.8071
0,1,28,81.9,114,1,3,0,0.4934
0,0,53,89.8,341,1,3,0,0.3109
1,0,55,66.9,207,0,2,1,0.5739
1,0,65,49.7,189,1,3,0,0.5453
1,0,19,75.4,214,0,3,0,0.4453
1,0,30,51.7,8,1,3,1,0.8225
0,1,25,45.9,106,0,3,1,0.4457
1,0,61,87.8,226,0,3,1,0.5841
1,1,38,67.2,220,1,2,1,0.9189
0,1,43,73.9,205,0,1,1,0.3951
1,1,55,81.5,324,0,2,1,0.7929
1,0,52,67.1,180,0,2,1,0.4852
0,1,32,47.8,325,0,2,0,0.3661
0,0,57,58.9,128,0,1,0,0.1626
0,0,47,55.7,286,1,1,0,0.2524
0,1,19,98.8,172,1,3,0,0.4731
1,0,33,85.7,155,1,1,1,0.7447
0,1,30,69.8,101,0,2,0,0.3271
0,0,18,48.5,115,1,3,1,0.4026
1,0,60,51.4,167,0,1,1,0.4462
0,1,45,89.7,3,0,2,0,0.2888
0,1,18,97.0,197,0,3,0,0.1818
0,0,57,46.7,203,0,3,1,0.2349
1,1,51,95.1,61,0,3,0,0.4987
1,1,30,65.9,70,0,2,1,0.705
1,0,19,56.7,91,1,3,1,0.8228
1,1,21,50.6,175,0,2,1,0.8484
0,1,42,87.4,184,1,1,1,0.6111
1,0,51,70.8,55,1,3,1,0.7659
1,1,30,90.8,66,0,1,1,0.7164
0,0,53,57.4,62,0,3,0,0.12
1,1,49,82.3,40,0,3,0,0.604
1,0,38,51.5,230,1,3,1,0.8027
1,1,43,49.9,150,0,2,0,0.6197
1,0,32,52.3,174,0,1,1,0.5469
1,0,46,89.5,320,1,3,1,0.851
0,0,43,81.1,225,1,3,1,0.4086
0,1,38,54.1,96,0,2,0,0.2761
0,0,29,66.2,227,0,3,0,0.1433
1,0,29,87.0,35,1,2,0,0.6325
0,1,22,60.7,13,0,3,0,0.4119
0,0,59,95.7,164,1,1,1,0.342
1,0,43,95.3,180,0,2,1,0.4475
0,0,49,75.4,192,1,2,1,0.3827
0,0,19,79.8,302,0,3,0,0.2368
1,1,25,80.9,198,1,1,0,0.8309
0,1,44,59.2,335,0,3,0,0.3512
0,1,54,65.1,245,1,2,0,0.44
1,0,25,52.5,13,1,3,1,0.745
1,1,41,95.9,78,0,1,1,0.7706
1,0,30,84.8,0,1,2,0,0.6718
1,0,46,47.5,274,0,1,0,0.4932
1,1,30,75.2,313,1,1,0,0.7641
1,0,40,63.9,134,1,2,1,0.772
1,0,64,89.8,332,0,1,0,0.3262
0,1,32,63.9,114,1,3,0,0.5111
1,1,41,80.4,63,0,2,0,0.641
1,0,60,54.1,273,0,1,0,0.4796
0,0,40,75.7,195,0,1,0,0.1066
1,0,27,61.2,305,0,3,1,0.6549
1,0,55,54.1,323,1,3,1,0.8644
1,1,22,79.1,90,0,3,0,0.6586
0,1,22,80.1,271,1,3,0,0.4705
0,0,48,99.1,77,1,1,0,0.272
0,1,57,81.8,236,1,1,0,0.508
0,0,18,73.4,311,1,1,0,0.2488
1,1,19,95.2,13,0,2,1,0.7222
0,1,46,90.6,169,0,1,0,0.2908
0,0,24,75.2,108,0,2,0,0.1582
0,1,46,73.1,325,0,1,0,0.2076
1,0,26,96.8,317,1,3,0,0.755
0,1,53,78.9,42,1,1,1,0.5361
1,1,24,84.3,312,0,2,1,0.7512
1,0,45,49.8,357,1,3,0,0.7614
1,1,27,84.5,74,0,1,0,0.5664
0,1,33,59.6,306,1,2,0,0.5354
1,0,27,51.4,240,0,1,0,0.3816
1,1,56,91.7,322,1,3,0,0.8837
0,1,43,83.0,79,0,2,0,0.3513
0,0,51,67.4,171,0,3,0,0.1447
1,0,51,68.7,315,1,2,1,0.8239
1,1,57,55.8,258,1,3,1,0.8829
1,1,31,45.5,327,1,2,0,0.9274
1,0,35,64.2,113,1,2,1,0.681
1,0,18,53.2,335,1,1,0,0.5978
0,1,34,68.2,110,0,3,0,0.2921
1,1,39,90.9,309,1,1,0,0.8445
1,0,54,51.3,1,0,3,0,0.4698
0,1,33,50.0,28,1,3,0,0.5345
1,1,24,94.6,271,0,1,0,0.6392
1,0,32,86.0,246,1,2,0,0.6699
1,1,38,47.9,220,1,3,0,0.8649
0,1,19,49.4,94,0,2,0,0.2909
1,0,65,82.7,233,1,3,0,0.7039
0,1,42,65.4,314,1,1,1,0.5055
0,1,26,84.8,242,0,2,0,0.3265
0,0,37,67.2,23,0,1,1,0.1475
1,0,27,98.2,338,0,3,0,0.549
0,0,38,83.2,159,0,1,0,0.1305
1,1,21,47.6,329,0,3,0,0.7733
1,1,47,63.2,181,0,2,0,0.4811
0,1,51,76.0,240,0,2,0,0.2563
1,1,47,52.8,183,0,1,1,0.6575
0,0,31,45.1,351,1,1,1,0.383
0,0,39,49.4,342,0,2,0,0.0805
1,0,18,73.8,352,1,1,1,0.7804
1,1,25,79.8,349,1,1,0,0.7975
1,0,28,50.1,93,0,2,1,0.5397
1,1,18,81.6,326,1,3,0,0.8555
1,1,22,78.9,207,1,1,1,0.9184
0,1,62,96.7,52,1,1,1,0.4108
1,0,27,91.2,93,1,2,1,0.6963
1,1,56,96.9,97,1,3,1,0.8755
1,1,30,98.1,117,1,3,0,0.9215
0,0,38,69.2,289,0,1,0,0.0786
0,0,53,71.8,316,1,1,0,0.2706
0,1,62,60.5,357,1,3,0,0.5291
1,1,50,73.0,60,1,1,0,0.7824
0,1,60,53.3,251,0,3,1,0.4874
0,0,45,81.9,247,1,1,0,0.2673
1,0,26,46.4,263,0,1,0,0.3998
1,0,62,58.0,53,0,2,1,0.4367
1,0,28,56.4,180,1,3,0,0.6472
0,0,57,96.6,147,1,3,0,0.3142
0,1,46,53.0,45,0,1,0,0.2581
0,1,24,94.0,117,0,2,1,0.4092
1,1,44,51.8,92,1,3,0,0.8982
1,1,39,80.8,30,0,1,1,0.6805
0,0,48,62.6,212,0,1,1,0.1172
0,0,47,62.4,153,0,2,1,0.1785
0,1,45,99.9,277,1,3,1,0.5908
1,1,37,57.4,312,1,3,0,0.8023
1,0,32,56.1,103,1,1,0,0.6182
0,1,32,77.4,153,1,1,0,0.3575
1,1,29,85.7,272,1,2,0,0.7992
1,0,34,99.0,344,0,3,1,0.5944
1,1,40,83.6,356,1,3,0,0.9813
0,0,23,75.9,154,0,2,0,0.0534
0,1,62,67.5,322,1,3,1,0.5403
1,1,33,77.7,55,0,2,1,0.7163
1,1,44,78.0,279,0,3,0,0.6833
0,0,40,57.0,24,1,2,0,0.2219
0,0,18,81.9,265,1,2,1,0.3905
0,0,62,56.2,291,0,1,1,0.1342
0,0,24,71.9,233,1,3,1,0.4491
1,0,62,59.3,209,0,1,1,0.4746
0,0,56,62.2,124,0,2,1,0.1468
0,1,57,78.8,172,0,2,0,0.3294
0,1,65,48.5,117,1,2,1,0.5719
0,1,57,45.7,313,0,3,0,0.313
0,1,56,52.2,82,0,1,0,0.3201
1,0,35,54.3,81,1,2,0,0.6448
1,1,53,55.9,22,0,3,1,0.6679
1,0,39,87.6,135,0,2,0,0.3735
0,1,19,69.6,305,0,2,0,0.303
0,1,65,70.8,88,1,2,1,0.6225
1,0,43,80.4,298,1,2,0,0.5495
0,0,49,85.1,351,1,1,0,0.2181
0,1,40,45.2,210,0,2,0,0.3635
0,0,57,92.1,81,1,2,0,0.237
0,0,63,99.4,95,1,1,1,0.3059
0,1,35,51.7,45,1,1,1,0.4666
0,0,36,80.8,359,1,2,0,0.343
1,0,41,45.1,270,0,1,1,0.4362
0,0,21,47.7,48,1,1,0,0.2345
1,1,63,60.7,148,0,1,0,0.6264
0,0,19,91.6,74,0,1,1,0.147
0,0,47,80.9,220,1,2,1,0.4075
0,0,55,69.5,223,1,3,0,0.2999
0,1,48,69.1,5,1,3,0,0.5549
1,1,57,70.6,54,0,2,0,0.6441
0,1,33,62.1,338,0,3,0,0.2743
1,0,50,93.3,331,0,1,0,0.4025
1,1,20,76.2,14,1,3,1,1.0
1,0,35,71.6,10,1,2,0,0.6363
1,1,27,70.6,166,0,3,1,0.8079
0,1,19,96.5,73,0,2,1,0.3169
1,0,47,84.8,306,1,3,0,0.7423
0,0,47,53.0,164,1,1,1,0.2508
1,0,42,69.0,184,0,1,1,0.524
1,0,60,60.9,87,0,1,0,0.3795
1,0,41,99.3,242,0,3,1,0.569
0,0,52,67.8,355,1,3,1,0.4999
1,0,27,48.7,64,1,3,0,0.6026
0,1,65,67.6,272,0,1,0,0.2824
1,1,47,62.7,190,1,3,1,0.9891
1,1,43,78.0,141,0,3,0,0.6819
1,0,52,57.4,37,0,2,1,0.5925
0,1,41,47.0,152,0,1,1,0.3522
0,0,37,50.3,36,0,3,1,0.2273
0,1,56,60.6,226,0,2,0,0.3494
1,1,57,64.2,341,0,2,0,0.6257
1,0,52,90.9,251,0,2,0,0.4432
1,1,56,59.9,134,1,1,0,0.7381
1,1,27,46.7,10,0,2,1,0.7461
0,1,44,87.9,201,1,1,0,0.4663
1,1,32,92.8,333,0,2,0,0.6991
0,1,32,72.1,237,0,3,0,0.3285
0,0,54,60.7,307,0,1,1,0.1481
0,0,52,87.5,68,0,1,1,0.1608
1,1,20,45.5,169,0,3,1,0.8452
0,0,46,95.8,70,0,2,0,0.1054
0,0,21,92.6,270,1,1,1,0.2989
0,1,64,75.0,148,0,1,1,0.363
1,0,33,60.3,81,0,1,0,0.5007
0,0,22,46.8,0,1,1,1,0.3003
0,0,38,100.0,9,1,1,1,0.3103
0,1,57,86.9,146,1,3,1,0.5221
0,1,59,63.6,297,0,1,1,0.3696
0,1,38,46.1,93,0,1,0,0.2234
0,1,19,80.2,296,1,3,0,0.5643
1,1,31,99.3,232,1,2,1,0.949
0,1,22,83.9,147,0,1,0,0.2628
1,1,24,49.6,123,1,3,1,0.9945
1,0,28,67.1,267,0,3,0,0.3957
1,1,52,51.0,247,1,2,1,1.0
1,0,47,95.2,97,0,1,1,0.5174
0,1,61,63.2,105,0,1,0,0.2964
1,1,63,85.3,165,1,2,1,0.9601
0,1,18,49.7,112,0,3,0,0.3348
0,1,33,52.1,57,1,3,0,0.4987
0,0,64,82.4,365,0,3,1,0.2255
1,1,18,91.4,245,1,2,0,0.8938
0,0,39,56.1,266,1,2,0,0.3248
0,0,30,68.0,338,1,3,1,0.4291
1,0,44,79.1,175,1,1,1,0.774
0,1,32,88.8,295,1,1,0,0.4644
0,1,34,79.6,113,0,3,1,0.4357
0,0,26,50.2,93,1,1,0,0.1886
1,1,22,74.9,249,0,3,1,0.7617
0,1,40,93.7,354,0,3,1,0.3931
0,1,61,92.7,67,1,1,1,0.4876
0,0,60,77.2,148,0,1,1,0.1438
0,0,28,99.8,4,0,2,0,0.0405
1,0,41,50.8,245,0,1,1,0.5648
1,0,25,71.3,163,1,1,1,0.6738
1,0,64,87.6,249,0,1,1,0.5417
0,1,51,52.8,134,0,1,0,0.2146
0,0,59,98.5,183,0,3,1,0.2245
0,0,48,64.5,286,1,1,0,0.2176
1,0,39,64.3,211,1,3,1,0.8122
1,0,31,56.7,24,1,3,0,0.7272
0,1,22,60.8,357,1,2,0,0.4574
0,1,34,76.8,183,1,3,0,0.554
0,0,35,68.6,216,1,1,0,0.3427
1,1,36,55.6,336,1,2,0,0.8217
0,0,24,89.5,334,1,2,0,0.3854
1,0,43,48.4,161,1,2,1,0.7404
1,0,42,90.9,171,1,3,1,0.7677
0,1,35,60.1,362,0,3,0,0.3349
0,1,61,72.3,6,1,3,1,0.5869
0,0,32,66.0,102,0,2,0,0.0197
1,0,46,76.4,306,0,3,0,0.4628
0,0,63,88.8,152,0,3,1,0.3277
1,1,59,99.4,237,0,2,0,0.5778
1,0,18,61.8,169,0,2,1,0.5486
0,0,21,75.5,310,0,1,1,0.1716
0,1,26,70.6,293,1,2,1,0.5993
1,0,53,99.9,55,0,2,0,0.3843
1,1,49,89.5,91,0,2,0,0.5425
0,0,41,66.8,161,1,1,1,0.3693
1,1,54,71.2,156,0,1,0,0.5722
0,0,35,58.5,175,0,1,1,0.1616
0,0,32,86.5,71,1,2,1,0.339
0,1,37,91.5,76,0,1,0,0.2693
0,0,57,98.1,45,1,2,0,0.2697
1,1,19,76.1,292,1,3,1,0.9992
0,0,42,81.9,246,0,1,1,0.1922
0,1,30,69.5,2,0,3,0,0.3006
1,0,44,78.5,333,0,2,1,0.5229
1,1,30,64.2,223,0,3,0,0.7234
0,1,45,85.6,248,1,1,1,0.66
0,0,63,46.2,214,1,1,1,0.3812
1,0,32,46.6,76,1,2,1,0.5895
1,1,46,84.4,230,0,1,1,0.6723
0,1,38,96.2,49,0,3,1,0.3961
1,1,61,79.8,148,0,3,1,0.7509
1,0,48,85.0,106,0,1,1,0.4197
1,1,40,90.3,185,0,1,0,0.5706
1,1,54,64.9,286,1,2,1,0.9541
0,1,20,50.9,6,1,3,0,0.5112
0,0,52,96.3,312,1,1,1,0.3751
0,0,31,96.6,291,1,3,1,0.3956
0,0,19,69.3,341,1,2,1,0.3515
1,1,30,56.9,279,0,3,1,0.7628
1,1,19,94.1,23,1,2,0,0.7948
1,0,29,84.0,311,1,3,0,0.7142
1,0,44,45.5,212,1,2,1,0.6851
0,0,51,50.9,188,0,1,0,0.0668
0,0,57,99.1,76,0,1,0,0.0402
1,1,22,47.1,123,1,2,0,0.8135
0,0,42,60.5,283,0,3,1,0.2575
0,0,28,75.2,159,0,3,1,0.1985
1,1,30,55.1,332,1,3,0,0.9458
0,1,45,57.8,223,0,1,1,0.3994
0,0,38,64.4,245,0,1,1,0.1326
1,0,65,59.8,77,0,3,1,0.6382
1,0,43,89.2,95,1,1,0,0.4966
1,0,44,72.5,44,1,1,0,0.6662
0,1,43,60.3,68,1,1,0,0.5118
1,0,32,62.2,98,0,2,1,0.4752
1,0,23,47.2,67,1,2,1,0.7104
0,0,21,47.7,77,0,1,1,0.0879
0,0,21,84.5,145,0,1,1,0.1298
1,1,47,51.2,74,1,1,1,0.9619
0,0,30,71.2,338,1,3,1,0.4382
0,1,26,91.3,1,0,2,1,0.2646
1,0,59,65.3,156,0,3,1,0.6079
1,0,31,64.0,86,1,1,0,0.6059
0,0,45,93.0,249,1,1,0,0.208
1,1,57,92.6,47,0,3,1,0.8343
0,1,20,93.4,253,0,1,1,0.4027
0,0,58,76.5,64,1,2,1,0.3593
0,1,46,97.4,41,0,2,1,0.3846
0,1,50,90.0,133,0,1,1,0.4147
1,0,32,67.9,314,0,2,0,0.4884
0,1,64,79.6,80,0,1,0,0.1697
1,1,56,51.7,18,1,1,0,0.7489
0,1,32,75.3,363,1,1,1,0.4855
0,1,24,59.5,179,1,2,1,0.5807
1,1,62,60.6,316,0,3,1,0.6955
1,0,29,51.9,119,0,2,1,0.538
0,0,56,64.7,334,1,2,1,0.4528
0,0,24,71.5,18,0,3,0,0.0949
1,1,64,78.0,352,0,2,1,0.701
1,0,58,61.8,69,0,1,0,0.3901
1,1,23,88.6,188,1,2,1,0.9538
0,0,43,73.7,93,0,1,0,0.0917
1,1,26,80.1,149,0,1,0,0.5698
0,1,41,60.3,123,1,2,1,0.6085
1,1,47,89.8,132,1,3,0,0.8102
1,0,33,79.3,221,1,2,1,0.7005
1,1,65,92.4,66,0,2,0,0.6882
0,0,44,53.8,294,1,2,0,0.4032
1,1,50,65.9,230,0,1,1,0.6768
1,1,40,51.2,155,1,1,0,0.8621
0,0,62,56.9,149,1,3,0,0.3545
1,0,36,66.7,108,1,3,0,0.6399
0,1,53,94.2,306,1,2,0,0.5042
0,1,36,75.6,102,0,3,1,0.4396
0,1,39,63.2,80,0,2,1,0.4084
1,0,59,86.1,105,0,1,0,0.465
1,1,62,46.1,306,1,2,1,0.9119
0,1,50,65.4,27,0,2,1,0.4139
0,1,62,78.0,249,1,2,1,0.6381
0,1,27,77.1,285,1,2,1,0.6797
1,0,64,78.4,7,0,3,1,0.5344
0,0,49,56.6,253,1,2,0,0.3574
0,0,32,63.5,40,1,1,1,0.4115
1,0,56,96.2,152,1,2,0,0.6517
1,1,63,98.6,58,1,1,0,0.8028
0,1,25,62.2,204,1,3,0,0.5279
0,0,42,80.4,289,0,2,1,0.2487
0,1,35,58.3,166,0,1,1,0.4123
0,1,32,65.3,326,1,2,0,0.5416
1,1,43,88.6,213,1,2,0,0.8787
0,0,58,72.6,224,0,3,0,0.0973
1,0,61,91.7,293,1,1,0,0.5912
1,0,38,79.6,108,0,1,0,0.3371
0,1,39,79.6,243,0,1,1,0.4678
1,1,63,46.9,277,1,2,1,0.935
0,1,51,86.2,190,1,3,0,0.5607
1,0,54,98.8,154,1,2,1,0.6897
0,0,54,71.0,20,0,3,0,0.0784
1,0,31,53.7,162,0,3,0,0.4134
1,0,21,98.7,249,1,1,1,0.675
0,1,41,61.0,46,1,3,1,0.6102
1,1,19,67.5,49,0,1,1,0.7061
1,0,18,49.3,137,0,2,0,0.4378
1,0,19,51.1,110,0,2,1,0.4919
1,1,30,56.9,283,0,3,1,0.7793
1,1,44,75.2,231,1,1,0,0.8597
1,0,34,75.7,292,0,1,1,0.5805
1,0,62,78.3,168,1,2,0,0.6744
1,0,34,77.1,188,0,3,0,0.4927
1,1,22,72.2,50,0,1,0,0.5752
0,1,41,89.1,7,0,1,1,0.3008
1,1,25,96.4,228,0,3,0,0.6774
1,1,61,59.8,232,1,2,0,0.857
0,1,26,52.2,18,1,1,0,0.4864
1,0,35,68.4,29,1,1,1,0.6567
1,0,33,46.5,141,0,3,1,0.5188
0,0,49,93.6,291,1,3,0,0.2421
1,0,57,58.2,115,1,1,0,0.653
0,0,56,75.2,106,1,1,1,0.3417
0,1,58,51.3,33,1,3,0,0.4257
1,0,61,75.4,177,0,3,0,0.4454
0,0,63,47.1,31,0,1,1,0.1019
0,0,49,87.3,297,0,3,1,0.2149
1,1,59,97.5,160,0,1,0,0.6363
1,0,65,61.9,269,1,3,0,0.6337
0,1,19,59.2,113,0,1,0,0.2904
1,0,55,69.6,93,0,1,0,0.3618
0,0,60,79.1,30,0,3,0,0.0646
0,1,21,55.4,151,1,2,0,0.4291
1,0,22,89.2,242,0,1,1,0.5113
0,0,54,55.9,264,0,2,0,0.1165
1,1,54,45.3,355,0,2,0,0.6444
1,0,43,73.8,325,0,3,1,0.5912
1,1,60,51.3,23,1,1,1,0.8728
1,1,26,83.4,217,1,2,0,0.8904
0,1,32,54.2,353,1,1,0,0.4701
1,1,41,90.0,64,0,1,1,0.6951
1,1,41,70.9,214,0,2,0,0.7233
1,0,52,76.1,99,1,2,1,0.8649
0,0,65,55.3,305,0,1,0,0.0337
1,0,58,53.1,249,1,2,1,0.8195
0,1,42,79.7,275,1,2,1,0.5557
0,0,43,59.1,314,0,1,1,0.2119
0,1,40,66.2,314,1,2,0,0.5984
0,0,23,71.4,89,1,2,1,0.4093
1,1,58,57.6,339,0,1,0,0.6283
1,1,44,88.7,250,0,2,0,0.5575
0,0,36,96.7,64,0,3,1,0.1798
0,0,48,68.8,235,1,1,0,0.2342
1,0,55,95.5,76,0,3,1,0.5254
0,1,60,93.5,57,0,1,1,0.342
0,0,49,54.1,99,0,3,1,0.2268
0,1,19,54.5,299,0,3,1,0.3277
1,0,35,71.3,244,0,2,0,0.3674
0,1,45,73.9,51,0,1,0,0.3006
0,1,24,63.8,161,0,1,0,0.2378
0,0,40,62.2,190,0,2,1,0.1615
1,0,53,68.7,121,0,2,0,0.4494
0,0,41,83.0,267,0,3,0,0.1967
1,1,45,49.6,293,1,1,1,0.8381
1,1,42,84.1,245,1,2,1,0.8871
1,0,56,95.9,183,1,2,1,0.7163
1,0,21,87.0,345,1,3,0,0.7632
0,0,62,55.5,167,0,3,1,0.3054
0,1,36,49.8,103,0,2,0,0.2835
1,1,21,72.0,88,1,3,1,0.9828
0,0,30,97.6,11,0,1,1,0.1033
0,0,18,90.0,88,0,3,0,0.1075
1,1,51,76.0,153,0,1,0,0.6049
1,1,24,52.9,35,0,2,0,0.5633
0,0,42,84.3,15,0,2,1,0.1837
0,0,40,89.7,205,1,3,0,0.3664
0,0,47,96.4,161,1,2,0,0.3208
0,1,24,78.7,199,1,3,1,0.5797
1,0,62,73.3,204,1,3,0,0.6472
1,1,34,79.1,156,1,3,1,0.9486
1,0,50,96.9,318,1,3,1,0.8083
0,0,19,79.5,298,1,1,1,0.3848
1,0,55,59.2,18,1,1,0,0.6442
0,0,61,80.0,137,1,2,0,0.2946
1,0,30,93.4,55,0,3,1,0.6212
0,0,49,76.2,187,0,2,0,0.1561
0,1,39,72.6,42,0,3,1,0.3762
1,1,26,85.3,303,1,2,1,0.9634
1,0,34,81.4,295,1,1,1,0.7147
0,1,35,48.1,289,1,2,1,0.6336
0,1,57,84.9,365,1,3,0,0.5771
1,1,57,67.4,112,1,3,1,0.9918
0,1,44,96.7,128,1,2,0,0.4815
0,0,28,98.4,274,1,2,1,0.4115
0,0,45,69.7,256,0,3,1,0.3252
1,0,25,98.3,87,0,2,1,0.5073
0,0,35,62.1,215,1,1,1,0.3388
0,0,30,82.5,358,1,3,1,0.4137
0,1,50,49.1,339,0,3,1,0.4789
1,1,32,53.0,283,1,1,0,0.843
1,0,39,92.5,106,0,2,0,0.4354
1,0,55,94.2,300,1,1,0,0.5994
0,0,47,74.3,23,0,3,0,0.1159
0,0,23,63.7,231,0,1,0,0.0939
0,1,62,69.8,43,1,2,1,0.5203
0,1,51,92.8,77,1,2,0,0.5083
0,1,36,56.6,317,1,3,0,0.4816
0,1,50,61.2,142,1,3,1,0.7155
1,0,31,88.2,214,0,1,1,0.5056
0,0,65,96.4,3,0,2,1,0.2321
1,0,64,50.1,211,0,1,1,0.5091
0,1,58,89.2,286,1,3,0,0.6052
0,0,36,80.5,314,0,1,0,0.1532
1,0,57,57.7,198,0,2,0,0.4685
1,0,32,86.6,0,1,3,0,0.6054
0,1,27,85.0,324,1,1,1,0.5363
0,0,19,52.8,13,0,1,0,0.0521
0,1,19,72.6,221,0,2,1,0.4032
1,1,38,86.7,278,0,2,0,0.7011
0,1,29,55.5,107,1,1,1,0.5417
0,0,27,70.5,117,0,2,1,0.2057
1,0,29,51.6,118,1,3,0,0.667
1,0,56,61.9,237,1,1,0,0.6373
0,1,19,57.0,353,1,1,0,0.4991
0,1,18,72.8,253,0,3,1,0.4747
1,0,19,52.8,44,1,2,0,0.6422
0,1,40,66.1,125,0,3,1,0.4884
1,1,45,60.1,134,1,3,0,0.9666
1,0,34,86.0,312,0,1,0,0.4807
0,0,57,83.5,63,0,3,1,0.2055
1,1,38,50.2,257,0,2,0,0.6948
1,0,61,97.4,5,0,1,0,0.4234
0,0,51,86.0,363,1,2,0,0.2853
1,1,26,78.9,316,0,3,0,0.7913
1,1,34,71.3,16,1,3,0,0.9136
0,1,59,54.8,281,1,2,1,0.5981
0,0,62,97.9,331,1,1,1,0.3822
1,0,49,45.4,40,1,3,0,0.5986
0,1,22,83.1,365,1,3,0,0.5523
1,1,31,72.9,354,0,3,1,0.8235
1,0,63,94.6,354,1,1,1,0.7239
1,1,64,65.9,309,0,1,1,0.6701
0,0,42,73.5,303,0,3,1,0.272
1,1,39,85.8,350,0,1,0,0.6181
1,0,22,47.6,231,0,2,1,0.5097
0,0,55,48.0,89,1,3,1,0.4318
0,0,26,56.6,149,1,2,0,0.2318
0,0,48,53.1,71,1,1,0,0.2486
0,1,58,45.4,359,0,1,0,0.3439
1,1,38,79.3,307,0,2,0,0.7034
0,0,53,88.8,256,1,1,1,0.393
0,0,18,97.6,44,1,3,1,0.4093
1,0,39,69.2,39,0,2,1,0.4184
1,1,40,60.4,191,1,2,1,0.9276
0,1,40,92.5,10,0,3,1,0.4014
0,1,32,91.4,351,0,1,0,0.3201
0,1,63,79.4,134,1,2,0,0.4418
0,0,18,60.0,178,1,2,1,0.4178
1,1,23,95.0,220,0,3,1,0.812
0,0,57,54.8,221,0,1,1,0.1672
1,1,52,47.4,38,1,2,0,0.8665
1,1,34,88.8,43,1,1,1,0.8279
0,1,40,76.0,312,1,2,1,0.5643
1,1,37,58.6,296,1,1,1,0.9292
0,1,45,81.9,294,0,2,0,0.2705
0,0,54,87.2,147,0,1,0,0.0486
0,0,35,91.5,21,0,1,1,0.1935
0,0,24,60.5,156,0,2,1,0.031
1,1,64,46.4,301,0,1,0,0.742
0,1,37,73.1,2,1,1,0,0.466
1,0,41,92.1,200,0,3,0,0.4818
0,1,33,56.4,311,0,3,0,0.3241
1,1,30,68.2,322,1,3,1,1.0
1,0,45,59.1,344,0,3,0,0.477
0,1,24,45.7,96,1,1,0,0.4539
0,1,32,94.4,108,1,2,0,0.4834
1,0,40,52.4,227,0,2,0,0.4255
1,1,40,87.2,241,0,3,0,0.6954
1,1,48,64.1,296,0,2,1,0.7284
0,0,22,60.3,28,0,2,1,0.1892
0,0,44,96.8,358,1,1,0,0.3154
0,1,61,81.1,108,1,1,1,0.6457
0,0,27,82.8,10,1,2,0,0.2755
1,1,59,86.8,94,0,1,1,0.8109
1,1,24,63.8,131,1,3,1,0.9962
1,1,49,76.0,92,0,3,1,0.774
1,1,40,59.9,53,1,2,1,0.8808
1,0,64,90.9,241,1,2,1,0.739
0,0,26,78.0,194,0,3,0,0.1803
0,0,46,58.4,257,1,2,0,0.2459
1,0,44,94.5,355,0,2,1,0.5283
0,1,55,76.9,333,1,1,1,0.5778
0,0,38,72.2,303,1,1,1,0.3712
0,1,60,46.9,67,0,3,0,0.3653
0,1,23,95.0,299,1,3,1,0.7019
0,1,43,97.4,189,1,3,1,0.5673
1,1,37,75.9,127,1,3,0,0.908
1,1,32,69.3,349,0,3,0,0.6733
0,0,62,64.8,338,0,1,0,0.0949
1,1,55,59.7,18,0,2,0,0.6146
1,0,37,76.6,171,0,3,0,0.5134
0,1,32,52.0,61,1,3,1,0.507
0,1,46,95.6,66,1,1,0,0.4252
0,1,23,54.7,210,0,1,0,0.3372
0,1,33,86.0,341,0,1,0,0.276
1,1,18,61.9,174,1,1,0,0.6903
0,0,23,57.4,339,0,2,1,0.178
0,1,33,75.7,6,0,2,1,0.4197
1,0,50,87.1,232,0,1,1,0.4602
0,0,24,85.0,198,0,1,0,0.0341
1,0,27,57.9,21,1,3,0,0.6826
1,0,25,63.2,228,1,2,1,0.7629
0,0,38,92.8,312,0,3,1,0.1763
1,1,43,84.8,349,0,1,1,0.6434
0,1,54,84.2,124,1,3,0,0.4831
1,1,35,59.8,72,1,1,1,0.9051
0,1,21,88.6,185,0,2,0,0.3065
0,0,37,64.7,282,1,3,0,0.4015
1,1,65,67.1,37,1,3,0,0.7595
0,1,59,60.8,247,1,3,0,0.5578
1,1,65,51.7,75,1,2,1,0.901
1,0,57,68.1,140,1,2,0,0.628
0,0,36,45.9,96,1,3,0,0.3427
1,0,50,70.1,142,0,3,0,0.541
0,0,40,84.9,79,1,3,0,0.3092
1,0,26,97.8,255,1,1,1,0.7236
0,1,55,49.3,353,0,1,1,0.4115
1,0,62,60.5,303,0,1,0,0.4366
1,1,62,72.2,14,0,2,1,0.7552
1,1,35,54.4,354,0,3,1,0.9053
1,1,63,51.4,295,0,1,0,0.7735
1,0,19,69.9,285,0,3,1,0.5871
0,1,65,76.9,22,0,2,0,0.3645
0,1,34,90.1,264,0,1,0,0.25
1,0,33,99.9,159,0,3,1,0.5346
0,1,63,87.6,290,1,2,0,0.4008
0,0,62,57.2,304,0,2,1,0.2181
0,0,65,86.1,95,0,1,1,0.135
1,0,41,74.5,271,1,2,0,0.6574
0,1,48,69.8,287,1,2,1,0.6121
0,1,18,96.5,280,0,1,1,0.3776
1,1,45,83.6,349,0,3,1,0.8081
1,0,50,82.5,292,1,2,0,0.5527
1,1,59,45.6,36,0,3,1,0.6976
1,1,54,92.6,162,0,3,1,0.7808
1,0,56,88.6,300,0,3,0,0.416
0,1,21,61.4,135,0,1,1,0.38
0,1,18,61.1,240,0,2,1,0.3758
0,0,50,47.9,174,0,1,1,0.1421
1,0,27,47.8,291,0,3,1,0.6033
0,1,20,81.8,117,0,2,1,0.4252
1,1,54,55.2,337,1,3,0,0.9238
0,0,62,95.8,358,1,3,1,0.439
0,0,38,91.3,256,0,1,0,0.0913
1,0,26,64.2,217,0,1,0,0.3798
0,1,57,65.9,202,0,2,0,0.219
0,0,60,63.0,142,0,2,1,0.1079
1,1,41,50.1,254,0,3,1,0.7745
0,0,63,46.7,95,0,3,0,0.1254
0,1,25,69.9,206,1,3,1,0.5955
0,0,41,96.9,347,1,1,1,0.3358
1,0,41,95.4,86,1,2,0,0.5968
1,1,27,89.5,130,0,1,0,0.5702
0,0,52,79.6,114,0,1,1,0.104
0,0,21,92.1,287,0,3,0,0.1522
1,1,61,73.3,254,1,3,1,0.9878
1,1,26,54.9,147,1,3,0,0.9956
1,0,28,82.6,55,1,1,1,0.6736
0,0,60,95.6,333,0,3,1,0.2229
0,1,65,46.1,98,1,1,1,0.5938
1,1,30,58.8,359,1,1,0,0.8193
1,1,44,59.6,297,1,1,1,0.8602
0,1,47,50.4,328,1,2,1,0.6519
1,0,63,57.4,59,0,1,1,0.4715
0,0,56,66.1,183,0,3,0,0.1901
1,0,29,96.7,174,0,3,0,0.5205
1,1,36,92.3,151,1,2,0,0.949
0,1,57,97.0,296,1,3,0,0.5125
1,0,21,51.6,3,1,3,0,0.6498
1,1,51,46.5,75,0,3,1,0.7211
0,1,40,51.0,0,0,2,0,0.2465
0,0,62,95.3,269,0,1,0,0.0626
0,0,43,53.7,352,0,2,0,0.0094
0,1,24,76.5,163,1,2,0,0.5228
0,0,35,57.5,297,1,3,1,0.4594
1,0,59,46.1,47,0,3,1,0.6854
1,1,21,49.7,17,1,2,0,0.8346
0,1,25,84.0,88,0,1,1,0.258
0,1,39,55.0,331,0,2,1,0.4469
1,1,43,57.6,315,0,1,1,0.7164
0,0,30,65.7,155,0,3,1,0.2
0,1,63,81.1,180,0,2,0,0.2856
0,1,34,70.8,8,0,1,1,0.3872
1,0,61,97.0,151,1,2,1,0.7552
0,0,53,68.9,147,0,2,1,0.3016
1,0,58,56.0,26,1,3,0,0.6282
1,1,64,74.5,100,0,1,0,0.6173
0,1,32,69.8,198,0,1,0,0.268
0,0,35,88.3,82,0,1,0,0.0
0,1,44,96.4,53,0,1,1,0.3014
1,0,23,91.0,341,1,1,0,0.6728
0,1,51,66.4,81,0,3,1,0.3961
1,0,58,56.9,142,1,2,0,0.6673
1,0,22,95.3,252,0,3,0,0.4817
1,0,29,66.2,96,0,2,1,0.4913
0,0,46,87.4,358,1,1,1,0.3469
1,0,54,99.4,39,1,3,1,0.6965
1,0,29,76.8,228,1,2,0,0.6983
0,1,42,71.4,196,1,2,0,0.4778
0,1,64,83.5,170,0,2,1,0.3429
0,0,51,55.7,319,1,1,1,0.348
1,1,28,71.9,1,1,3,0,0.772
1,1,40,62.2,285,1,2,1,0.9787
0,1,41,54.0,51,0,1,0,0.2606
1,1,35,78.6,356,1,3,0,0.9375
1,0,27,76.7,102,0,2,0,0.4087
0,1,22,86.9,32,1,1,1,0.5068
1,1,48,93.0,264,0,2,0,0.6592
1,1,42,57.1,10,1,1,0,0.7755
0,0,34,87.9,75,1,3,0,0.2515
0,0,45,65.2,53,0,2,0,0.1382
1,1,18,79.6,330,0,1,0,0.6054
1,1,62,91.8,96,0,1,0,0.67
0,1,19,59.1,147,0,1,0,0.1859
0,1,64,78.1,4,1,3,1,0.6507
0,1,57,71.4,279,1,1,0,0.4712
0,0,19,88.5,286,1,2,0,0.3125
0,0,44,83.3,105,1,3,0,0.4533
0,1,25,87.3,43,1,2,1,0.5387
0,1,44,60.8,205,1,1,1,0.5916
0,1,54,83.7,279,1,1,0,0.5254
1,0,34,78.3,117,0,2,0,0.4767
0,0,21,70.1,267,0,2,1,0.2002
0,1,61,65.8,177,1,3,0,0.5034
0,0,55,63.2,340,1,1,0,0.2907
1,1,48,45.5,227,0,3,0,0.7286
1,0,22,54.3,280,1,1,0,0.6637
0,0,42,48.2,116,0,2,0,0.0571
0,0,45,91.7,141,1,3,1,0.4083
1,0,36,92.3,71,0,1,0,0.3929
0,0,54,91.5,28,0,2,0,0.0948
1,0,59,90.0,24,0,3,1,0.5778
0,1,40,57.2,86,0,3,1,0.3998
0,1,53,72.0,186,0,3,1,0.4862
1,1,62,94.9,99,0,2,0,0.6026
1,1,30,86.8,254,0,3,1,0.8455
1,1,34,45.1,177,0,1,1,0.7254
1,1,47,70.3,139,1,2,1,0.9882
1,1,40,45.6,81,0,3,0,0.7264
1,1,20,60.4,355,0,2,0,0.6276
1,1,30,69.0,18,1,1,0,0.7355
1,0,49,94.1,254,1,3,0,0.7687
1,1,62,81.0,52,1,2,0,0.9069
0,1,52,64.9,34,1,2,0,0.4891
0,0,19,72.0,154,1,1,0,0.2556
0,1,64,90.0,66,1,1,0,0.3688
0,1,20,61.5,229,0,2,0,0.2836
0,0,65,78.8,50,1,3,0,0.2832
1,0,46,59.4,360,1,3,1,0.8382
0,0,27,71.4,42,1,2,1,0.3936
0,1,37,46.4,34,1,1,0,0.5251
0,1,51,91.9,14,1,3,0,0.401
1,1,32,47.7,143,0,3,0,0.7003
1,1,57,57.3,354,1,1,1,0.9009
1,1,62,63.3,68,0,1,0,0.5908
0,1,18,79.4,198,0,1,1,0.4106
0,1,43,84.6,84,0,2,1,0.3677
0,1,49,49.4,168,0,2,0,0.4511
0,1,19,47.4,192,1,2,1,0.5749
0,1,49,88.9,29,0,1,0,0.2164
0,0,58,84.2,146,1,2,0,0.1982
1,1,46,90.7,87,0,1,1,0.7146
1,0,37,82.2,301,1,2,1,0.7615
1,1,40,86.3,315,1,2,1,0.8872
1,0,29,65.8,78,1,3,1,0.7395
0,1,61,77.5,226,0,1,0,0.2979
0,1,27,89.3,23,1,3,1,0.5435
0,0,36,54.5,176,0,1,1,0.119
0,0,27,68.3,186,0,2,0,0.1025
0,0,36,85.7,269,1,2,1,0.4324
0,0,43,74.3,213,0,2,1,0.2619
0,0,41,82.5,294,1,1,0,0.4364
0,0,26,61.1,263,1,1,0,0.259
1,1,46,46.8,175,1,2,1,0.8482
0,1,46,46.6,79,0,3,1,0.3259
1,0,54,96.9,237,1,2,0,0.8048
0,1,45,96.9,80,1,2,1,0.5691
0,1,20,56.6,196,0,2,1,0.4769
1,0,40,53.1,296,0,2,1,0.5967
0,1,21,46.0,290,0,3,1,0.3716
0,1,31,57.7,180,0,3,1,0.3875
1,0,55,63.4,53,1,3,1,0.8715
0,0,30,58.3,164,0,1,1,0.1228
1,1,45,88.9,17,0,2,1,0.7384
0,1,56,86.2,276,0,1,0,0.272
0,0,61,49.5,255,0,2,1,0.0876
1,0,37,83.4,297,1,3,0,0.7981
0,1,45,73.6,320,0,2,0,0.2419
1,1,49,52.3,135,0,3,1,0.7689
0,0,31,85.7,211,1,2,1,0.3479
0,0,30,49.7,240,0,2,0,0.1502
1,1,28,54.7,113,1,3,1,0.9728
0,0,55,53.2,356,0,2,0,0.1891
1,0,56,96.6,316,1,3,0,0.804
0,1,59,83.4,196,1,3,1,0.6819
1,0,32,67.6,186,0,2,1,0.5682
1,0,26,90.2,265,1,3,0,0.6552
1,0,20,56.9,190,1,1,1,0.6867
1,0,22,96.2,262,1,1,1,0.7626
0,0,45,83.3,34,1,2,0,0.2725
1,0,59,75.8,346,1,3,1,0.8758
0,1,32,88.7,41,0,1,1,0.4181
0,0,20,80.5,212,0,1,0,0.0801
0,0,52,93.8,87,0,3,1,0.1717
1,1,24,90.6,284,0,1,1,0.7135
1,1,47,55.9,154,1,1,0,0.8523
0,1,41,58.2,293,0,2,1,0.3488
0,0,48,48.6,257,0,2,1,0.2533
0,1,31,57.1,24,0,3,0,0.2632
1,1,33,63.9,193,0,3,0,0.647
1,1,21,46.6,293,1,1,1,0.8866
1,0,20,62.3,58,1,2,1,0.6641
0,1,52,87.4,105,0,3,1,0.4865
1,0,26,91.2,6,0,1,0,0.4013
1,0,21,45.5,176,1,2,1,0.6993
1,1,36,45.4,195,0,3,1,0.7504
1,0,41,53.0,363,0,2,0,0.5382
0,0,28,93.0,231,0,1,1,0.1525
0,0,32,70.8,296,0,1,0,0.112
0,0,53,99.1,201,0,1,0,0.0507
0,0,48,93.8,360,0,2,1,0.2568
1,1,25,94.0,219,1,3,0,0.8401
0,0,19,52.1,349,1,3,0,0.2992
0,0,20,71.1,279,1,1,0,0.2676
0,0,20,99.6,291,0,1,0,0.1089
0,0,38,53.2,335,1,1,0,0.2574
0,1,29,76.6,276,0,1,1,0.361
1,1,31,63.9,282,1,2,0,0.8636
0,0,40,66.3,310,1,1,0,0.2483
1,0,30,94.0,84,1,1,1,0.6607
1,1,33,77.3,218,1,3,0,0.8894
1,0,34,86.7,226,1,2,1,0.8133
0,0,35,82.0,314,0,1,0,0.0408
0,1,30,74.1,329,1,2,1,0.5979
1,1,43,88.5,289,0,1,1,0.7455
0,0,62,98.4,51,0,2,1,0.1845
1,1,57,98.2,141,1,1,1,0.9728
1,0,56,88.4,58,0,1,0,0.3903
0,0,48,71.8,56,0,2,0,0.0063
0,0,57,54.0,119,1,1,0,0.1907
1,0,34,47.4,36,0,1,0,0.4522
0,1,49,57.7,185,1,2,1,0.5313
1,1,18,63.7,287,1,3,0,0.8819
1,1,52,52.1,275,1,3,1,0.9336
0,0,53,57.4,125,1,1,0,0.252
1,1,36,49.6,212,1,2,1,0.9595
0,0,45,73.8,336,0,3,0,0.1623
0,1,19,51.9,188,1,2,0,0.487
1,0,46,85.9,184,1,3,0,0.6068
0,0,60,63.3,108,0,1,0,0.0201
1,1,46,82.0,51,0,2,0,0.5932
0,0,60,93.5,343,0,1,0,0.13
1,0,36,49.7,340,1,1,0,0.6006
1,1,45,99.4,334,1,1,1,0.8342
1,1,51,80.5,100,1,2,0,0.8732
0,0,48,47.9,315,0,3,1,0.2673
1,0,54,62.3,145,1,1,1,0.6718
1,0,36,93.7,204,0,2,1,0.4821
1,0,49,77.8,174,0,3,1,0.5509
0,1,46,60.8,230,1,1,0,0.4647
1,1,26,96.7,125,1,3,1,0.9969
1,0,24,88.3,267,0,3,1,0.6754
1,0,29,85.5,250,1,2,1,0.7665
0,0,48,93.9,357,1,2,1,0.4492
1,0,35,87.3,111,0,2,0,0.3525
0,1,45,60.8,39,0,3,0,0.2504
0,1,38,77.1,217,1,3,0,0.585
0,1,26,91.3,235,1,2,1,0.5333
0,1,51,54.9,191,0,3,1,0.3881
0,0,51,54.0,274,1,3,0,0.3566
1,0,64,53.7,86,0,3,0,0.4806
1,0,41,55.7,239,0,2,1,0.5036
0,1,33,50.7,355,1,1,1,0.6597
0,1,45,91.1,154,1,1,1,0.4977
1,1,63,90.0,179,0,2,1,0.7562
1,1,64,53.3,79,1,3,0,0.9487
1,0,52,83.8,6,0,2,1,0.5347
0,0,23,79.5,250,0,1,0,0.0
1,1,55,60.2,190,0,2,0,0.6895
1,1,58,57.5,76,1,1,0,0.7844
0,0,28,58.8,54,0,1,1,0.1758
0,0,21,85.2,203,1,2,0,0.3652
1,0,31,62.6,346,0,2,1,0.4838
1,0,30,60.3,158,0,1,1,0.5271
0,0,32,46.2,138,0,3,1,0.2807
1,1,25,95.0,229,1,3,0,0.8992
1,0,60,86.4,321,1,1,0,0.7028
1,0,41,71.0,66,1,3,0,0.6696
1,1,28,96.9,97,1,1,1,0.9812
1,0,65,61.1,113,1,1,0,0.517
0,0,52,82.1,12,1,1,0,0.2802
1,1,42,61.8,146,1,2,1,0.8103
1,1,40,62.3,221,1,2,0,0.8641
0,1,64,91.5,20,1,2,0,0.4114
1,1,62,88.3,214,1,1,0,0.8536
1,1,24,61.2,143,1,2,1,0.916
0,1,22,49.5,339,0,3,0,0.3515
0,0,49,64.7,111,0,3,1,0.1841
1,0,45,86.8,77,1,2,1,0.8182
0,0,61,50.5,153,0,2,0,0.0774
1,0,20,82.0,85,1,1,0,0.5519
1,1,47,93.9,360,0,2,0,0.5916
0,1,61,54.9,75,0,2,0,0.232
0,1,22,92.4,30,1,2,0,0.4197
1,0,50,47.8,359,0,1,1,0.5328
1,1,37,81.7,323,0,3,0,0.6806
1,0,47,88.5,167,1,1,1,0.5973
0,1,61,69.5,282,0,2,0,0.285
0,0,39,56.2,348,1,2,0,0.2008
1,1,39,95.9,219,1,3,0,0.9221
1,1,55,46.1,271,0,2,1,0.7438
1,0,46,75.5,199,1,1,0,0.5444
1,1,38,65.5,112,1,1,0,0.7863
1,1,35,70.4,12,1,1,1,0.9342
1,0,65,74.5,59,0,1,0,0.3784
1,0,28,74.4,334,0,2,1,0.5659
1,1,27,56.2,187,0,1,0,0.6516
1,1,52,82.4,363,0,2,0,0.6374
0,1,43,46.1,287,0,1,0,0.2277
0,1,61,46.2,54,1,3,1,0.5637
1,1,63,71.3,242,1,3,0,0.9247
1,1,21,74.8,152,0,1,1,0.7148
0,0,27,60.1,168,0,3,0,0.1498
0,1,56,75.3,281,1,3,1,0.575
0,0,33,73.4,108,0,3,1,0.2985
0,0,58,64.2,337,1,3,0,0.3987
1,1,47,80.8,35,0,2,0,0.5684
1,0,20,97.7,211,0,1,0,0.438
0,1,51,72.0,352,1,3,0,0.5015
1,0,42,88.2,339,0,2,0,0.3843
1,1,55,58.6,130,1,3,1,0.9879
1,0,59,86.9,58,1,2,1,0.736
0,1,53,80.7,161,1,1,1,0.5841
0,0,21,80.2,261,1,2,1,0.4489
1,0,59,94.1,158,1,1,0,0.6454
0,0,27,57.8,226,1,2,1,0.4024
0,0,30,65.3,159,0,2,1,0.1848
0,0,23,49.6,297,1,3,0,0.4067
1,0,24,84.9,312,1,3,1,0.7756
1,1,45,91.4,328,0,2,1,0.8158
1,1,54,67.3,45,1,2,0,0.7243
0,0,32,64.6,343,0,2,1,0.1854
0,0,47,81.2,311,1,1,1,0.3735
1,0,57,49.2,122,1,2,1,0.765
0,1,27,61.2,213,1,1,0,0.503
0,0,29,65.1,157,1,1,0,0.3075
0,0,34,73.5,163,0,1,0,0.0667
0,0,65,71.2,281,0,1,1,0.1648
1,1,47,56.5,49,0,1,1,0.7473
1,0,18,74.7,129,0,1,1,0.5082
0,1,53,95.9,361,0,1,0,0.346
1,0,57,46.5,363,0,2,1,0.5926
1,0,41,82.4,262,0,1,0,0.4199
1,1,55,79.4,154,0,2,0,0.6832
0,0,38,95.8,335,0,2,0,0.1263
1,0,59,80.5,304,1,1,1,0.7377
0,0,49,79.4,45,0,2,0,0.0318
1,1,35,87.3,247,1,2,1,0.9412
1,1,30,59.7,220,0,1,1,0.6889
1,0,54,77.8,212,1,2,1,0.7586
1,0,61,73.6,320,0,2,1,0.57
0,1,38,69.1,1,1,3,1,0.5915
1,1,35,49.4,205,0,3,1,0.7714
1,0,57,61.1,229,0,1,1,0.5371
1,0,63,60.4,334,0,1,0,0.3412
1,0,64,84.8,191,1,1,0,0.5366
1,1,43,95.6,319,0,1,0,0.6184
0,1,22,57.7,355,1,1,1,0.6438
0,1,22,49.1,252,1,3,0,0.6062
0,1,48,100.0,315,1,3,0,0.4697
0,0,45,83.0,88,0,2,0,0.2358
1,1,30,93.8,14,1,3,1,0.9074
0,1,28,52.9,164,1,1,0,0.4064
0,1,18,89.0,261,1,3,0,0.4194
1,0,41,89.7,44,1,2,1,0.6902
0,0,30,53.3,331,1,1,1,0.3618
0,0,35,53.9,179,1,1,1,0.4348
1,0,41,61.2,105,1,2,0,0.6718
0,1,46,56.9,321,1,3,1,0.6992
0,1,45,98.6,147,1,2,0,0.5813
0,0,55,65.0,189,0,1,1,0.2708
0,0,62,86.9,128,1,1,1,0.4492
1,0,39,89.3,347,1,3,0,0.716
0,1,37,66.2,204,1,2,0,0.4744
1,1,28,82.5,29,1,3,1,1.0
1,1,37,50.9,9,0,1,1,0.6475
1,1,58,66.8,108,0,2,0,0.6621
1,0,30,98.2,149,0,2,0,0.4265
0,0,64,54.3,284,1,3,1,0.411
0,1,41,66.2,324,0,1,0,0.1943
0,1,60,88.5,138,0,2,0,0.3086
1,0,41,81.6,153,1,3,0,0.6238
1,0,65,79.7,146,1,1,0,0.6344
1,0,34,91.9,35,1,1,0,0.5813
0,1,22,46.6,183,1,1,0,0.4567
0,0,47,87.4,264,0,3,0,0.1288
0,1,31,93.5,134,1,1,1,0.4813
0,0,32,45.9,17,1,3,1,0.3675
0,1,26,75.7,136,0,1,0,0.2089
0,0,31,64.2,197,0,3,0,0.0831
1,0,27,47.8,44,1,3,0,0.6104
1,0,39,68.0,78,0,2,0,0.3784
0,0,48,80.4,86,1,3,0,0.2721
1,0,30,95.5,208,1,2,0,0.6085
0,0,34,79.1,223,1,1,1,0.3908
1,1,18,92.1,252,1,1,0,0.8271
0,0,31,51.7,159,1,3,0,0.2741
0,1,61,56.6,228,0,1,0,0.244
0,0,56,98.4,194,0,1,0,0.0
1,0,52,93.8,143,0,3,0,0.4774
0,0,18,57.9,129,0,1,0,0.0381
1,0,44,79.2,40,0,1,0,0.3423
0,1,62,64.9,178,1,1,0,0.5627
1,0,39,70.8,13,1,2,0,0.6053
1,0,51,92.3,231,1,1,1,0.7374
0,0,26,85.5,26,0,3,0,0.0866
0,1,53,58.1,336,0,3,1,0.3889
0,1,65,62.4,328,0,1,0,0.2875
1,0,49,60.9,9,0,3,0,0.4257
0,0,55,87.9,348,1,3,1,0.4824
0,0,37,72.0,84,1,3,1,0.3962
1,0,44,97.3,356,0,3,1,0.5857
1,1,20,89.9,1,0,1,0,0.6347
1,1,28,56.6,206,1,3,0,0.8851
0,1,41,88.2,88,0,2,0,0.2874
0,1,46,72.8,120,1,2,0,0.4951
0,1,22,59.0,29,0,2,1,0.4162
0,1,50,65.0,8,0,1,1,0.4587
1,0,25,98.5,128,0,3,1,0.5449
1,0,36,71.6,311,0,1,1,0.5197
1,0,21,84.6,311,0,3,0,0.4579
0,1,58,71.2,203,0,3,0,0.3134
1,0,52,65.4,316,1,3,1,0.8109
0,1,47,88.8,300,1,3,1,0.6659
1,0,22,91.7,137,0,3,1,0.6252
1,1,65,49.0,144,0,1,1,0.6845
0,0,57,60.3,173,1,1,1,0.3761
1,0,55,72.9,48,1,2,0,0.5776
1,1,20,62.4,242,1,1,0,0.7767
0,0,33,88.1,89,0,2,0,0.1234
1,1,25,51.3,99,0,2,0,0.6151
0,0,62,88.9,202,1,3,1,0.3933
1,0,22,79.0,207,0,1,1,0.4349
1,0,55,60.9,92,1,1,0,0.6451
0,0,52,63.9,236,0,3,1,0.1461
0,0,25,55.1,273,1,3,0,0.2596
0,1,53,58.9,266,0,2,1,0.432
1,1,42,84.4,200,1,1,0,0.7995
1,1,25,65.7,249,1,1,1,0.9362
0,0,38,82.8,95,0,2,1,0.1651
0,1,63,73.3,225,1,2,0,0.5413
0,1,26,53.0,103,1,2,1,0.641
0,0,49,72.4,143,1,3,0,0.3851
1,0,61,86.6,136,1,2,0,0.624
1,0,30,61.4,67,0,2,1,0.4696
0,1,40,80.6,172,1,3,0,0.5224
0,1,25,55.9,1,0,2,1,0.325
1,0,52,52.5,118,1,2,1,0.7039
1,1,45,64.8,344,1,1,1,1.0
1,1,32,66.4,119,0,2,1,0.7754
1,1,46,86.9,277,1,2,1,0.9405
1,1,21,70.3,148,0,3,0,0.6652
1,0,51,49.5,329,1,2,1,0.7368
0,0,54,79.9,342,1,1,0,0.2892
0,0,41,70.8,218,1,1,0,0.2416
1,1,38,63.2,182,1,3,1,1.0
0,0,19,89.1,3,0,1,0,0.0332
0,0,24,53.5,57,1,3,1,0.3634
1,1,28,95.2,197,1,1,0,0.8826
1,0,29,63.4,25,1,1,0,0.6102
0,1,21,70.4,112,1,2,0,0.5014
1,0,52,96.1,196,0,3,0,0.3849
1,1,57,86.9,228,1,2,1,0.9455
0,0,43,49.1,359,0,3,0,0.113
0,0,35,76.8,97,1,2,1,0.2383
0,0,54,62.1,303,0,1,0,0.0704
1,1,33,73.0,199,1,2,1,0.9369
0,1,29,85.9,20,0,1,0,0.2987
1,0,58,72.3,185,1,3,1,0.7468
1,1,57,48.9,174,0,3,1,0.733
0,1,54,74.1,278,0,1,1,0.3373
0,1,36,46.3,207,1,2,1,0.6074
1,0,32,64.2,90,1,1,1,0.7532
1,0,39,71.3,262,1,2,1,0.7525
1,0,37,80.5,304,0,1,0,0.3961
1,1,60,72.8,215,0,1,0,0.6036
0,0,30,53.4,252,1,3,1,0.4672
0,0,40,96.3,354,0,2,1,0.2733
0,0,48,80.8,30,1,2,0,0.3299
0,0,43,62.4,124,0,1,1,0.1447
1,0,62,98.1,348,1,2,0,0.6874
1,0,49,93.5,195,0,1,1,0.5502
0,1,38,52.9,290,1,1,1,0.5695
0,0,34,81.0,33,0,2,0,0.1052
1,0,46,75.8,230,1,2,1,0.7865
1,0,46,55.6,14,0,1,0,0.4118
1,1,65,57.8,333,1,2,1,1.0
0,0,39,76.0,340,0,2,1,0.3167
